epoch,loss,val_loss
0,1.0575590133666992,0.5590562224388123
1,1.0289907455444336,0.535420298576355
2,1.0010483264923096,0.5111703872680664
3,0.9734336733818054,0.4873320460319519
4,0.945479691028595,0.46424323320388794
5,0.9172958135604858,0.4415138363838196
6,0.8887537121772766,0.4189485013484955
7,0.8606033325195312,0.39696431159973145
8,0.8329316973686218,0.3755974769592285
9,0.80462646484375,0.3547744154930115
10,0.7757668495178223,0.3348940312862396
11,0.7473615407943726,0.3153076171875
12,0.7197809815406799,0.29593899846076965
13,0.6916510462760925,0.2764689326286316
14,0.662802517414093,0.2570818066596985
15,0.633130669593811,0.2379414141178131
16,0.6034374237060547,0.21911902725696564
17,0.5731280446052551,0.20068025588989258
18,0.5421671271324158,0.18251393735408783
19,0.5109004378318787,0.1651609092950821
20,0.4796627461910248,0.1486678570508957
21,0.4483780860900879,0.13325528800487518
22,0.41714057326316833,0.11901702731847763
23,0.3860357403755188,0.105943962931633
24,0.35537272691726685,0.09423486888408661
25,0.3252831995487213,0.08414310961961746
26,0.29606878757476807,0.07575781643390656
27,0.2678835093975067,0.06926309317350388
28,0.24078154563903809,0.06467126309871674
29,0.21509762108325958,0.06221833825111389
30,0.19108787178993225,0.06207882612943649
31,0.16873139142990112,0.06424663960933685
32,0.1481274962425232,0.06869668513536453
33,0.12984201312065125,0.07515951246023178
34,0.11378456652164459,0.0835423693060875
35,0.09994231164455414,0.09369760006666183
36,0.08858559280633926,0.10522600263357162
37,0.07957002520561218,0.11812178790569305
38,0.07258433103561401,0.13062620162963867
39,0.06739203631877899,0.1418745219707489
40,0.06344963610172272,0.15105858445167542
41,0.06039900705218315,0.15759685635566711
42,0.05787210911512375,0.16116106510162354
43,0.05572323873639107,0.16155532002449036
44,0.053500134497880936,0.15889820456504822
45,0.0510115921497345,0.15343371033668518
46,0.0482158288359642,0.1455603390932083
47,0.04521126672625542,0.13584882020950317
48,0.04204948991537094,0.12484274804592133
49,0.038809824734926224,0.11374568939208984
50,0.035529881715774536,0.10297103971242905
51,0.03233521431684494,0.09249474108219147
52,0.029345612972974777,0.08284526318311691
53,0.02671838365495205,0.07397057861089706
54,0.02441883459687233,0.06593826413154602
55,0.02247137762606144,0.05885275453329086
56,0.020871002227067947,0.05280057340860367
57,0.01957477256655693,0.047713372856378555
58,0.01855623349547386,0.04343380779027939
59,0.017803216353058815,0.03986271098256111
60,0.01724627986550331,0.036914147436618805
61,0.016838159412145615,0.03449545055627823
62,0.016543488949537277,0.03255271166563034
63,0.01633179374039173,0.031017115339636803
64,0.01617158204317093,0.02980913780629635
65,0.01604219153523445,0.02887643873691559
66,0.01591316983103752,0.028178546577692032
67,0.01578405126929283,0.02766099013388157
68,0.015635978430509567,0.027291011065244675
69,0.015466900542378426,0.027042632922530174
70,0.015270771458745003,0.02691223844885826
71,0.015062302350997925,0.026890968903899193
72,0.01484257448464632,0.026964416727423668
73,0.014605388045310974,0.027115080505609512
74,0.014357365667819977,0.027329105883836746
75,0.01410150807350874,0.027594318613409996
76,0.013840517029166222,0.027900701388716698
77,0.01358003355562687,0.028234120458364487
78,0.013318379409611225,0.028582196682691574
79,0.013056796975433826,0.028932863846421242
80,0.012796027585864067,0.029275182634592056
81,0.012532164342701435,0.029599130153656006
82,0.012268485501408577,0.02989400364458561
83,0.01200103759765625,0.030151396989822388
84,0.011732315644621849,0.03036951646208763
85,0.011458707973361015,0.030548056587576866
86,0.01118463184684515,0.03068990632891655
87,0.01090896874666214,0.030789002776145935
88,0.010637950152158737,0.030841980129480362
89,0.010371280834078789,0.030855229124426842
90,0.010111473500728607,0.03082503005862236
91,0.009860491380095482,0.030755719169974327
92,0.009616248309612274,0.03064718469977379
93,0.009383328258991241,0.030498677864670753
94,0.009155841544270515,0.030336782336235046
95,0.008939972147345543,0.03016854263842106
96,0.008733538910746574,0.02999160625040531
97,0.008538519032299519,0.02980918250977993
98,0.00835156999528408,0.029624367132782936
99,0.008174672722816467,0.029441002756357193
100,0.008001839742064476,0.029261309653520584
101,0.007830994203686714,0.02908574603497982
102,0.007661011070013046,0.02891436591744423
103,0.007491822354495525,0.028744008392095566
104,0.007329876534640789,0.028573524206876755
105,0.007170754484832287,0.02840954065322876
106,0.00701433140784502,0.028278017416596413
107,0.006865382194519043,0.028147602453827858
108,0.006721613463014364,0.028014009818434715
109,0.0065805851481854916,0.027882179245352745
110,0.006440374068915844,0.027747999876737595
111,0.006301774177700281,0.027607765048742294
112,0.006167561747133732,0.027453890070319176
113,0.0060311355628073215,0.027291053906083107
114,0.005899010691791773,0.02711746096611023
115,0.005769234616309404,0.026931118220090866
116,0.005641428288072348,0.026731546968221664
117,0.00551625108346343,0.02651544287800789
118,0.0053941551595926285,0.02628590539097786
119,0.005276110023260117,0.026039231568574905
120,0.005158846732228994,0.025781676173210144
121,0.005044662393629551,0.025517662987113
122,0.00493414793163538,0.02524814009666443
123,0.004825395531952381,0.024973955005407333
124,0.004718467593193054,0.024695981293916702
125,0.004614659119397402,0.02440938539803028
126,0.004512115381658077,0.0241218414157629
127,0.004412779584527016,0.023835118860006332
128,0.0043166219256818295,0.023549016565084457
129,0.004220831207931042,0.023265734314918518
130,0.004127481486648321,0.02298698015511036
131,0.004037944134324789,0.02271372266113758
132,0.003950618673115969,0.022447993978857994
133,0.0038672606460750103,0.022190168499946594
134,0.003786491695791483,0.021940618753433228
135,0.0037073269486427307,0.02169964835047722
136,0.003629259765148163,0.021465707570314407
137,0.0035526722203940153,0.021238528192043304
138,0.0034776125103235245,0.021017812192440033
139,0.0034046948421746492,0.02080070972442627
140,0.0033321522641927004,0.020589502528309822
141,0.0032617487013339996,0.020383063703775406
142,0.003192497882992029,0.020180728286504745
143,0.0031255255453288555,0.01998133398592472
144,0.003061321098357439,0.01978236809372902
145,0.002995747607201338,0.019585637375712395
146,0.0029319494497030973,0.0193904060870409
147,0.002868827199563384,0.01919322833418846
148,0.0028069280087947845,0.018991049379110336
149,0.0027477198746055365,0.018783967941999435
150,0.002690010005608201,0.018572529777884483
151,0.002632102696225047,0.01835632137954235
152,0.0025759804993867874,0.01813896745443344
153,0.0025212380569428205,0.01791953667998314
154,0.0024676837492734194,0.01769718900322914
155,0.0024169189855456352,0.017472747713327408
156,0.0023672308307141066,0.01724977418780327
157,0.002320055151358247,0.017028022557497025
158,0.0022710696794092655,0.016807259991765022
159,0.0022249743342399597,0.01658674143254757
160,0.002178721595555544,0.01636612042784691
161,0.002133691217750311,0.016144977882504463
162,0.002091112779453397,0.015924083068966866
163,0.0020496915094554424,0.01570291630923748
164,0.002008651616051793,0.015481236390769482
165,0.0019691730849444866,0.015259685926139355
166,0.0019305857131257653,0.015039058402180672
167,0.0018930148798972368,0.014819870702922344
168,0.001856188871897757,0.014601576142013073
169,0.001819708733819425,0.014383653178811073
170,0.001784847816452384,0.014059795066714287
171,0.0017508950550109148,0.013752219267189503
172,0.0017180958529934287,0.013454793021082878
173,0.00168614462018013,0.013230261392891407
174,0.001655283384025097,0.013019876554608345
175,0.001625178148970008,0.012814560905098915
176,0.0015957013238221407,0.012612144462764263
177,0.0015674829483032227,0.01241576112806797
178,0.0015400329139083624,0.012226593680679798
179,0.001513304770924151,0.012044800445437431
180,0.0014868866419419646,0.011870075017213821
181,0.0014616901753470302,0.011700930073857307
182,0.0014375976752489805,0.011537553742527962
183,0.0014136729296296835,0.011378279887139797
184,0.0013907451648265123,0.011222846806049347
185,0.0013680056435987353,0.011070760898292065
186,0.0013461707858368754,0.010920638218522072
187,0.001324735814705491,0.010772962123155594
188,0.001303786295466125,0.01062911655753851
189,0.0012835041852667928,0.010489712469279766
190,0.0012643694644793868,0.010356913320720196
191,0.0012453977251425385,0.010230720043182373
192,0.0012269549770280719,0.010109789669513702
193,0.001208755886182189,0.009992224164307117
194,0.001191495219245553,0.009875891730189323
195,0.0011748963734135032,0.009758544154465199
196,0.001158659695647657,0.009639237076044083
197,0.0011426957789808512,0.009517778642475605
198,0.0011270850664004683,0.009396220557391644
199,0.0011118643451482058,0.009275580756366253
200,0.0010970851872116327,0.009156775660812855
201,0.0010827516671270132,0.00904021691530943
202,0.0010689862538129091,0.008927097544074059
203,0.0010554513428360224,0.008816496469080448
204,0.001042147632688284,0.008706971071660519
205,0.0010294466046616435,0.00859811995178461
206,0.001016896334476769,0.008487917482852936
207,0.001004882506094873,0.008376511745154858
208,0.000993019319139421,0.008264968171715736
209,0.0009813663782551885,0.008154596202075481
210,0.0009700264781713486,0.008047005161643028
211,0.0009594921721145511,0.007943806238472462
212,0.0009497596765868366,0.00784398429095745
213,0.0009402605937793851,0.0077500902116298676
214,0.0009309832821600139,0.007658223155885935
215,0.0009226934053003788,0.0075678350403904915
216,0.0009133454295806587,0.007478208281099796
217,0.0009049159707501531,0.007389473728835583
218,0.0008968462352640927,0.007302750833332539
219,0.0008891982724890113,0.00721976812928915
220,0.0008816001936793327,0.0071397507563233376
221,0.0008743319776840508,0.007061757147312164
222,0.0008672947296872735,0.0069858417846262455
223,0.0008604491013102233,0.006911799311637878
224,0.0008538243127986789,0.00684012845158577
225,0.0008473878842778504,0.0067702727392315865
226,0.0008410688606090844,0.006702603306621313
227,0.0008349535055458546,0.006636203266680241
228,0.0008289643446914852,0.006571336183696985
229,0.0008230984094552696,0.006508240010589361
230,0.0008174222894012928,0.006447845138609409
231,0.000811742793302983,0.006390280090272427
232,0.0008063049172051251,0.006334702018648386
233,0.0008009826997295022,0.006280931644141674
234,0.0007957429625093937,0.006228971760720015
235,0.0007905919919721782,0.0061784470453858376
236,0.0007856510346755385,0.00613001361489296
237,0.0007805622881278396,0.006082914303988218
238,0.0007757049170322716,0.006037524901330471
239,0.0007709176861681044,0.00599361676722765
240,0.0007662341231480241,0.0059512220323085785
241,0.0007615286158397794,0.005909583996981382
242,0.0007569398730993271,0.005869163665920496
243,0.0007523958920501173,0.005829141475260258
244,0.0007479203632101417,0.005790064577013254
245,0.0007434971048496664,0.005752150900661945
246,0.0007391624385491014,0.00571481604129076
247,0.000735187204554677,0.0056778015568852425
248,0.0007312683155760169,0.0056408727541565895
249,0.0007277560653164983,0.005604966077953577
250,0.0007236685487441719,0.005568787455558777
251,0.0007200833642855287,0.005532508250325918
252,0.0007164858980104327,0.005496528930962086
253,0.0007127149146981537,0.005460296757519245
254,0.0007089810678735375,0.005424234550446272
255,0.0007053421577438712,0.005388767458498478
256,0.0007018979522399604,0.005354860331863165
257,0.000698341871611774,0.005322371143847704
258,0.000694812391884625,0.005291189067065716
259,0.0006913171382620931,0.005260602105408907
260,0.0006878986023366451,0.005230390466749668
261,0.0006844529416412115,0.005200852639973164
262,0.0006809768965467811,0.0051716966554522514
263,0.0006774872308596969,0.005143312271684408
264,0.0006741430843248963,0.005116397049278021
265,0.0006705354317091405,0.005090130027383566
266,0.0006670929724350572,0.005064614582806826
267,0.0006636506877839565,0.005039861425757408
268,0.0006603674846701324,0.00501606147736311
269,0.0006568271783180535,0.00499325804412365
270,0.000653508584946394,0.004971730522811413
271,0.000650113623123616,0.004950805567204952
272,0.0006467717466875911,0.0049302177503705025
273,0.0006434095557779074,0.0049102879129350185
274,0.0006400574347935617,0.0048910873010754585
275,0.0006369379116222262,0.004873002413660288
276,0.0006334063946269453,0.004855487495660782
277,0.0006302475230768323,0.004838799126446247
278,0.0006268549477681518,0.004822253715246916
279,0.0006235354812815785,0.004805889446288347
280,0.0006202637450769544,0.004790002014487982
281,0.0006168315885588527,0.004774860572069883
282,0.0006135241128504276,0.004760510288178921
283,0.0006102315383031964,0.004746667109429836
284,0.000606925634201616,0.004733209498226643
285,0.0006036028498783708,0.004719945602118969
286,0.0006002896698191762,0.00470605818554759
287,0.0005969886551611125,0.004691521171480417
288,0.0005936973029747605,0.0046767583116889
289,0.0005904950085096061,0.004662390798330307
290,0.000587152608204633,0.004648040514439344
291,0.0005838897777721286,0.00463383411988616
292,0.0005806739209219813,0.004619954153895378
293,0.0005774277960881591,0.00460660457611084
294,0.000574136502109468,0.004593146964907646
295,0.0005710168043151498,0.00458032451570034
296,0.0005677322624251246,0.004567629192024469
297,0.0005645423661917448,0.00455480394884944
298,0.0005614679539576173,0.004542520269751549
299,0.0005581858567893505,0.004530536476522684
300,0.0005557799595408142,0.0045189158990979195
301,0.0005521748098544776,0.00450642267242074
302,0.0005492179188877344,0.004493006505072117
303,0.0005461764521896839,0.004479937255382538
304,0.0005428500007838011,0.004467541351914406
305,0.0005396081833168864,0.004455669317394495
306,0.0005365601973608136,0.004444860387593508
307,0.0005335466703400016,0.004435161128640175
308,0.0005304780788719654,0.004426133818924427
309,0.0005273687420412898,0.004417406395077705
310,0.0005242756451480091,0.004408534150570631
311,0.0005212884861975908,0.004399516619741917
312,0.0005182715831324458,0.004389870446175337
313,0.0005152715020813048,0.004379251506179571
314,0.0005121971480548382,0.004368231166154146
315,0.0005091149359941483,0.004357328172773123
316,0.0005061561241745949,0.004347468726336956
317,0.000503130373544991,0.004338637925684452
318,0.0005001180106773973,0.00432976521551609
319,0.0004971603048034012,0.004320591222494841
320,0.000494209467433393,0.00431105587631464
321,0.0004912387812510133,0.004301335196942091
322,0.0004888448747806251,0.004291977733373642
323,0.000485430471599102,0.004282389301806688
324,0.0004825752694159746,0.004272628575563431
325,0.00047965970588847995,0.004263000097125769
326,0.0004767475766129792,0.0042539192363619804
327,0.00047391661792062223,0.0042458754032850266
328,0.00047103146789595485,0.004238720517605543
329,0.0004682229773607105,0.004232775419950485
330,0.000465269957203418,0.004226989578455687
331,0.0004624185967259109,0.004220986273139715
332,0.00045934412628412247,0.004214561078697443
333,0.00045619759475812316,0.004207811318337917
334,0.00045301634236238897,0.004201189614832401
335,0.0004498787166085094,0.004195305984467268
336,0.00044665439054369926,0.00418978463858366
337,0.00044344752677716315,0.0041845086961984634
338,0.0004402417107485235,0.004179459996521473
339,0.00043702026596292853,0.004174014087766409
340,0.0004338126163929701,0.004168039187788963
341,0.0004305716138333082,0.004161629360169172
342,0.0004273950180504471,0.004155295435339212
343,0.00042419787496328354,0.0041494774632155895
344,0.0004208427853882313,0.004143591038882732
345,0.00041760955355130136,0.004137783776968718
346,0.0004144054255448282,0.00413254601880908
347,0.0004115914925932884,0.0041274880059063435
348,0.00040807510958984494,0.004121711011976004
349,0.0004049250273965299,0.004115165676921606
350,0.00040168649866245687,0.004108241759240627
351,0.0003984641225542873,0.004101485945284367
352,0.00039535798714496195,0.004095830023288727
353,0.0003921772295143455,0.0040908874943852425
354,0.00038897429476492107,0.004086274653673172
355,0.0003858161508105695,0.004081681836396456
356,0.00038268338539637625,0.004076908342540264
357,0.00037954928120598197,0.004071915056556463
358,0.00037640068330802023,0.004066923167556524
359,0.0003732833720277995,0.004062497057020664
360,0.0003701553796418011,0.0040582395158708096
361,0.00036710649146698415,0.0040542734786868095
362,0.0003639717469923198,0.0040504964999854565
363,0.0003608972183428705,0.004046811256557703
364,0.0003578294417820871,0.004043160937726498
365,0.00035489490255713463,0.004040266387164593
366,0.0003517931909300387,0.004036822821944952
367,0.00034881234751082957,0.004032776691019535
368,0.0003457953280303627,0.004028360825031996
369,0.00034297435195185244,0.0040243687108159065
370,0.0003399040724616498,0.00402056286111474
371,0.00033694272860884666,0.004016533028334379
372,0.0003340249531902373,0.004012708552181721
373,0.00033124120091088116,0.004009227268397808
374,0.00032824286608956754,0.004005383234471083
375,0.00032537098741158843,0.004001870285719633
376,0.0003224847314413637,0.003998080734163523
377,0.00031961544300429523,0.003994201775640249
378,0.00031675578793510795,0.003990465775132179
379,0.00031391653465107083,0.003987038508057594
380,0.0003110888064838946,0.0039840261451900005
381,0.0003082633775193244,0.003981267102062702
382,0.0003054559347219765,0.00397865567356348
383,0.0003026859776582569,0.003976034466177225
384,0.00029990379698574543,0.0039726546965539455
385,0.0002971409121528268,0.003968564327806234
386,0.00029448786517605186,0.003964773379266262
387,0.0002916291996371001,0.00396088557317853
388,0.0002889038878493011,0.00395714957267046
389,0.00028622051468119025,0.003954160027205944
390,0.00028354389360174537,0.003951662220060825
391,0.00028092454886063933,0.0039485059678554535
392,0.000278338702628389,0.003944463096559048
393,0.00027568210498429835,0.003939927089959383
394,0.0002730224223341793,0.003935571759939194
395,0.00027044102898798883,0.0039320155046880245
396,0.0002679433091543615,0.003929740749299526
397,0.00026528845774009824,0.003928131889551878
398,0.00026270022499375045,0.00392661290243268
399,0.0002601665328256786,0.003924638498574495
400,0.00025765271857380867,0.003921959083527327
401,0.00025512967840768397,0.0039187343791127205
402,0.0002526477328501642,0.003915787674486637
403,0.00025015947176143527,0.003912955056875944
404,0.0002477392554283142,0.00391076086089015
405,0.0002453012275509536,0.003908760379999876
406,0.00024293847673106939,0.003907226491719484
407,0.00024055018729995936,0.0039051161147654057
408,0.0002381925005465746,0.0039023864082992077
409,0.0002360873913858086,0.003900161711499095
410,0.00023353674623649567,0.003898101393133402
411,0.0002312337455805391,0.003895509522408247
412,0.00022893745335750282,0.0038925502449274063
413,0.00022683483257424086,0.003890160471200943
414,0.0002244492352474481,0.003888089209794998
415,0.00022227640147320926,0.003886137157678604
416,0.00022014553542248905,0.0038829022087156773
417,0.00021809805184602737,0.0038785908836871386
418,0.00021591894619632512,0.0038741505704820156
419,0.00021368141460698098,0.0038705847691744566
420,0.00021179494797252119,0.0038692113012075424
421,0.00020951734040863812,0.0038689058274030685
422,0.0002073782670777291,0.003868230851367116
423,0.00020541352569125593,0.003866699058562517
424,0.0002034475328400731,0.003863416612148285
425,0.00020137953106313944,0.0038595530204474926
426,0.00019926689856220037,0.0038553564809262753
427,0.00019723517470993102,0.003851907327771187
428,0.0001952749735210091,0.0038497881032526493
429,0.00019333102682139724,0.0038493399042636156
430,0.00019124080426990986,0.003849401604384184
431,0.00018945016199722886,0.0038491475861519575
432,0.000187548270332627,0.003848144318908453
433,0.00018557337170932442,0.003847254440188408
434,0.00018361079855822027,0.003846523119136691
435,0.000181901064934209,0.0038459983188658953
436,0.00017992928042076528,0.0038451862055808306
437,0.0001781525497790426,0.003843634622171521
438,0.0001763251202646643,0.003840757068246603
439,0.00017447888967581093,0.0038371842820197344
440,0.00017266182112507522,0.003833811730146408
441,0.00017092326015699655,0.0038316473364830017
442,0.00016910665726754814,0.003830134170129895
443,0.0001673145598033443,0.003828837303444743
444,0.00016555565525777638,0.0038272689562290907
445,0.00016381454770453274,0.00382517883554101
446,0.00016208394663408399,0.003823651699349284
447,0.00016045010124798864,0.0038215406239032745
448,0.00015874605742283165,0.003819230245426297
449,0.0001569760061101988,0.0038173876237124205
450,0.00015535633428953588,0.003816440002992749
451,0.00015381642151623964,0.003816599491983652
452,0.0001520634104963392,0.0038160670083016157
453,0.00015051201626192778,0.0038146632723510265
454,0.00014894640480633825,0.003811649512499571
455,0.00014729781833011657,0.003807793138548732
456,0.00014568881306331605,0.0038042236119508743
457,0.00014428715803660452,0.0038022701628506184
458,0.00014266447396948934,0.003801743034273386
459,0.00014108025061432272,0.0038016121834516525
460,0.0001395780564052984,0.003801054088398814
461,0.0001381094625685364,0.003799673169851303
462,0.00013667768507730216,0.0037982924841344357
463,0.0001351101091131568,0.003796858713030815
464,0.00013373364345170557,0.0037968710530549288
465,0.0001322084863204509,0.003797049866989255
466,0.00013077653420623392,0.003797150682657957
467,0.0001295528345508501,0.0037963278591632843
468,0.00012813720968551934,0.0037957169115543365
469,0.00012689331197179854,0.003796413540840149
470,0.00012565524957608432,0.0037987239193171263
471,0.0001242802682099864,0.0038006119430065155
472,0.00012307679571677,0.003800609614700079
473,0.000121900717203971,0.0037981525529175997
474,0.00012071917444700375,0.003793366253376007
475,0.00011942752462346107,0.003790613729506731
476,0.0001181712286779657,0.0037897774018347263
477,0.00011696254659909755,0.0037897296715527773
478,0.00011600968718994409,0.003789115697145462
479,0.00011469998571556062,0.0037883296608924866
480,0.00011373062443453819,0.003789242822676897
481,0.00011274775170022622,0.0037917650770395994
482,0.00011158864799654111,0.0037947192322462797
483,0.00011045268911402673,0.0037965509109199047
484,0.00010937005572486669,0.0037965700030326843
485,0.00010847370140254498,0.0037939450703561306
486,0.00010711973300203681,0.0037908093072474003
487,0.00010635626676958054,0.003790335264056921
488,0.00010556002234807238,0.003792921779677272
489,0.00010422088962513953,0.0037968598771840334
490,0.00010302576993126422,0.003798519726842642
491,0.0001021557254716754,0.003796872915700078
492,0.00010118918726220727,0.00379404379054904
493,0.00010029997065430507,0.0037913911510258913
494,9.937577124219388e-05,0.0037899452727288008
495,9.826475434238091e-05,0.0037888712249696255
496,9.721155220177025e-05,0.003787294030189514
497,9.657656482886523e-05,0.00378408539108932
498,9.556164150126278e-05,0.0037804997991770506
499,9.446938202017918e-05,0.00377836124971509
500,9.395225788466632e-05,0.003780073719099164
501,9.29080051719211e-05,0.003783751977607608
502,9.181898349197581e-05,0.0037866197526454926
503,9.110118116950616e-05,0.00378505140542984
504,9.019995195558295e-05,0.003780689788982272
505,8.918119419831783e-05,0.003776181023567915
506,8.833938045427203e-05,0.0037731570191681385
507,8.745402010390535e-05,0.0037720147520303726
508,8.677093865117058e-05,0.0037718378007411957
509,8.601631270721555e-05,0.003771371440961957
510,8.51125005283393e-05,0.0037704873830080032
511,8.420312951784581e-05,0.00377049227245152
512,8.337150211445987e-05,0.0037704515270888805
513,8.259191235993057e-05,0.003769455011934042
514,8.181334851542488e-05,0.0037664268165826797
515,8.106231689453125e-05,0.00376329873688519
516,8.033085032366216e-05,0.003760889871045947
517,7.952233136165887e-05,0.0037592314183712006
518,7.881704368628561e-05,0.00375720439478755
519,7.807158544892445e-05,0.003755071433261037
520,7.732094672974199e-05,0.0037541836500167847
521,7.660879055038095e-05,0.0037542295176535845
522,7.582273974549025e-05,0.0037535750307142735
523,7.514261233154684e-05,0.003752772929146886
524,7.444683433277532e-05,0.003751602489501238
525,7.375948189292103e-05,0.003749808296561241
526,7.30852916603908e-05,0.0037480052560567856
527,7.240977720357478e-05,0.003746358212083578
528,7.1723923610989e-05,0.0037449903320521116
529,7.117872883100063e-05,0.00374270835891366
530,7.04689446138218e-05,0.0037403826136142015
531,6.983343337196857e-05,0.003739271778613329
532,6.920593295944855e-05,0.003739143256098032
533,6.847937765996903e-05,0.003738965140655637
534,6.805694283684716e-05,0.0037371281068772078
535,6.737824151059613e-05,0.0037343825679272413
536,6.670680886600167e-05,0.0037323138676583767
537,6.617776671191677e-05,0.0037314642686396837
538,6.553732964675874e-05,0.0037312922067940235
539,6.485249468823895e-05,0.003730673808604479
540,6.451360241044313e-05,0.0037283082492649555
541,6.387123721651733e-05,0.0037250383757054806
542,6.312705954769626e-05,0.0037229564040899277
543,6.263724208110943e-05,0.0037225200794637203
544,6.202606164151803e-05,0.003722489345818758
545,6.1448008636944e-05,0.0037227694410830736
546,6.095542266848497e-05,0.003721896093338728
547,6.040711377863772e-05,0.0037204287946224213
548,5.988204065943137e-05,0.003718483494594693
549,5.9327947383280843e-05,0.003716187085956335
550,5.8850739151239395e-05,0.0037133439909666777
551,5.830898953718133e-05,0.0037109151016920805
552,5.794427124783397e-05,0.0037101698108017445
553,5.739475091104396e-05,0.0037105181254446507
554,5.67941642657388e-05,0.0037105106748640537
555,5.6557473726570606e-05,0.003708612872287631
556,5.599765427177772e-05,0.003705749288201332
557,5.54030884813983e-05,0.003703667316585779
558,5.505975423147902e-05,0.0037033867556601763
559,5.4504460422322154e-05,0.00370396813377738
560,5.40112960152328e-05,0.0037037029396742582
561,5.358810449251905e-05,0.0037022321484982967
562,5.311598215484992e-05,0.0037007778882980347
563,5.271197733236477e-05,0.0036997473798692226
564,5.227127257967368e-05,0.0036990810185670853
565,5.1787916163448244e-05,0.0036983180325478315
566,5.147754563950002e-05,0.0036965657491236925
567,5.1022205298068e-05,0.0036943857558071613
568,5.058986789663322e-05,0.0036933613009750843
569,5.017364310333505e-05,0.0036931459326297045
570,4.974820330971852e-05,0.0036925128661096096
571,4.933014861308038e-05,0.0036911475472152233
572,4.898246697848663e-05,0.003689772682264447
573,4.862513014813885e-05,0.0036884776782244444
574,4.8227539082290605e-05,0.0036870960611850023
575,4.7819521569181234e-05,0.0036853489000350237
576,4.7449364501517266e-05,0.003682789858430624
577,4.705432365881279e-05,0.0036804936826229095
578,4.677124888985418e-05,0.003679942339658737
579,4.638081736629829e-05,0.0036800510715693235
580,4.5996719563845545e-05,0.003679931629449129
581,4.571348108584061e-05,0.0036785800475627184
582,4.5297252654563636e-05,0.003676618216559291
583,4.502204683376476e-05,0.0036755497567355633
584,4.4734850234817713e-05,0.003675553249195218
585,4.432042260305025e-05,0.0036758258938789368
586,4.394870484247804e-05,0.0036749138962477446
587,4.3616353650577366e-05,0.0036727904807776213
588,4.3305481085553765e-05,0.00367080164141953
589,4.3029707740060985e-05,0.003669607685878873
590,4.268831617082469e-05,0.0036690961569547653
591,4.232026913086884e-05,0.0036685906816273928
592,4.2073457734659314e-05,0.0036671184934675694
593,4.1778796003200114e-05,0.0036652323324233294
594,4.1388087993254885e-05,0.0036636691074818373
595,4.110413647140376e-05,0.0036626956425607204
596,4.0778762922855094e-05,0.003662019968032837
597,4.05685932491906e-05,0.0036608644295483828
598,4.0266779251396656e-05,0.003659409936517477
599,3.997195017291233e-05,0.003658581990748644
600,3.9694132283329964e-05,0.003658296074718237
601,3.938648660550825e-05,0.003658005967736244
602,3.914091576007195e-05,0.0036567419301718473
603,3.885663318214938e-05,0.0036549263168126345
604,3.862453741021454e-05,0.0036538441199809313
605,3.8327932998072356e-05,0.003652942832559347
606,3.803896834142506e-05,0.0036519188433885574
607,3.779498365474865e-05,0.0036502722650766373
608,3.751943586394191e-05,0.003648885991424322
609,3.726276190718636e-05,0.003648124635219574
610,3.700517117977142e-05,0.0036476098466664553
611,3.674945037346333e-05,0.0036473944783210754
612,3.6543788155540824e-05,0.0036477274261415005
613,3.628536796895787e-05,0.003647956997156143
614,3.6039797123521566e-05,0.003647309960797429
615,3.584339719964191e-05,0.0036452380008995533
616,3.553238639142364e-05,0.0036429129540920258
617,3.5300454328535125e-05,0.0036412938497960567
618,3.507553265080787e-05,0.0036399743985384703
619,3.484963963273913e-05,0.003639037488028407
620,3.464647306827828e-05,0.003638746915385127
621,3.440082218730822e-05,0.003638580907136202
622,3.4163560485467315e-05,0.0036378626246005297
623,3.400717469048686e-05,0.003636084496974945
624,3.373726212885231e-05,0.003633931977674365
625,3.358006142661907e-05,0.0036327349953353405
626,3.3391690521966666e-05,0.003632592735812068
627,3.311508407932706e-05,0.003632760839536786
628,3.2941592507995665e-05,0.0036321189254522324
629,3.2736908906372264e-05,0.0036307640839368105
630,3.2503790862392634e-05,0.003629711689427495
631,3.233767711208202e-05,0.0036293796729296446
632,3.212025694665499e-05,0.003629476996138692
633,3.1926898373058066e-05,0.0036291503347456455
634,3.174678568029776e-05,0.003628274891525507
635,3.1528135878033936e-05,0.003627533558756113
636,3.1353687518276274e-05,0.0036271128337830305
637,3.1158109777607024e-05,0.0036267575342208147
638,3.100616959272884e-05,0.00362588232383132
639,3.082760304096155e-05,0.003624735400080681
640,3.064338307012804e-05,0.0036240059416741133
641,3.0467252145172097e-05,0.003623426426202059
642,3.02837579511106e-05,0.003622456919401884
643,3.0121809686534107e-05,0.003621390089392662
644,2.995998329424765e-05,0.003620550502091646
645,2.9796306989737786e-05,0.003619420574977994
646,2.9631821234943345e-05,0.0036184932105243206
647,2.9477601856342517e-05,0.0036178440786898136
648,2.932583993242588e-05,0.0036171204410493374
649,2.9166252716095187e-05,0.0036164552439004183
650,2.902422238548752e-05,0.0036160629242658615
651,2.8869562811451033e-05,0.003615711349993944
652,2.8724582080030814e-05,0.0036150384694337845
653,2.8594415198313072e-05,0.0036138095892965794
654,2.8429731173673645e-05,0.003612454514950514
655,2.8280835977056995e-05,0.0036113199312239885
656,2.8147867851657793e-05,0.003610410960391164
657,2.8014470444759354e-05,0.003609919920563698
658,2.788057281577494e-05,0.003609325038269162
659,2.7739737561205402e-05,0.0036085303872823715
660,2.7623045752989128e-05,0.003607959020882845
661,2.7491278160596266e-05,0.003607324091717601
662,2.7356063583283685e-05,0.0036064055748283863
663,2.7232508728047833e-05,0.0036051589995622635
664,2.7113321266369894e-05,0.0036036919336766005
665,2.6982324925484136e-05,0.0036028523463755846
666,2.6866528060054407e-05,0.003602717537432909
667,2.6733954655355774e-05,0.003602985991165042
668,2.6619609343470074e-05,0.0036029412876814604
669,2.650320493557956e-05,0.003602541284635663
670,2.6394391170470044e-05,0.003601714503020048
671,2.6280502424924634e-05,0.0036003836430609226
672,2.6178600819548592e-05,0.0035993203055113554
673,2.606243288028054e-05,0.0035985056310892105
674,2.5944056687876582e-05,0.003597540780901909
675,2.583231616881676e-05,0.0035964730195701122
676,2.5741046556504443e-05,0.0035957142245024443
677,2.5638131774030626e-05,0.0035951833706349134
678,2.5531495339237154e-05,0.0035946995485574007
679,2.543325535953045e-05,0.0035936925560235977
680,2.5327981347800232e-05,0.0035926313139498234
681,2.5229961465811357e-05,0.0035918783396482468
682,2.5131055735982955e-05,0.0035911824088543653
683,2.5039369575097226e-05,0.0035908601712435484
684,2.494131877028849e-05,0.003590567037463188
685,2.48512424150249e-05,0.003590353298932314
686,2.4757060600677505e-05,0.0035899095237255096
687,2.4681405193405226e-05,0.003588890191167593
688,2.457706978020724e-05,0.0035877495538443327
689,2.4493569071637467e-05,0.003586764680221677
690,2.4408134777331725e-05,0.0035858049523085356
691,2.431988286843989e-05,0.00358494371175766
692,2.4243516236310825e-05,0.0035843676887452602
693,2.4156342988135293e-05,0.003583801444619894
694,2.407507417956367e-05,0.0035829865373671055
695,2.4001934434636496e-05,0.003581807715818286
696,2.391402995272074e-05,0.0035809881519526243
697,2.3834920284571126e-05,0.0035806316882371902
698,2.3759017494739965e-05,0.003580235643312335
699,2.3680131562286988e-05,0.0035797921009361744
700,2.3604372472618707e-05,0.0035795127041637897
701,2.3532662453362718e-05,0.003579260315746069
702,2.3458600480807945e-05,0.0035787809174507856
703,2.338761078135576e-05,0.0035778447054326534
704,2.3310742108151317e-05,0.0035769622772932053
705,2.3239696020027623e-05,0.0035761662293225527
706,2.3169039195636287e-05,0.003575280774384737
707,2.3098507881513797e-05,0.0035745371133089066
708,2.3033659090287983e-05,0.003573791356757283
709,2.2968248231336474e-05,0.0035731450188905
710,2.290113116032444e-05,0.0035723831970244646
711,2.283471440023277e-05,0.003571467474102974
712,2.277222665725276e-05,0.003570356871932745
713,2.2710475604981184e-05,0.0035695855040103197
714,2.264547765662428e-05,0.003569080028682947
715,2.258495987916831e-05,0.003568510990589857
716,2.252104604849592e-05,0.003567878622561693
717,2.2461941625806503e-05,0.003567442297935486
718,2.240423964394722e-05,0.0035671559162437916
719,2.2341799194691703e-05,0.003566798521205783
720,2.2282438294496387e-05,0.0035662208683788776
721,2.2231795810512267e-05,0.003565308405086398
722,2.2167610950418748e-05,0.0035644234158098698
723,2.2124560928205028e-05,0.0035641477443277836
724,2.2060028641135432e-05,0.0035641733556985855
725,2.2016112779965624e-05,0.0035638492554426193
726,2.1979769371682778e-05,0.003563250182196498
727,2.1940672013442963e-05,0.003562546567991376
728,2.190245322708506e-05,0.003562037367373705
729,2.1865298549528234e-05,0.003561820136383176
730,2.1837131498614326e-05,0.0035615277010947466
731,2.180198862333782e-05,0.003561123041436076
732,2.176064663217403e-05,0.0035606820601969957
733,2.172985659854021e-05,0.0035604778677225113
734,2.1692534573958255e-05,0.0035601984709501266
735,2.1657964680343866e-05,0.003559571923688054
736,2.162644886993803e-05,0.0035585244186222553
737,2.158808274543844e-05,0.0035573444329202175
738,2.155268521164544e-05,0.0035563695710152388
739,2.152401975763496e-05,0.003555682022124529
740,2.14938245335361e-05,0.003555400762706995
741,2.1457133698277175e-05,0.0035553660709410906
742,2.1425652448670007e-05,0.0035551388282328844
743,2.139437128789723e-05,0.0035546962171792984
744,2.136402872565668e-05,0.0035540410317480564
745,2.1334373741410673e-05,0.003553281305357814
746,2.1304422261891887e-05,0.003552553476765752
747,2.12728282349417e-05,0.0035519148223102093
748,2.1242016373435035e-05,0.003551333677023649
749,2.1217181711108424e-05,0.0035506654530763626
750,2.1187550373724662e-05,0.003550032153725624
751,2.1159803509362973e-05,0.0035496882628649473
752,2.1131816538400017e-05,0.0035495427437126637
753,2.1101883248775266e-05,0.003549329238012433
754,2.1078669306007214e-05,0.0035487678833305836
755,2.1048326743766665e-05,0.0035481296945363283
756,2.1022255168645643e-05,0.003547602565959096
757,2.0996711100451648e-05,0.003547258209437132
758,2.0969560864614323e-05,0.0035469781141728163
759,2.0944306015735492e-05,0.003546550404280424
760,2.091790156555362e-05,0.003546119900420308
761,2.0893941837130114e-05,0.0035457410849630833
762,2.086920358124189e-05,0.0035453818272799253
763,2.08468936762074e-05,0.003544918494299054
764,2.08209876291221e-05,0.003544508246704936
765,2.079753357975278e-05,0.0035441555082798004
766,2.0773959477082826e-05,0.003543734084814787
767,2.0751234842464328e-05,0.003543372731655836
768,2.0728455638163723e-05,0.003543031867593527
769,2.0705567294498906e-05,0.003542668418958783
770,2.0683412003563717e-05,0.0035422262735664845
771,2.066119122901e-05,0.003541791345924139
772,2.0639530703192577e-05,0.00354134407825768
773,2.0619050701498054e-05,0.0035411124117672443
774,2.059769212792162e-05,0.0035409703850746155
775,2.0575564121827483e-05,0.0035407287068665028
776,2.055772529274691e-05,0.0035401906352490187
777,2.0534032955765724e-05,0.0035395503509789705
778,2.051465526164975e-05,0.0035389673430472612
779,2.0495237549766898e-05,0.003538483288139105
780,2.0474461052799597e-05,0.0035380024928599596
781,2.0455046978895552e-05,0.0035373829305171967
782,2.0435738406376913e-05,0.0035367608070373535
783,2.0416779079823755e-05,0.0035362138878554106
784,2.039767241512891e-05,0.003535731928423047
785,2.0378669432830065e-05,0.003535287920385599
786,2.0360657799756154e-05,0.0035348061937838793
787,2.034335193457082e-05,0.003534449962899089
788,2.0324368961155415e-05,0.0035341617185622454
789,2.0306650185375474e-05,0.003533892799168825
790,2.0289709937060252e-05,0.003533594310283661
791,2.0272065739845857e-05,0.0035332744009792805
792,2.025390313065145e-05,0.003532958682626486
793,2.023718843702227e-05,0.003532674163579941
794,2.0220981241436675e-05,0.0035324946511536837
795,2.0203893654979765e-05,0.003532343078404665
796,2.0187155314488336e-05,0.003532085567712784
797,2.0172585209365934e-05,0.003531556110829115
798,2.0154364392510615e-05,0.0035309740342199802
799,2.013852099480573e-05,0.0035304769407957792
800,2.0123261492699385e-05,0.0035301423631608486
801,2.0106426745769568e-05,0.0035298157017678022
802,2.009071977226995e-05,0.0035294026602059603
803,2.007557122851722e-05,0.003528859931975603
804,2.006040267588105e-05,0.0035284284967929125
805,2.0045070414198563e-05,0.0035281323362141848
806,2.002923247346189e-05,0.003527894616127014
807,2.0014316760352813e-05,0.0035275984555482864
808,1.9999755750177428e-05,0.0035272245295345783
809,1.9984296159236692e-05,0.0035267986822873354
810,1.9969422282883897e-05,0.003526418935507536
811,1.9955437892349437e-05,0.0035261220764368773
812,1.9940720449085347e-05,0.003525929991155863
813,1.9925812011933886e-05,0.003525734646245837
814,1.9912329662474804e-05,0.0035254149697721004
815,1.9897857782780193e-05,0.003524941625073552
816,1.988332405744586e-05,0.0035244193859398365
817,1.986978531931527e-05,0.003523948136717081
818,1.98555389943067e-05,0.0035235644318163395
819,1.984136542887427e-05,0.003523245919495821
820,1.9828508811770007e-05,0.0035228680353611708
821,1.981401874218136e-05,0.0035224859602749348
822,1.9800476366071962e-05,0.003522144630551338
823,1.9787268684012815e-05,0.0035218712873756886
824,1.97741283045616e-05,0.003521603997796774
825,1.9760478608077392e-05,0.0035212929360568523
826,1.9747361875488423e-05,0.003520957427099347
827,1.9734183297259733e-05,0.0035206296015530825
828,1.9721523131011054e-05,0.003520386992022395
829,1.970817356777843e-05,0.003520210739225149
830,1.9695467926794663e-05,0.003519991412758827
831,1.9682485799421556e-05,0.0035197429824620485
832,1.967010393855162e-05,0.003519455436617136
833,1.9657109078252688e-05,0.003519142745062709
834,1.9644543499452993e-05,0.0035188018810003996
835,1.963223076018039e-05,0.0035184244625270367
836,1.9619901650003158e-05,0.0035180491395294666
837,1.9607530703069642e-05,0.0035176873207092285
838,1.9595321646193042e-05,0.0035172966308891773
839,1.958316170203034e-05,0.0035169157199561596
840,1.9570745280361734e-05,0.003516503842547536
841,1.9558519852580503e-05,0.0035161145497113466
842,1.9546234398148954e-05,0.003515769960358739
843,1.9534436432877555e-05,0.0035155010409653187
844,1.952221464307513e-05,0.0035153054632246494
845,1.9510704078129493e-05,0.003515085903927684
846,1.9498706024023704e-05,0.0035148276947438717
847,1.948679710039869e-05,0.003514567855745554
848,1.947516284417361e-05,0.003514352487400174
849,1.9463252101559192e-05,0.0035141792614012957
850,1.9451676052995026e-05,0.003513975767418742
851,1.9440005416981876e-05,0.003513740375638008
852,1.942934250109829e-05,0.003513447241857648
853,1.9416931536397897e-05,0.0035130910109728575
854,1.9405351849854924e-05,0.0035126942675560713
855,1.939418143592775e-05,0.0035123073030263186
856,1.9382714526727796e-05,0.003511950373649597
857,1.9371034795767628e-05,0.003511571791023016
858,1.9359649741090834e-05,0.0035112190525978804
859,1.9348857676959597e-05,0.0035108602605760098
860,1.9337216144776903e-05,0.003510472597554326
861,1.9326254914631136e-05,0.003510100767016411
862,1.931523729581386e-05,0.0035097673535346985
863,1.930405960592907e-05,0.0035094930790364742
864,1.929307654791046e-05,0.003509232308715582
865,1.9281957065686584e-05,0.0035089501179754734
866,1.927093035192229e-05,0.0035086553543806076
867,1.9259878172306344e-05,0.0035083736293017864
868,1.924966818478424e-05,0.0035081475507467985
869,1.9238117602071725e-05,0.0035079275257885456
870,1.9227518350817263e-05,0.003507648827508092
871,1.9216844520997256e-05,0.003507372457534075
872,1.920616523420904e-05,0.0035070939920842648
873,1.919541864481289e-05,0.0035068695433437824
874,1.9184881239198148e-05,0.003506658598780632
875,1.9174080080119893e-05,0.0035064152907580137
876,1.9163586330250837e-05,0.003506127279251814
877,1.9152857930748723e-05,0.0035057938657701015
878,1.9142007658956572e-05,0.0035054939799010754
879,1.9131201042910106e-05,0.003505230648443103
880,1.9120607248623855e-05,0.0035049866419285536
881,1.9109804270556197e-05,0.003504724707454443
882,1.9099194105365314e-05,0.003504473017528653
883,1.90882601600606e-05,0.003504199208691716
884,1.9077537217526697e-05,0.0035039137583225965
885,1.9067334505962208e-05,0.003503672080114484
886,1.9056436940445565e-05,0.00350339082069695
887,1.904597411339637e-05,0.0035030446015298367
888,1.9035505829378963e-05,0.0035026706755161285
889,1.902544499898795e-05,0.0035023558884859085
890,1.9014903955394402e-05,0.0035020667128264904
891,1.9004528439836577e-05,0.003501772414892912
892,1.8994252968695946e-05,0.0035015209577977657
893,1.8983910194947384e-05,0.0035012890584766865
894,1.897344736789819e-05,0.0035010776482522488
895,1.8963159163831733e-05,0.003500883001834154
896,1.895281639008317e-05,0.0035006918478757143
897,1.8942393580800854e-05,0.0035004769451916218
898,1.8931968952529132e-05,0.0035002422519028187
899,1.8922684830613434e-05,0.003500012680888176
900,1.8911512597696856e-05,0.003499771701171994
901,1.8901690054917708e-05,0.0034994606394320726
902,1.88917856576154e-05,0.003499116748571396
903,1.888158658402972e-05,0.00349879777058959
904,1.8871873180614784e-05,0.003498551668599248
905,1.8861423086491413e-05,0.0034983735531568527
906,1.8851485947379842e-05,0.003498175647109747
907,1.8841503333533183e-05,0.003497932106256485
908,1.8831246052286588e-05,0.0034976606257259846
909,1.882124342955649e-05,0.0034974049776792526
910,1.8810858819051646e-05,0.0034971877466887236
911,1.8800617908709683e-05,0.0034969591069966555
912,1.879040792118758e-05,0.003496696474030614
913,1.8780274331220426e-05,0.003496402408927679
914,1.8769849702948704e-05,0.0034961081109941006
915,1.8759779777610675e-05,0.0034958762116730213
916,1.874972258519847e-05,0.0034956783056259155
917,1.873971450550016e-05,0.003495426382869482
918,1.872971552074887e-05,0.0034951497800648212
919,1.871981112344656e-05,0.0034949027467519045
920,1.8709984942688607e-05,0.003494641976431012
921,1.8700189684750512e-05,0.0034943758510053158
922,1.8690177967073396e-05,0.003494099946692586
923,1.868015169748105e-05,0.0034938291646540165
924,1.8670503777684644e-05,0.003493590746074915
925,1.8660553905647248e-05,0.0034933756105601788
926,1.8650611309567466e-05,0.0034931781701743603
927,1.8640397684066556e-05,0.0034929984249174595
928,1.8630598788149655e-05,0.0034928452223539352
929,1.8621158233145252e-05,0.0034927153028547764
930,1.861062992247753e-05,0.0034925329964607954
931,1.860087832028512e-05,0.0034922994673252106
932,1.859085023170337e-05,0.003492044284939766
933,1.8581033145892434e-05,0.0034917953889817
934,1.857131064753048e-05,0.0034915688447654247
935,1.8561670003691688e-05,0.003491285489872098
936,1.855208756751381e-05,0.003490953240543604
937,1.8542337784310803e-05,0.0034906179644167423
938,1.8532653484726325e-05,0.0034903455525636673
939,1.8522810933063738e-05,0.0034901525359600782
940,1.851278284448199e-05,0.0034900258760899305
941,1.850302032835316e-05,0.0034898524172604084
942,1.8493185052648187e-05,0.0034896295983344316
943,1.8483397070667706e-05,0.0034894165582954884
944,1.847424755396787e-05,0.0034892577677965164
945,1.8463875676388852e-05,0.003489062190055847
946,1.8454191376804374e-05,0.0034887969959527254
947,1.8444374290993437e-05,0.003488489193841815
948,1.8434540834277868e-05,0.0034881881438195705
949,1.8424936570227146e-05,0.0034879674203693867
950,1.8415306840324774e-05,0.003487746696919203
951,1.8405877199256793e-05,0.0034874980337917805
952,1.8396471205051057e-05,0.0034872416872531176
953,1.8386757801636122e-05,0.0034870668314397335
954,1.8377177184447646e-05,0.0034869301598519087
955,1.836732008086983e-05,0.0034867983777076006
956,1.8357430235482752e-05,0.0034866277128458023
957,1.8347835066379048e-05,0.003486397210508585
958,1.8338003428652883e-05,0.003486157162114978
959,1.832915222621523e-05,0.003485963214188814
960,1.8318674847250804e-05,0.0034857511054724455
961,1.8309252482140437e-05,0.003485495690256357
962,1.8299808289157227e-05,0.0034852181561291218
963,1.8290014850208536e-05,0.0034849774092435837
964,1.8280548829352483e-05,0.003484802320599556
965,1.8271157387061976e-05,0.00348462862893939
966,1.8261778677697293e-05,0.0034844093024730682
967,1.8252449081046507e-05,0.0034841657616198063
968,1.8242815713165328e-05,0.003483963431790471
969,1.8233296941616572e-05,0.0034838009160012007
970,1.8223679944640025e-05,0.0034836444538086653
971,1.821416663005948e-05,0.0034834276884794235
972,1.8204411389888264e-05,0.00348317320458591
973,1.8195069060311653e-05,0.0034829217474907637
974,1.818589589674957e-05,0.0034827380441129208
975,1.8175855075241998e-05,0.0034825478214770555
976,1.8166476365877315e-05,0.0034823152236640453
977,1.8156817532144487e-05,0.0034820765722543
978,1.814745155570563e-05,0.0034819156862795353
979,1.813792005123105e-05,0.003481802064925432
980,1.8128648662241176e-05,0.0034816376864910126
981,1.811957554309629e-05,0.00348139856941998
982,1.8109989468939602e-05,0.003481133608147502
983,1.8100758097716607e-05,0.00348089262843132
984,1.809115565265529e-05,0.0034807014744728804
985,1.808186061680317e-05,0.003480505896732211
986,1.8072318198392168e-05,0.003480280516669154
987,1.8062699382426217e-05,0.003480031620711088
988,1.805329702619929e-05,0.003479809034615755
989,1.8044685930362903e-05,0.003479665843769908
990,1.8034381355391815e-05,0.003479544771835208
991,1.8025224562734365e-05,0.0034793750382959843
992,1.8015723981079645e-05,0.003479167353361845
993,1.8006485333899036e-05,0.0034789673518389463
994,1.799735582608264e-05,0.003478818107396364
995,1.7988155377679504e-05,0.0034786101896315813
996,1.7979004041990265e-05,0.003478334052488208
997,1.796956712496467e-05,0.003478048834949732
998,1.7960115656023845e-05,0.0034778204280883074
999,1.7951068002730608e-05,0.003477663267403841
1000,1.794169111235533e-05,0.0034775198437273502
1001,1.7932356058736332e-05,0.0034773447550833225
1002,1.792271541489754e-05,0.0034771517384797335
1003,1.7913325791596435e-05,0.0034769971389323473
1004,1.7904574633575976e-05,0.0034769054036587477
1005,1.789479938452132e-05,0.003476786194369197
1006,1.7885793567984365e-05,0.0034765980672091246
1007,1.7876431229524314e-05,0.0034763705916702747
1008,1.7867099813884124e-05,0.003476158482953906
1009,1.7857970306067728e-05,0.003475956153124571
1010,1.7849493815447204e-05,0.0034757964313030243
1011,1.7839731299318373e-05,0.003475555684417486
1012,1.7830749129643664e-05,0.00347526790574193
1013,1.7821654182625934e-05,0.0034750173799693584
1014,1.781232640496455e-05,0.003474860917776823
1015,1.780295315256808e-05,0.003474801080301404
1016,1.7794158338801935e-05,0.003474719822406769
1017,1.7784730516723357e-05,0.0034745619632303715
1018,1.7775562810129486e-05,0.003474397584795952
1019,1.7766398741514422e-05,0.003474198980256915
1020,1.7757582099875435e-05,0.003474003402516246
1021,1.774806878529489e-05,0.003473816439509392
1022,1.7739201211952604e-05,0.003473627148196101
1023,1.772999166860245e-05,0.0034734259825199842
1024,1.772101313690655e-05,0.0034732059575617313
1025,1.7711896362015978e-05,0.0034730099141597748
1026,1.770324342942331e-05,0.0034728585742413998
1027,1.7693677364150062e-05,0.003472688375040889
1028,1.7684689737507142e-05,0.003472521435469389
1029,1.7675589333521202e-05,0.003472368698567152
1030,1.7666568965069018e-05,0.003472246928140521
1031,1.7657323041930795e-05,0.0034721363335847855
1032,1.764827175065875e-05,0.0034719917457550764
1033,1.763965337886475e-05,0.0034718248061835766
1034,1.7630318325245753e-05,0.0034715880174189806
1035,1.762134888849687e-05,0.0034713230561465025
1036,1.7612717783777043e-05,0.0034711051266640425
1037,1.7603433661861345e-05,0.003470956813544035
1038,1.759441329340916e-05,0.003470825497061014
1039,1.7585218301974237e-05,0.0034706746228039265
1040,1.757633435772732e-05,0.0034704995341598988
1041,1.7567832401255146e-05,0.0034704147838056087
1042,1.7558253603056073e-05,0.0034703146666288376
1043,1.754929508024361e-05,0.0034701742697507143
1044,1.75405693880748e-05,0.0034700087271630764
1045,1.7531594494357705e-05,0.0034698457457125187
1046,1.752277785271872e-05,0.0034696715883910656
1047,1.75137392943725e-05,0.0034694981295615435
1048,1.7504666175227612e-05,0.003469328163191676
1049,1.7495936845079996e-05,0.0034691051114350557
1050,1.748687463987153e-05,0.0034688760060817003
1051,1.7478105291957036e-05,0.003468696493655443
1052,1.746929410728626e-05,0.0034685719292610884
1053,1.746025009197183e-05,0.0034685104619711637
1054,1.7451451640226878e-05,0.003468393115326762
1055,1.7442402167944238e-05,0.0034682222176343203
1056,1.743319080560468e-05,0.003468089271336794
1057,1.7424759789719246e-05,0.0034679328091442585
1058,1.7415772163076326e-05,0.003467752132564783
1059,1.7407199266017415e-05,0.003467546310275793
1060,1.739809158607386e-05,0.0034673474729061127
1061,1.7389387721777894e-05,0.0034671607427299023
1062,1.7380389181198552e-05,0.003466987982392311
1063,1.7371592548443004e-05,0.003466819878667593
1064,1.7363225197186694e-05,0.003466703463345766
1065,1.7353939256281592e-05,0.0034665600396692753
1066,1.7345204469165765e-05,0.00346643989905715
1067,1.7336340533802286e-05,0.0034663211554288864
1068,1.7327631212538108e-05,0.0034662194084376097
1069,1.7318732716375962e-05,0.003466109512373805
1070,1.7309725080849603e-05,0.0034659565426409245
1071,1.7301401385338977e-05,0.003465787274762988
1072,1.7292817574343644e-05,0.003465567948296666
1073,1.728422284941189e-05,0.0034653369802981615
1074,1.7275693608098663e-05,0.003465156303718686
1075,1.726707887428347e-05,0.0034650233574211597
1076,1.725844049360603e-05,0.0034649085719138384
1077,1.7249834854737855e-05,0.0034647632855921984
1078,1.7241109162569046e-05,0.0034645989071577787
1079,1.7232439859071746e-05,0.0034644820261746645
1080,1.7224181647179648e-05,0.003464361187070608
1081,1.7215403204318136e-05,0.0034642242826521397
1082,1.7207185010192916e-05,0.0034640871454030275
1083,1.719857937132474e-05,0.0034639667719602585
1084,1.7189948266604915e-05,0.00346383941359818
1085,1.718132807582151e-05,0.003463712055236101
1086,1.717278610158246e-05,0.0034635544288903475
1087,1.7164786186185665e-05,0.0034634568728506565
1088,1.7155869500129484e-05,0.0034633134491741657
1089,1.7147471226053312e-05,0.0034631495364010334
1090,1.7139027477242053e-05,0.0034629986621439457
1091,1.7130752894445322e-05,0.0034628678113222122
1092,1.71219689946156e-05,0.0034627343993633986
1093,1.7113570720539428e-05,0.00346255861222744
1094,1.7105176084442064e-05,0.003462374908849597
1095,1.7096954252338037e-05,0.003462153021246195
1096,1.7088674212573096e-05,0.0034619260113686323
1097,1.7080321413232014e-05,0.0034617551136761904
1098,1.7071954061975703e-05,0.003461639629676938
1099,1.7063623090507463e-05,0.0034615390468388796
1100,1.705525573925115e-05,0.0034614175092428923
1101,1.7046870198100805e-05,0.0034612822346389294
1102,1.7038186342688277e-05,0.003461170243099332
1103,1.7031023162417114e-05,0.0034611199516803026
1104,1.702179179119412e-05,0.003461044980213046
1105,1.701419569144491e-05,0.0034608584828674793
1106,1.7005713743856177e-05,0.003460642648860812
1107,1.6997972124954686e-05,0.003460496198385954
1108,1.6989841242320836e-05,0.0034604202955961227
1109,1.698166124697309e-05,0.0034603390377014875
1110,1.6973577658063732e-05,0.0034601837396621704
1111,1.6965073882602155e-05,0.0034600000362843275
1112,1.6957055777311325e-05,0.0034598715137690306
1113,1.6948795746429823e-05,0.0034598149359226227
1114,1.6940368368523195e-05,0.0034597679041326046
1115,1.6931975551415235e-05,0.0034596652258187532
1116,1.692394471319858e-05,0.003459526225924492
1117,1.691556281002704e-05,0.0034593765158206224
1118,1.6907260942389257e-05,0.003459243569523096
1119,1.6898738977033645e-05,0.003459132742136717
1120,1.6891037375899032e-05,0.0034590004943311214
1121,1.6882513591554016e-05,0.0034587946720421314
1122,1.6874399079824798e-05,0.0034585087560117245
1123,1.6866337318788283e-05,0.0034582726657390594
1124,1.6858572053024545e-05,0.003458165330812335
1125,1.6850226529641077e-05,0.003458117600530386
1126,1.6842346667544916e-05,0.003458034247159958
1127,1.6834554116940126e-05,0.0034578784834593534
1128,1.6826259525259957e-05,0.003457745537161827
1129,1.6818030417198315e-05,0.0034576922189444304
1130,1.6809715816634707e-05,0.003457695944234729
1131,1.680128843872808e-05,0.0034576822072267532
1132,1.679329216131009e-05,0.0034575897734612226
1133,1.6785172192612663e-05,0.0034574600867927074
1134,1.67768812389113e-05,0.0034573827870190144
1135,1.6770403817645274e-05,0.003457334591075778
1136,1.676188549026847e-05,0.003457156475633383
1137,1.6754454918554984e-05,0.003456834703683853
1138,1.6746926121413708e-05,0.0034565727692097425
1139,1.6739864804549143e-05,0.003456494538113475
1140,1.6731766663724557e-05,0.0034565161913633347
1141,1.67245052580256e-05,0.0034564633388072252
1142,1.671681457082741e-05,0.0034563024528324604
1143,1.6708723705960438e-05,0.0034561599604785442
1144,1.6702309949323535e-05,0.0034561839420348406
1145,1.6693451470928267e-05,0.0034562530927360058
1146,1.6686339222360402e-05,0.0034561660140752792
1147,1.66787976922933e-05,0.003455940168350935
1148,1.6670785043970682e-05,0.003455761121585965
1149,1.666359275986906e-05,0.003455742495134473
1150,1.6656693333061412e-05,0.003455772530287504
1151,1.6649188182782382e-05,0.0034556493628770113
1152,1.6641357433400117e-05,0.003455300349742174
1153,1.6633406630717218e-05,0.0034549522679299116
1154,1.662661998125259e-05,0.003454785794019699
1155,1.6618676454527304e-05,0.003454734804108739
1156,1.6611007595201954e-05,0.0034546065144240856
1157,1.6603542462689802e-05,0.0034543562214821577
1158,1.659508234297391e-05,0.003454121993854642
1159,1.6587688151048496e-05,0.003454029094427824
1160,1.6581256204517558e-05,0.0034541033674031496
1161,1.6573010725551285e-05,0.0034541126806288958
1162,1.6565612895647064e-05,0.0034538940526545048
1163,1.655718733672984e-05,0.003453620243817568
1164,1.655185769777745e-05,0.0034535392187535763
1165,1.6544012396479957e-05,0.003453599289059639
1166,1.6535808754269965e-05,0.003453532699495554
1167,1.6528787455172278e-05,0.0034532942809164524
1168,1.652074934099801e-05,0.0034530884586274624
1169,1.6513960872543976e-05,0.0034530828706920147
1170,1.65063302119961e-05,0.0034532067365944386
1171,1.6498435797984712e-05,0.0034532430581748486
1172,1.6491136193508282e-05,0.003453128505498171
1173,1.6484269508509897e-05,0.0034530148841440678
1174,1.647632416279521e-05,0.0034529671538621187
1175,1.6468538888148032e-05,0.003452898235991597
1176,1.64612374646822e-05,0.003452754346653819
1177,1.6454345313832164e-05,0.0034525946248322725
1178,1.6446831068606116e-05,0.0034524365328252316
1179,1.643942596274428e-05,0.0034522421192377806
1180,1.6432342818006873e-05,0.0034520861227065325
1181,1.6425237845396623e-05,0.003451970871537924
1182,1.6418078303104267e-05,0.003451890777796507
1183,1.641046219447162e-05,0.003451793920248747
1184,1.6403078916482627e-05,0.0034516644664108753
1185,1.639540096221026e-05,0.0034515317529439926
1186,1.638820322114043e-05,0.0034514684230089188
1187,1.638049798202701e-05,0.003451406955718994
1188,1.6373300240957178e-05,0.0034512304700911045
1189,1.6366120689781383e-05,0.0034510144032537937
1190,1.6359121218556538e-05,0.003450905904173851
1191,1.6351656086044386e-05,0.0034508020617067814
1192,1.6344498362741433e-05,0.0034506600350141525
1193,1.6337256965925917e-05,0.0034505065996199846
1194,1.6329915524693206e-05,0.003450315911322832
1195,1.6322770534316078e-05,0.003450161311775446
1196,1.631566738069523e-05,0.0034500942565500736
1197,1.6308122212649323e-05,0.0034500588662922382
1198,1.6300560673698783e-05,0.0034500129986554384
1199,1.6293386579491198e-05,0.0034499759785830975
1200,1.6286070604110137e-05,0.0034499254543334246
1201,1.6278940165648237e-05,0.0034497990272939205
1202,1.6272233551717363e-05,0.0034497149754315615
1203,1.6264744772342965e-05,0.0034496181178838015
1204,1.6257870811386965e-05,0.003449504729360342
1205,1.6250607586698607e-05,0.0034493759740144014
1206,1.6243697245954536e-05,0.0034492849372327328
1207,1.6236421288340352e-05,0.0034491675905883312
1208,1.6228907043114305e-05,0.0034490362741053104
1209,1.622207673790399e-05,0.0034489508252590895
1210,1.6214517017942853e-05,0.003448911476880312
1211,1.6206966392928734e-05,0.0034488695673644543
1212,1.620109469513409e-05,0.003448873059824109
1213,1.619360045879148e-05,0.0034487913362681866
1214,1.6185604181373492e-05,0.0034486115910112858
1215,1.6179654267034493e-05,0.0034484625793993473
1216,1.617239831830375e-05,0.003448368515819311
1217,1.6164887711056508e-05,0.003448192495852709
1218,1.615818837308325e-05,0.0034479466266930103
1219,1.6151301679201424e-05,0.0034477286972105503
1220,1.6144173059728928e-05,0.003447628114372492
1221,1.6136831618496217e-05,0.0034475899301469326
1222,1.6129735740832984e-05,0.0034475340507924557
1223,1.6122368833748624e-05,0.003447431605309248
1224,1.6116309780045412e-05,0.003447380382567644
1225,1.6108944691950455e-05,0.0034473594278097153
1226,1.6101053915917873e-05,0.003447242546826601
1227,1.6093632439151406e-05,0.003447083756327629
1228,1.6087995390989818e-05,0.003446983639150858
1229,1.6080828572739847e-05,0.0034468858502805233
1230,1.6073076039901935e-05,0.003446696326136589
1231,1.606642035767436e-05,0.003446458373218775
1232,1.6059288100223057e-05,0.0034462984185665846
1233,1.6052350474637933e-05,0.003446253016591072
1234,1.604503449925687e-05,0.0034462381154298782
1235,1.6038044122979045e-05,0.0034461680334061384
1236,1.603204509592615e-05,0.003446129383519292
1237,1.6024194337660447e-05,0.0034461047034710646
1238,1.6016743757063523e-05,0.003446017624810338
1239,1.600974974280689e-05,0.003445921465754509
1240,1.600445648364257e-05,0.003445881884545088
1241,1.5997055015759543e-05,0.0034458511509001255
1242,1.5989669918781146e-05,0.003445677924901247
1243,1.5982732293196023e-05,0.003445453941822052
1244,1.5975874703144655e-05,0.0034453265834599733
1245,1.5969020751072094e-05,0.0034452825784683228
1246,1.596184665686451e-05,0.003445212496444583
1247,1.5954570699250326e-05,0.0034450467210263014
1248,1.5948320651659742e-05,0.0034449126105755568
1249,1.5941037418087944e-05,0.0034448399674147367
1250,1.5933521353872493e-05,0.003444726811721921
1251,1.592677836015355e-05,0.003444584785029292
1252,1.5921150406938978e-05,0.003444493981078267
1253,1.591402178746648e-05,0.0034444150514900684
1254,1.5906476619420573e-05,0.003444237634539604
1255,1.589954990777187e-05,0.0034440383315086365
1256,1.589297244208865e-05,0.0034439172595739365
1257,1.588603663549293e-05,0.003443879308179021
1258,1.5879104466876015e-05,0.003443844150751829
1259,1.5871826690272428e-05,0.0034437626600265503
1260,1.586602047609631e-05,0.003443706315010786
1261,1.5858851838856936e-05,0.003443679539486766
1262,1.585081554367207e-05,0.0034436010755598545
1263,1.5844529116293415e-05,0.0034435323905199766
1264,1.5837658793316223e-05,0.0034434241242706776
1265,1.583085031597875e-05,0.0034433056134730577
1266,1.5824076399439946e-05,0.003443218069151044
1267,1.5817571693332866e-05,0.00344308209605515
1268,1.581078140588943e-05,0.0034429370425641537
1269,1.580370735609904e-05,0.0034428376238793135
1270,1.579677700647153e-05,0.0034427971113473177
1271,1.5790355973877013e-05,0.003442800836637616
1272,1.578326555318199e-05,0.0034426909405738115
1273,1.577614966663532e-05,0.0034425128251314163
1274,1.576934846525546e-05,0.0034424271434545517
1275,1.5763675037305802e-05,0.003442397341132164
1276,1.5756537322886288e-05,0.0034423009492456913
1277,1.5749819795018993e-05,0.0034420653246343136
1278,1.57431550178444e-05,0.0034418501891195774
1279,1.5736779459984973e-05,0.0034417721908539534
1280,1.5729974620626308e-05,0.0034417714923620224
1281,1.5723042452009395e-05,0.0034417021088302135
1282,1.57159138325369e-05,0.003441591514274478
1283,1.5709159924881533e-05,0.003441454842686653
1284,1.5702307791798376e-05,0.003441381035372615
1285,1.5695602996856906e-05,0.00344138965010643
1286,1.5688405255787075e-05,0.003441381501033902
1287,1.568293919262942e-05,0.003441355424001813
1288,1.5675457689212635e-05,0.003441197331994772
1289,1.5668902051402256e-05,0.0034409482032060623
1290,1.5662288205930963e-05,0.00344080594368279
1291,1.5655952665838413e-05,0.003440790344029665
1292,1.5648998669348657e-05,0.003440750064328313
1293,1.5643097867723554e-05,0.0034406445920467377
1294,1.5635900126653723e-05,0.0034404564648866653
1295,1.5629000699846074e-05,0.0034403507597744465
1296,1.5622563296346925e-05,0.003440383356064558
1297,1.5615176380379125e-05,0.0034404383040964603
1298,1.5608598914695904e-05,0.0034404131583869457
1299,1.5603489373461343e-05,0.003440248314291239
1300,1.5596482626278885e-05,0.0034400634467601776
1301,1.5588997484883294e-05,0.003439922584220767
1302,1.5582374544464983e-05,0.0034398480784147978
1303,1.55758170876652e-05,0.0034397554118186235
1304,1.5569554307148792e-05,0.003439591033384204
1305,1.5563393390038982e-05,0.0034394816029816866
1306,1.5556095604551956e-05,0.003439399180933833
1307,1.5549840099993162e-05,0.003439269494265318
1308,1.554323716845829e-05,0.0034391661174595356
1309,1.5536987120867707e-05,0.0034391351509839296
1310,1.553144829813391e-05,0.0034391642548143864
1311,1.5524617992923595e-05,0.003439129563048482
1312,1.5517594874836504e-05,0.003438954008743167
1313,1.5511155652347952e-05,0.0034388029016554356
1314,1.5504625480389223e-05,0.003438777755945921
1315,1.5497911590500735e-05,0.0034387942869216204
1316,1.5491310477955267e-05,0.003438718616962433
1317,1.5484194591408595e-05,0.0034385505132377148
1318,1.5478182831429876e-05,0.0034384545870125294
1319,1.5471576261916198e-05,0.00343841384164989
1320,1.5464358511962928e-05,0.0034383018501102924
1321,1.5457810150110163e-05,0.0034381772857159376
1322,1.5451332728844136e-05,0.003438026877120137
1323,1.544498445582576e-05,0.0034379183780401945
1324,1.5438588889082894e-05,0.0034378948621451855
1325,1.5432309737661853e-05,0.0034378021955490112
1326,1.5425681340275332e-05,0.0034376338589936495
1327,1.5419003830174915e-05,0.0034375092945992947
1328,1.5412786524393596e-05,0.0034375456161797047
1329,1.5406087186420336e-05,0.003437536535784602
1330,1.5399729818454944e-05,0.003437421517446637
1331,1.539261756988708e-05,0.0034373111557215452
1332,1.538716969662346e-05,0.0034373749513179064
1333,1.5379866454168223e-05,0.0034373372327536345
1334,1.5373831047327258e-05,0.0034371432848274708
1335,1.536717900307849e-05,0.003436966333538294
1336,1.5361252735601738e-05,0.0034369390923529863
1337,1.535413321107626e-05,0.003436904400587082
1338,1.5348025044659153e-05,0.0034367579501122236
1339,1.5341784092015587e-05,0.0034366250038146973
1340,1.5335041098296642e-05,0.003436510683968663
1341,1.532854003016837e-05,0.0034364666789770126
1342,1.5322257240768522e-05,0.003436457831412554
1343,1.531591078673955e-05,0.003436485305428505
1344,1.5309808077290654e-05,0.0034363437443971634
1345,1.5303266991395503e-05,0.0034361672587692738
1346,1.5297187928808853e-05,0.0034361158031970263
1347,1.5290521332644857e-05,0.0034361504949629307
1348,1.5284322216757573e-05,0.00343614025041461
1349,1.5277861166396178e-05,0.0034359320998191833
1350,1.5271089068846777e-05,0.0034357246477156878
1351,1.526501728221774e-05,0.0034356056712567806
1352,1.5258672647178173e-05,0.0034355628304183483
1353,1.5252104276441969e-05,0.0034354894887655973
1354,1.5245981558109634e-05,0.003435373306274414
1355,1.5239432286762167e-05,0.0034352585207670927
1356,1.5233237718348391e-05,0.003435123711824417
1357,1.522697857581079e-05,0.0034350459463894367
1358,1.5220748537103646e-05,0.0034350245259702206
1359,1.5214120139717124e-05,0.0034349816851317883
1360,1.5208555851131678e-05,0.0034349225461483
1361,1.5201517271634657e-05,0.003434824990108609
1362,1.5195319065242074e-05,0.003434679238125682
1363,1.5188993529591244e-05,0.003434582147747278
1364,1.51828662637854e-05,0.0034346163738518953
1365,1.5176718079601415e-05,0.003434574231505394
1366,1.5170383449003566e-05,0.003434461774304509
1367,1.5164885553531349e-05,0.0034343961160629988
1368,1.5158018868532963e-05,0.003434373764321208
1369,1.515203075541649e-05,0.0034342636354267597
1370,1.5146581972658169e-05,0.0034341015852987766
1371,1.5141532458073925e-05,0.0034339819103479385
1372,1.5136887668631971e-05,0.0034339583944529295
1373,1.5131328837014735e-05,0.00343385711312294
1374,1.5126361176953651e-05,0.003433666657656431
1375,1.5121089745662175e-05,0.0034335567615926266
1376,1.511630580353085e-05,0.003433477133512497
1377,1.5111157154024113e-05,0.0034334049560129642
1378,1.510606671217829e-05,0.0034333064686506987
1379,1.510055699327495e-05,0.0034332145005464554
1380,1.5095676644705236e-05,0.0034331989008933306
1381,1.5090388842509128e-05,0.0034331572242081165
1382,1.5085310224094428e-05,0.003432991448789835
1383,1.5080225239216816e-05,0.003432836849242449
1384,1.5076810086611658e-05,0.0034328377805650234
1385,1.507095748820575e-05,0.003432850120589137
1386,1.5066060768731404e-05,0.003432684112340212
1387,1.5060644727782346e-05,0.0034324941225349903
1388,1.5055976291478146e-05,0.003432446625083685
1389,1.5050851288833655e-05,0.0034325227607041597
1390,1.5045367945276666e-05,0.003432524623349309
1391,1.504177907918347e-05,0.003432427765801549
1392,1.5036234799481463e-05,0.0034322980791330338
1393,1.5030074791866355e-05,0.003432170720770955
1394,1.5025454558781348e-05,0.003432098776102066
1395,1.5020377759356052e-05,0.0034320796839892864
1396,1.5015582903288305e-05,0.0034319094847887754
1397,1.5010284187155776e-05,0.003431666176766157
1398,1.5005747627583332e-05,0.0034315530210733414
1399,1.5000463463366032e-05,0.003431509481742978
1400,1.4995314813859295e-05,0.003431434277445078
1401,1.4990288946137298e-05,0.0034313227515667677
1402,1.4986585483711679e-05,0.0034313108772039413
1403,1.4981272215663921e-05,0.0034313383512198925
1404,1.4975809790485073e-05,0.003431260120123625
1405,1.497068842581939e-05,0.0034311492927372456
1406,1.4966479284339584e-05,0.003431146265938878
1407,1.4961083252273966e-05,0.00343115022405982
1408,1.495687865826767e-05,0.003431007731705904
1409,1.4952081073715817e-05,0.0034308067988604307
1410,1.4947302588552702e-05,0.003430756973102689
1411,1.4942294001230039e-05,0.003430799348279834
1412,1.4937255400582217e-05,0.0034307893365621567
1413,1.4932424164726399e-05,0.003430719953030348
1414,1.4927098163752817e-05,0.003430544165894389
1415,1.4922278751328122e-05,0.0034304787404835224
1416,1.4917200132913422e-05,0.003430409822613001
1417,1.4912491678842343e-05,0.00343027850612998
1418,1.4907460354152136e-05,0.003430105745792389
1419,1.4903674127708655e-05,0.003430009353905916
1420,1.489864916948136e-05,0.0034299406688660383
1421,1.4893094885337632e-05,0.0034297946840524673
1422,1.4887895304127596e-05,0.00342964893206954
1423,1.488316229369957e-05,0.003429614705964923
1424,1.4878249203320593e-05,0.003429717617109418
1425,1.4873434338369407e-05,0.0034296917729079723
1426,1.4868426660541445e-05,0.0034295700024813414
1427,1.4863483556837309e-05,0.003429547417908907
1428,1.48590670505655e-05,0.003429670352488756
1429,1.4853905668132938e-05,0.003429714124649763
1430,1.4849487342871726e-05,0.0034295159857720137
1431,1.4844165889371652e-05,0.003429319243878126
1432,1.4839844880043529e-05,0.0034293695352971554
1433,1.4834598914603703e-05,0.0034294105134904385
1434,1.4830569853074849e-05,0.003429258242249489
1435,1.4825602193013765e-05,0.0034290808252990246
1436,1.482036714151036e-05,0.003428955329582095
1437,1.4815940630796831e-05,0.003428937401622534
1438,1.4810616448812652e-05,0.003428918542340398
1439,1.4805918908677995e-05,0.0034288675524294376
1440,1.4800968529016245e-05,0.003428694559261203
1441,1.4796896721236408e-05,0.003428590949624777
1442,1.4791667126701213e-05,0.003428573487326503
1443,1.4787065083510242e-05,0.003428460331633687
1444,1.4782504877075553e-05,0.0034283052664250135
1445,1.4777518117625732e-05,0.003428205382078886
1446,1.4772932445339393e-05,0.0034282065462321043
1447,1.4768966138944961e-05,0.0034282561391592026
1448,1.4763561011932325e-05,0.0034282072447240353
1449,1.4758642464585137e-05,0.0034280207473784685
1450,1.4754058611288201e-05,0.0034279287792742252
1451,1.4749663023394533e-05,0.0034280072432011366
1452,1.4744515283382498e-05,0.0034280356485396624
1453,1.4739625839865766e-05,0.0034278850071132183
1454,1.4736049706698395e-05,0.003427728544920683
1455,1.4731253031641245e-05,0.003427654504776001
1456,1.4724995708093047e-05,0.003427551593631506
1457,1.472029271099018e-05,0.0034274025820195675
1458,1.4715469660586677e-05,0.0034272719640284777
1459,1.4710702998854686e-05,0.003427203046157956
1460,1.4707332411489915e-05,0.003427221905440092
1461,1.4702000953548122e-05,0.0034271697513759136
1462,1.4696472135256045e-05,0.00342697836458683
1463,1.4691608157590963e-05,0.003426857991144061
1464,1.4687548173242249e-05,0.0034269276075065136
1465,1.4682331311632879e-05,0.0034269331954419613
1466,1.4677990293421317e-05,0.0034267969895154238
1467,1.4672792531200685e-05,0.0034266910515725613
1468,1.46681322803488e-05,0.003426775336265564
1469,1.4663341971754562e-05,0.003426827024668455
1470,1.4658586223958991e-05,0.0034267983864992857
1471,1.4653892321803141e-05,0.0034266412258148193
1472,1.464919296267908e-05,0.0034265457652509212
1473,1.4644634575233795e-05,0.003426589071750641
1474,1.4639708751928993e-05,0.0034266344737261534
1475,1.4635219486081041e-05,0.0034264519345015287
1476,1.4630501027568243e-05,0.003426236566156149
1477,1.462578984501306e-05,0.0034261054825037718
1478,1.4621158697991632e-05,0.003426056355237961
1479,1.4616060070693493e-05,0.003425971372053027
1480,1.4611505321227014e-05,0.0034258593805134296
1481,1.4606851436838042e-05,0.0034257150255143642
1482,1.4603018826164771e-05,0.003425713162869215
1483,1.4597715562558733e-05,0.003425757633522153
1484,1.4593591913580894e-05,0.003425645176321268
1485,1.4588766134693287e-05,0.0034254989586770535
1486,1.4584273230866529e-05,0.0034254700876772404
1487,1.4579478374798782e-05,0.0034255266655236483
1488,1.4575435670849402e-05,0.0034255373757332563
1489,1.457042799302144e-05,0.003425388829782605
1490,1.4565388482878916e-05,0.003425260540097952
1491,1.4560922863893211e-05,0.003425351809710264
1492,1.4555994312104303e-05,0.003425389062613249
1493,1.4551624190062284e-05,0.003425253089517355
1494,1.4546695638273377e-05,0.0034250717144459486
1495,1.4543084944307338e-05,0.003425066126510501
1496,1.453790446248604e-05,0.0034250617027282715
1497,1.4533077774103731e-05,0.0034248381853103638
1498,1.4528295650961809e-05,0.003424573689699173
1499,1.4524036487273406e-05,0.0034244954586029053
1500,1.4519059732265305e-05,0.003424545284360647
1501,1.451529715268407e-05,0.0034245450515300035
1502,1.4510488654195797e-05,0.0034243937116116285
1503,1.450497074984014e-05,0.0034242316614836454
1504,1.4500828910968266e-05,0.003424272406846285
1505,1.4495875802822411e-05,0.0034244160633534193
1506,1.4491539332084358e-05,0.0034244582056999207
1507,1.4487045518762898e-05,0.00342426891438663
1508,1.4482027836493216e-05,0.0034241746179759502
1509,1.4477622244157828e-05,0.0034241967368870974
1510,1.4472925613517873e-05,0.0034241988323628902
1511,1.4468596418737434e-05,0.003424068447202444
1512,1.446393162041204e-05,0.003423928050324321
1513,1.4459583326242864e-05,0.003423921065405011
1514,1.4454339179792441e-05,0.00342392991296947
1515,1.4450053640757687e-05,0.0034237708896398544
1516,1.4445296073972713e-05,0.0034235890489071608
1517,1.444100598746445e-05,0.003423572750762105
1518,1.4436451237997971e-05,0.003423652844503522
1519,1.4431878298637457e-05,0.0034235320053994656
1520,1.44272316902061e-05,0.0034232852049171925
1521,1.4422888853005134e-05,0.003423234447836876
1522,1.4417836609936785e-05,0.0034232395701110363
1523,1.4413436474569608e-05,0.003423156216740608
1524,1.4408515198738314e-05,0.003423008369281888
1525,1.4403980458155274e-05,0.0034229375887662172
1526,1.4400621694221627e-05,0.0034230214077979326
1527,1.4395800462807529e-05,0.003423040034249425
1528,1.4390275282494258e-05,0.003422847483307123
1529,1.4385647773451637e-05,0.003422728506848216
1530,1.4382460904016625e-05,0.0034228407312184572
1531,1.4377100342244375e-05,0.0034228991717100143
1532,1.4373023077496327e-05,0.003422661917284131
1533,1.4368141819431912e-05,0.0034224067348986864
1534,1.4364309208758641e-05,0.0034224186092615128
1535,1.4359387932927348e-05,0.003422518726438284
1536,1.4354998711496592e-05,0.0034224302507936954
1537,1.4350347555591725e-05,0.003422260982915759
1538,1.434573368896963e-05,0.0034221496898680925
1539,1.4341504538606387e-05,0.0034222013782709837
1540,1.4336639651446603e-05,0.0034222311805933714
1541,1.4332224964164197e-05,0.00342214060947299
1542,1.4327786630019546e-05,0.0034219156950712204
1543,1.4324505173135549e-05,0.003421805100515485
1544,1.4319710317067802e-05,0.003421773435547948
1545,1.431468717782991e-05,0.003421568078920245
1546,1.4310389815364033e-05,0.0034213089384138584
1547,1.4306337106972933e-05,0.0034212074242532253
1548,1.4301747796707787e-05,0.0034212488681077957
1549,1.4297565030574333e-05,0.0034212719183415174
1550,1.4292988453235012e-05,0.003421122208237648
1551,1.4288292732089758e-05,0.003421011148020625
1552,1.4284150893217884e-05,0.0034211003221571445
1553,1.4279316928877961e-05,0.003421211615204811
1554,1.4275092325988226e-05,0.003421221626922488
1555,1.427090865036007e-05,0.003420950146391988
1556,1.4266316611610819e-05,0.0034207322169095278
1557,1.4262424883781932e-05,0.003420744789764285
1558,1.4257469956646673e-05,0.003420791123062372
1559,1.4253763765736949e-05,0.003420525696128607
1560,1.4248685147322249e-05,0.0034202232491225004
1561,1.4245194506656844e-05,0.0034202560782432556
1562,1.4240047676139511e-05,0.003420381573960185
1563,1.4236160495784134e-05,0.003420300083234906
1564,1.4231312889023684e-05,0.003420111956074834
1565,1.4227002793631982e-05,0.00342009705491364
1566,1.4223283869796433e-05,0.0034202677197754383
1567,1.4218210708349943e-05,0.0034202549140900373
1568,1.4214121620170772e-05,0.003419961081817746
1569,1.4209561413736083e-05,0.003419831395149231
1570,1.4205742445483338e-05,0.0034198828507214785
1571,1.4201184967532754e-05,0.0034198793582618237
1572,1.4197151358530391e-05,0.003419708926230669
1573,1.419248292222619e-05,0.0034195571206510067
1574,1.41891023304197e-05,0.0034196372143924236
1575,1.4183860912453383e-05,0.0034197233617305756
1576,1.4180104699335061e-05,0.003419574350118637
1577,1.4175585420161951e-05,0.003419404849410057
1578,1.417156272509601e-05,0.003419437212869525
1579,1.4167426343192346e-05,0.0034195699263364077
1580,1.416304712620331e-05,0.003419404849410057
1581,1.4158396879793145e-05,0.0034191557206213474
1582,1.4154342352412641e-05,0.00341903418302536
1583,1.4150116840028204e-05,0.0034190770238637924
1584,1.4145883142191451e-05,0.003419065149500966
1585,1.4141629435471259e-05,0.003418934065848589
1586,1.4136778190732002e-05,0.0034188362769782543
1587,1.413248355675023e-05,0.003418880747631192
1588,1.4127549547993112e-05,0.0034189228899776936
1589,1.4124564586381894e-05,0.003418879583477974
1590,1.4120036212261766e-05,0.003418734995648265
1591,1.41146156238392e-05,0.0034186362754553556
1592,1.4110289157542866e-05,0.0034185522235929966
1593,1.410600816598162e-05,0.0034184728283435106
1594,1.4101708075031638e-05,0.003418403211981058
1595,1.4097648090682924e-05,0.0034183997195214033
1596,1.4093512618273962e-05,0.0034183182287961245
1597,1.4088982425164431e-05,0.0034182495437562466
1598,1.4084859685681295e-05,0.0034182812087237835
1599,1.4080495930102188e-05,0.0034183424431830645
1600,1.4076354091230314e-05,0.0034183799289166927
1601,1.407176569045987e-05,0.0034182765521109104
1602,1.4067188203625847e-05,0.0034182046074420214
1603,1.4063497474126052e-05,0.0034182630479335785
1604,1.4058848137210589e-05,0.003418228356167674
1605,1.4054722669243347e-05,0.003417960600927472
1606,1.4050349818717223e-05,0.003417740808799863
1607,1.4046551768842619e-05,0.0034177973866462708
1608,1.40423871926032e-05,0.0034177699126303196
1609,1.4038299923413433e-05,0.003417577128857374
1610,1.4033677871339023e-05,0.0034174539614468813
1611,1.4029816156835295e-05,0.003417547093704343
1612,1.4024932170286775e-05,0.0034176409244537354
1613,1.4021488823345862e-05,0.003417590167373419
1614,1.4016717614140362e-05,0.0034174348693341017
1615,1.401205918227788e-05,0.0034173186868429184
1616,1.4009044207341503e-05,0.0034173750318586826
1617,1.4003892829350661e-05,0.0034173522144556046
1618,1.4000686860526912e-05,0.0034170974977314472
1619,1.3996379493619315e-05,0.003416912630200386
1620,1.3992835192766506e-05,0.0034169680438935757
1621,1.398839503963245e-05,0.0034170448780059814
1622,1.3984041288495064e-05,0.00341693009249866
1623,1.3979469258629251e-05,0.003416799707338214
1624,1.397538562741829e-05,0.0034168711863458157
1625,1.3970547115604859e-05,0.003416993422433734
1626,1.3966072401672136e-05,0.0034169345162808895
1627,1.3962548109702766e-05,0.003416819032281637
1628,1.3957833289168775e-05,0.003416740568354726
1629,1.3952776498626918e-05,0.0034166290424764156
1630,1.3950100765214302e-05,0.00341654010117054
1631,1.3945859791419934e-05,0.003416404128074646
1632,1.3940842109150253e-05,0.0034161917865276337
1633,1.3936844879935961e-05,0.003416096093133092
1634,1.3932783986092545e-05,0.0034161533694714308
1635,1.3928543012298178e-05,0.003416217863559723
1636,1.3924474842497148e-05,0.003416202962398529
1637,1.3919893717684317e-05,0.003416237886995077
1638,1.3915470844949596e-05,0.0034163608215749264
1639,1.3911027053836733e-05,0.003416509134694934
1640,1.3906923413742334e-05,0.0034164104145020247
1641,1.3902434147894382e-05,0.0034162860829383135
1642,1.389827230013907e-05,0.003416164545342326
1643,1.3893998584535439e-05,0.0034161023795604706
1644,1.3890063200960867e-05,0.0034159054048359394
1645,1.388588407280622e-05,0.0034156509209424257
1646,1.3882384337193798e-05,0.003415600163862109
1647,1.3877805031370372e-05,0.0034155689645558596
1648,1.3873565876565408e-05,0.0034154709428548813
1649,1.3869636859453749e-05,0.0034154136665165424
1650,1.3865149412595201e-05,0.003415485378354788
1651,1.3860600120096933e-05,0.0034155715256929398
1652,1.3857245903636795e-05,0.0034156094770878553
1653,1.385273935738951e-05,0.0034156013280153275
1654,1.3848513845005073e-05,0.003415436716750264
1655,1.3844706700183451e-05,0.0034153354354202747
1656,1.3840746760251932e-05,0.003415356855839491
1657,1.3836569451086689e-05,0.0034153342712670565
1658,1.383264589094324e-05,0.003415177809074521
1659,1.3828825103701092e-05,0.0034151163417845964
1660,1.3824018424202222e-05,0.003415088402107358
1661,1.3819987543683965e-05,0.0034150532446801662
1662,1.3815934835292865e-05,0.0034150066785514355
1663,1.3811548342346214e-05,0.0034149554558098316
1664,1.3807133655063808e-05,0.003414909588173032
1665,1.3802828107145615e-05,0.0034148588310927153
1666,1.3799375665257685e-05,0.0034148809500038624
1667,1.3794357073493302e-05,0.0034147114492952824
1668,1.3790045159112196e-05,0.0034145351964980364
1669,1.3786286217509769e-05,0.0034145887475460768
1670,1.3781898815068416e-05,0.0034145961981266737
1671,1.3778230822936166e-05,0.003414447885006666
1672,1.3774721082882024e-05,0.0034144024830311537
1673,1.377001444780035e-05,0.0034144199453294277
1674,1.3766009942628443e-05,0.003414444625377655
1675,1.3761785339738708e-05,0.0034144327510148287
1676,1.3757581655227114e-05,0.0034144253004342318
1677,1.3753310668107588e-05,0.0034144450910389423
1678,1.3748891433351673e-05,0.0034145123790949583
1679,1.3745800060860347e-05,0.003414453938603401
1680,1.3741266229772009e-05,0.0034143063239753246
1681,1.37372599056107e-05,0.003414161503314972
1682,1.3733269952354021e-05,0.003414105623960495
1683,1.3729339116252959e-05,0.0034140567295253277
1684,1.372513816022547e-05,0.0034139365889132023
1685,1.3720893548452295e-05,0.0034138276241719723
1686,1.371778216707753e-05,0.0034138816408813
1687,1.3713045518670697e-05,0.0034139039926230907
1688,1.3709273844142444e-05,0.00341375102289021
1689,1.3704911907552741e-05,0.0034136467147618532
1690,1.3701044736080803e-05,0.0034137226175516844
1691,1.3696769201487768e-05,0.0034137479960918427
1692,1.3692561878997367e-05,0.0034136082977056503
1693,1.3688882063433994e-05,0.003413510276004672
1694,1.3684800251212437e-05,0.003413516329601407
1695,1.368039556837175e-05,0.0034134392626583576
1696,1.367639924865216e-05,0.003413313301280141
1697,1.367220284009818e-05,0.0034132828004658222
1698,1.3668157407664694e-05,0.0034133046865463257
1699,1.3663915524375625e-05,0.003413271624594927
1700,1.3659499018103816e-05,0.003413240658119321
1701,1.3655662769451737e-05,0.0034131419379264116
1702,1.3651340850628912e-05,0.003413105383515358
1703,1.3647264495375566e-05,0.0034131892025470734
1704,1.3643308193422854e-05,0.0034131109714508057
1705,1.3638957170769572e-05,0.0034129705745726824
1706,1.363519095320953e-05,0.0034129947889596224
1707,1.3630991816171445e-05,0.0034130108542740345
1708,1.3627024600282311e-05,0.0034129242412745953
1709,1.3622763617604505e-05,0.0034128637053072453
1710,1.3618855518870987e-05,0.003412954043596983
1711,1.361459453619318e-05,0.0034129521809518337
1712,1.361069007543847e-05,0.003412896301597357
1713,1.3606669199361932e-05,0.00341278244741261
1714,1.3602725630335044e-05,0.0034127403050661087
1715,1.3598415534943342e-05,0.0034127391409128904
1716,1.3594416486739647e-05,0.0034126550890505314
1717,1.3590213711722754e-05,0.003412586869671941
1718,1.3586120985564776e-05,0.0034124813973903656
1719,1.3582786777988076e-05,0.003412479069083929
1720,1.3578191101260018e-05,0.003412442747503519
1721,1.357411383651197e-05,0.0034123689401894808
1722,1.3570019291364588e-05,0.0034123342484235764
1723,1.3566028428613208e-05,0.003412340534850955
1724,1.356213579128962e-05,0.003412341233342886
1725,1.3558366845245473e-05,0.003412258578464389
1726,1.3554226825363003e-05,0.0034120853524655104
1727,1.3550319636124186e-05,0.0034120441414415836
1728,1.35462742036907e-05,0.003412106307223439
1729,1.3542150554712862e-05,0.003412071615457535
1730,1.3537932318286039e-05,0.003411949845030904
1731,1.3534443496610038e-05,0.0034119796473532915
1732,1.3529695934266783e-05,0.0034119889605790377
1733,1.3526745533454232e-05,0.003411987330764532
1734,1.3522083463612944e-05,0.0034119226038455963
1735,1.3518001651391387e-05,0.003411817830055952
1736,1.3514230886357836e-05,0.0034117833711206913
1737,1.3510320059140213e-05,0.003411788959056139
1738,1.350693310087081e-05,0.0034117787145078182
1739,1.3502688489097636e-05,0.0034116338938474655
1740,1.3498605767381378e-05,0.003411567537114024
1741,1.3494684935722034e-05,0.0034116513561457396
1742,1.349072226730641e-05,0.0034116904716938734
1743,1.3486494026437867e-05,0.003411581739783287
1744,1.3482722351909615e-05,0.00341155007481575
1745,1.3478324035531841e-05,0.003411502344533801
1746,1.3474166735250037e-05,0.0034114152658730745
1747,1.3470029443851672e-05,0.0034113232977688313
1748,1.3466567907016724e-05,0.0034112862776964903
1749,1.3461947673931718e-05,0.0034112129360437393
1750,1.345819873677101e-05,0.0034110439009964466
1751,1.345465898339171e-05,0.0034110452979803085
1752,1.3450551705318503e-05,0.0034110608976334333
1753,1.3446750017465092e-05,0.003411018755286932
1754,1.3443037460092455e-05,0.0034109982661902905
1755,1.3439052054309286e-05,0.0034110613632947206
1756,1.3434869288175832e-05,0.003411135170608759
1757,1.3430920262180734e-05,0.0034111335407942533
1758,1.3426863006316125e-05,0.0034111656714230776
1759,1.3422451047517825e-05,0.003411100013181567
1760,1.3418552043731324e-05,0.0034110224805772305
1761,1.3414460227068048e-05,0.003410973818972707
1762,1.34110496219364e-05,0.003410944016650319
1763,1.3406829566520173e-05,0.0034108005929738283
1764,1.3402541299001314e-05,0.0034105677623301744
1765,1.3399627277976833e-05,0.0034105652011930943
1766,1.3395115274761338e-05,0.00341058149933815
1767,1.3391259926720522e-05,0.0034104962833225727
1768,1.338738093181746e-05,0.003410443663597107
1769,1.3383252735366113e-05,0.0034105204977095127
1770,1.3379520169110037e-05,0.00341060315258801
1771,1.337558205705136e-05,0.003410639241337776
1772,1.3371502063819207e-05,0.003410541219636798
1773,1.3367467545322143e-05,0.0034105025697499514
1774,1.3363486687012482e-05,0.00341055472381413
1775,1.3359252079681028e-05,0.0034105051308870316
1776,1.3355866940401029e-05,0.003410377772524953
1777,1.3351406778383534e-05,0.0034102555364370346
1778,1.3347491403692402e-05,0.0034101996570825577
1779,1.3343751561478712e-05,0.0034100774209946394
1780,1.3340044461074285e-05,0.003409985452890396
1781,1.3336180927581154e-05,0.0034099940676242113
1782,1.3332703019841574e-05,0.003410027828067541
1783,1.3328445675142575e-05,0.0034100108314305544
1784,1.33244056996773e-05,0.0034100166521966457
1785,1.3320493962964974e-05,0.0034101451747119427
1786,1.3316435797605664e-05,0.003410130040720105
1787,1.3312403098098002e-05,0.0034100371412932873
1788,1.330849772784859e-05,0.0034100119955837727
1789,1.330443501501577e-05,0.003410001052543521
1790,1.3300588761921972e-05,0.003409934462979436
1791,1.329643237113487e-05,0.003409702330827713
1792,1.329272890870925e-05,0.0034096308518201113
1793,1.3288408808875829e-05,0.003409588010981679
1794,1.3284899978316389e-05,0.0034095612354576588
1795,1.3281019164423924e-05,0.003409442026168108
1796,1.3277126527100336e-05,0.003409428521990776
1797,1.3273311196826398e-05,0.003409548895433545
1798,1.3269270311866421e-05,0.0034096266608685255
1799,1.3265790585137438e-05,0.003409654600545764
1800,1.326144683844177e-05,0.0034096043091267347
1801,1.325767061644001e-05,0.0034096292220056057
1802,1.3253622455522418e-05,0.0034096769522875547
1803,1.324991444562329e-05,0.0034096650779247284
1804,1.3246050002635457e-05,0.0034094732254743576
1805,1.3241971828392707e-05,0.0034094047732651234
1806,1.3238267456472386e-05,0.003409370081499219
1807,1.3234510333859362e-05,0.0034092776477336884
1808,1.3230579497758299e-05,0.0034091733396053314
1809,1.3226493138063233e-05,0.0034091491252183914
1810,1.3223258065409027e-05,0.003409200580790639
1811,1.3218998901720624e-05,0.0034090981353074312
1812,1.321501076745335e-05,0.003409001976251602
1813,1.3211372788646258e-05,0.0034091086126863956
1814,1.3207371011958458e-05,0.0034091006964445114
1815,1.3203546586737502e-05,0.0034089628607034683
1816,1.3199567547417246e-05,0.0034089379478245974
1817,1.319621514994651e-05,0.0034090534318238497
1818,1.319185412285151e-05,0.0034089640248566866
1819,1.3187949662096798e-05,0.003408807795494795
1820,1.318510294368025e-05,0.003408903954550624
1821,1.3180213500163518e-05,0.003408953081816435
1822,1.3176524589653127e-05,0.003408838529139757
1823,1.317274563916726e-05,0.0034087742678821087
1824,1.3168830264476128e-05,0.003408899065107107
1825,1.3164954907551873e-05,0.003408856689929962
1826,1.316145971941296e-05,0.0034087528474628925
1827,1.3157716239220463e-05,0.0034086680971086025
1828,1.3153859072190244e-05,0.0034087083768099546
1829,1.3150228369340766e-05,0.0034087232779711485
1830,1.3145952834747732e-05,0.00340866157785058
1831,1.3141911949787755e-05,0.0034086175728589296
1832,1.3138216672814451e-05,0.0034086958039551973
1833,1.3134500477463007e-05,0.003408638061955571
1834,1.313105440203799e-05,0.003408572869375348
1835,1.3126804333296604e-05,0.0034084960352629423
1836,1.3123007192916702e-05,0.003408461343497038
1837,1.3119237337377854e-05,0.0034084278158843517
1838,1.3115417459630407e-05,0.003408353077247739
1839,1.3111428415868431e-05,0.0034082953352481127
1840,1.3108554412610829e-05,0.003408422227948904
1841,1.3104008758091368e-05,0.0034083202481269836
1842,1.3100165233481675e-05,0.0034082108177244663
1843,1.3096529073663987e-05,0.0034083134960383177
1844,1.3092448170937132e-05,0.003408429678529501
1845,1.3088831110508181e-05,0.003408344928175211
1846,1.3085104001220316e-05,0.00340829836204648
1847,1.3080908502161037e-05,0.003408323973417282
1848,1.307762158830883e-05,0.0034084171056747437
1849,1.307369257119717e-05,0.003408321412280202
1850,1.3069866326986812e-05,0.0034082173369824886
1851,1.306617650698172e-05,0.0034082685597240925
1852,1.3062080142844934e-05,0.0034083097707480192
1853,1.3058382137387525e-05,0.003408180084079504
1854,1.3054724149696995e-05,0.003408112796023488
1855,1.3051225323579274e-05,0.0034081079065799713
1856,1.3047005268163048e-05,0.003407999174669385
1857,1.3043306353210937e-05,0.003407905576750636
1858,1.3039512850809842e-05,0.00340792303904891
1859,1.3035541996941902e-05,0.0034079377073794603
1860,1.3031860362389125e-05,0.0034078725147992373
1861,1.3028157809458207e-05,0.0034078811295330524
1862,1.3024407962802798e-05,0.0034079314209520817
1863,1.3020425285503734e-05,0.0034078576136380434
1864,1.301686279475689e-05,0.0034078198950737715
1865,1.3013310308451764e-05,0.003407892305403948
1866,1.300929125136463e-05,0.003407909767702222
1867,1.3005439541302621e-05,0.0034078184980899096
1868,1.300162693951279e-05,0.0034078352618962526
1869,1.2997677913517691e-05,0.0034077982418239117
1870,1.2994569260627031e-05,0.003407782409340143
1871,1.2990730283490848e-05,0.003407698590308428
1872,1.2986556612304412e-05,0.00340765411965549
1873,1.298285224038409e-05,0.0034076720476150513
1874,1.2979062375961803e-05,0.0034076515585184097
1875,1.2974985111213755e-05,0.0034075926523655653
1876,1.2971619071322493e-05,0.0034076988231390715
1877,1.2968006558367051e-05,0.0034075709991157055
1878,1.2964193956577219e-05,0.0034074336290359497
1879,1.2960796993866097e-05,0.003407509997487068
1880,1.2956670616404153e-05,0.0034075663425028324
1881,1.2953039913554676e-05,0.0034074517898261547
1882,1.294891717407154e-05,0.0034073800779879093
1883,1.294593675993383e-05,0.0034075421281158924
1884,1.2941413842781913e-05,0.003407516749575734
1885,1.2937988685735036e-05,0.003407412441447377
1886,1.293415880354587e-05,0.0034073577262461185
1887,1.293041896133218e-05,0.003407409880310297
1888,1.29266845760867e-05,0.003407393116503954
1889,1.292263732466381e-05,0.0034072783309966326
1890,1.2919494110974483e-05,0.003407300217077136
1891,1.2915123079437762e-05,0.0034072950948029757
1892,1.2912010788568296e-05,0.0034072999842464924
1893,1.2907772543258034e-05,0.003407240379601717
1894,1.290443651669193e-05,0.0034072387497872114
1895,1.2900386536784936e-05,0.0034072804264724255
1896,1.2896945918328129e-05,0.0034072636626660824
1897,1.2893220628029667e-05,0.003407282056286931
1898,1.2889172467112076e-05,0.0034072150010615587
1899,1.2885437172371894e-05,0.00340718450024724
1900,1.2882432201877236e-05,0.003407261101529002
1901,1.2878127563453745e-05,0.0034071789123117924
1902,1.2874521416961215e-05,0.00340706342831254
1903,1.2870713362644892e-05,0.0034070871770381927
1904,1.2866937140643131e-05,0.0034071914851665497
1905,1.286355563934194e-05,0.003407031763345003
1906,1.2859532034781296e-05,0.003406903939321637
1907,1.2856338798883371e-05,0.003407065523788333
1908,1.2852489817305468e-05,0.0034070678520947695
1909,1.2848824553657323e-05,0.0034068848472088575
1910,1.2844793673139066e-05,0.0034068902023136616
1911,1.284095378650818e-05,0.0034070468973368406
1912,1.283746496483218e-05,0.0034071006812155247
1913,1.2833974324166775e-05,0.0034068941604346037
1914,1.2830054402002133e-05,0.0034068780951201916
1915,1.2826300917367917e-05,0.003407049924135208
1916,1.2823036740883254e-05,0.003407056676223874
1917,1.281896220461931e-05,0.003406774252653122
1918,1.2815080481232144e-05,0.0034067961387336254
1919,1.2811431588488631e-05,0.0034069076646119356
1920,1.2807994608010631e-05,0.0034068089444190264
1921,1.2804048310499638e-05,0.003406671341508627
1922,1.2800597687601112e-05,0.00340680917724967
1923,1.2796643204637803e-05,0.003406843636184931
1924,1.2793170753866434e-05,0.0034067207016050816
1925,1.2789432730642147e-05,0.003406716976314783
1926,1.2785651961166877e-05,0.003406824078410864
1927,1.2782363228325266e-05,0.0034068734385073185
1928,1.2778477866959292e-05,0.0034066587686538696
1929,1.2774704373441637e-05,0.0034065868239849806
1930,1.2770737157552503e-05,0.00340670975856483
1931,1.276700095331762e-05,0.0034066704101860523
1932,1.2764076018356718e-05,0.0034065309446305037
1933,1.276028615393443e-05,0.003406573086977005
1934,1.2756207070196979e-05,0.003406501142308116
1935,1.2753033843182493e-05,0.003406444564461708
1936,1.274940586881712e-05,0.0034065083600580692
1937,1.274588612432126e-05,0.0034065903164446354
1938,1.2742222679662518e-05,0.0034065707586705685
1939,1.2738490113406442e-05,0.00340659124776721
1940,1.2734776646539103e-05,0.003406680654734373
1941,1.2731552487821318e-05,0.0034067644737660885
1942,1.2727457033179235e-05,0.0034066035877913237
1943,1.2723774489131756e-05,0.0034064860083162785
1944,1.272019562748028e-05,0.003406523959711194
1945,1.2716185665340163e-05,0.003406448755413294
1946,1.2712289390037768e-05,0.003406216623261571
1947,1.2708704161923379e-05,0.003406193805858493
1948,1.2704789696726948e-05,0.0034061719197779894
1949,1.270147640752839e-05,0.003406145144253969
1950,1.269769109057961e-05,0.0034061227925121784
1951,1.2694316865236033e-05,0.003406119765713811
1952,1.2690706171269994e-05,0.0034062168560922146
1953,1.2687033631664235e-05,0.003406337695196271
1954,1.2683360182563774e-05,0.003406372619792819
1955,1.26795257529011e-05,0.0034064133651554585
1956,1.267639163415879e-05,0.0034065735526382923
1957,1.267246716452064e-05,0.003406540723517537
1958,1.2668941053561866e-05,0.003406435251235962
1959,1.2665159374591894e-05,0.0034064713399857283
1960,1.2661400432989467e-05,0.003406475530937314
1961,1.265766786673339e-05,0.0034062855411320925
1962,1.2653911653615069e-05,0.003406187053769827
1963,1.2649991731450427e-05,0.0034060929901897907
1964,1.264637649001088e-05,0.003406000090762973
1965,1.2644039998122025e-05,0.00340600055642426
1966,1.2639977285289206e-05,0.0034059796016663313
1967,1.2635699931706768e-05,0.003405898343771696
1968,1.2632362995645963e-05,0.0034059614408761263
1969,1.2628574040718377e-05,0.0034061141777783632
1970,1.2624936061911285e-05,0.003406152594834566
1971,1.2621933819900732e-05,0.0034062161576002836
1972,1.2617701031558681e-05,0.0034062315244227648
1973,1.2613922081072815e-05,0.00340626435354352
1974,1.2610436897375621e-05,0.0034062787890434265
1975,1.2607012649823446e-05,0.0034062154591083527
1976,1.2602939023054205e-05,0.0034061199985444546
1977,1.2599701221915893e-05,0.003406108822673559
1978,1.25957030832069e-05,0.00340597634203732
1979,1.2591981430887245e-05,0.003405847353860736
1980,1.2588391655299347e-05,0.003405905095860362
1981,1.2584810974658467e-05,0.0034058429300785065
1982,1.2581044757098425e-05,0.003405745606869459
1983,1.2577756933751516e-05,0.003405817551538348
1984,1.2573730600706767e-05,0.0034059365279972553
1985,1.2570200851769187e-05,0.0034059234894812107
1986,1.2567741578095593e-05,0.0034060287289321423
1987,1.2563114069052972e-05,0.00340602220967412
1988,1.2559617061924655e-05,0.003405903000384569
1989,1.2556486581161153e-05,0.0034059416502714157
1990,1.2553035048767924e-05,0.0034060231409966946
1991,1.2549577149911784e-05,0.0034059491008520126
1992,1.2545873687486164e-05,0.0034058820456266403
1993,1.2542330296128057e-05,0.003405975643545389
1994,1.253860227734549e-05,0.003406050382182002
1995,1.2535441783256829e-05,0.003406018018722534
1996,1.2531340871646535e-05,0.00340590113773942
1997,1.2527823855634779e-05,0.0034058974124491215
1998,1.2524027624749579e-05,0.0034058846067637205
1999,1.2520393283921294e-05,0.0034057293087244034
2000,1.2516553397290409e-05,0.0034055840224027634
2001,1.2512730791058857e-05,0.0034055833239108324
2002,1.2509010957728606e-05,0.003405605675652623
2003,1.2506277926149778e-05,0.0034055248834192753
2004,1.2502276149461977e-05,0.0034054897259920835
2005,1.2498547221184708e-05,0.0034055523574352264
2006,1.2495171176851727e-05,0.003405654104426503
2007,1.2491876077547204e-05,0.0034057018347084522
2008,1.24880270959693e-05,0.003405743045732379
2009,1.2484623766795266e-05,0.003405872732400894
2010,1.2480821169447154e-05,0.003405970986932516
2011,1.2477241398300976e-05,0.0034059856552630663
2012,1.2474185496103019e-05,0.003406047122552991
2013,1.2470035471778829e-05,0.0034059740137308836
2014,1.246610645466717e-05,0.0034058555029332638
2015,1.246261854248587e-05,0.003405783325433731
2016,1.245867861143779e-05,0.003405679715797305
2017,1.245533894689288e-05,0.0034056161530315876
2018,1.2451433576643467e-05,0.003405515104532242
2019,1.2448067536752205e-05,0.0034053854178637266
2020,1.244481791218277e-05,0.0034054387360811234
2021,1.2441285434761085e-05,0.00340553792193532
2022,1.2437756595318206e-05,0.0034056114964187145
2023,1.2434221389412414e-05,0.003405557246878743
2024,1.2430738024704624e-05,0.0034056459553539753
2025,1.2427226465661079e-05,0.003405808238312602
2026,1.2423542102624197e-05,0.0034057926386594772
2027,1.241978861798998e-05,0.0034057076554745436
2028,1.2416220670274924e-05,0.003405745606869459
2029,1.2413269359967671e-05,0.0034058094024658203
2030,1.2409116607159376e-05,0.0034056000877171755
2031,1.2405098459566943e-05,0.003405465977266431
2032,1.2402732863847632e-05,0.0034056142903864384
2033,1.2398353646858595e-05,0.003405479248613119
2034,1.2394732038956136e-05,0.0034052389673888683
2035,1.23917388918926e-05,0.0034054028801620007
2036,1.2387545211822726e-05,0.003405479248613119
2037,1.2384337424009573e-05,0.0034053560812026262
2038,1.238128879776923e-05,0.0034054804127663374
2039,1.2377165148791391e-05,0.0034056291915476322
2040,1.2373640856822021e-05,0.003405611263588071
2041,1.2370219337753952e-05,0.003405587747693062
2042,1.23667559819296e-05,0.0034056645818054676
2043,1.2363054338493384e-05,0.0034056573640555143
2044,1.235944091604324e-05,0.003405523020774126
2045,1.2355708349787164e-05,0.0034054548013955355
2046,1.2352870726317633e-05,0.003405523719266057
2047,1.2349177268333733e-05,0.0034054876305162907
2048,1.2345422874204814e-05,0.003405180526897311
2049,1.2342186892055906e-05,0.0034051917027682066
2050,1.2338670785538852e-05,0.0034054021816700697
2051,1.2335362953308504e-05,0.0034053255803883076
2052,1.2331383004493546e-05,0.003405216382816434
2053,1.2328116099524777e-05,0.0034054305870085955
2054,1.2324881026870571e-05,0.0034056927543133497
2055,1.2321450412855484e-05,0.00340552581474185
2056,1.2317691471253056e-05,0.0034054755233228207
2057,1.2314359992160462e-05,0.0034056920558214188
2058,1.231065562024014e-05,0.003405617084354162
2059,1.2307052202231716e-05,0.003405297640711069
2060,1.2303600669838488e-05,0.003405235707759857
2061,1.2299473382881843e-05,0.0034053088165819645
2062,1.2296120985411108e-05,0.003405200783163309
2063,1.2292184692341834e-05,0.003404951421543956
2064,1.2288985089980997e-05,0.003405114635825157
2065,1.2285277080081869e-05,0.0034052333794534206
2066,1.2282043826417066e-05,0.003405143041163683
2067,1.2278107533347793e-05,0.003405206371098757
2068,1.227462780661881e-05,0.0034054561983793974
2069,1.2270948900550138e-05,0.003405572846531868
2070,1.2267587408132385e-05,0.0034054971765726805
2071,1.2264387805771548e-05,0.003405474592000246
2072,1.226094173034653e-05,0.0034056510776281357
2073,1.2257526577741373e-05,0.0034056517761200666
2074,1.2253933164174668e-05,0.0034054710995405912
2075,1.2250331565155648e-05,0.0034054541029036045
2076,1.2246835467522033e-05,0.0034055050928145647
2077,1.2243202945683151e-05,0.0034053525887429714
2078,1.2239832358318381e-05,0.00340525945648551
2079,1.2236052498337813e-05,0.003405204741284251
2080,1.2233006600581575e-05,0.0034052166156470776
2081,1.2229218555148691e-05,0.0034051020629704
2082,1.2225716091052163e-05,0.0034050587564706802
2083,1.2222037184983492e-05,0.003405169118195772
2084,1.2218474694236647e-05,0.0034052073024213314
2085,1.2214755770401098e-05,0.0034051798284053802
2086,1.2211829016450793e-05,0.0034053432755172253
2087,1.2208071893837769e-05,0.003405438270419836
2088,1.2204653103253804e-05,0.0034053188282996416
2089,1.2201125173305627e-05,0.0034053579438477755
2090,1.2197865544294473e-05,0.003405472729355097
2091,1.2194380360597279e-05,0.0034053963609039783
2092,1.2190756024210714e-05,0.003405281575396657
2093,1.2187218089820817e-05,0.003405358176678419
2094,1.2183973922219593e-05,0.0034054771531373262
2095,1.2180698831798509e-05,0.0034053013660013676
2096,1.2176933523733169e-05,0.003405266674235463
2097,1.2173474715382326e-05,0.0034054715652018785
2098,1.2170507943665143e-05,0.003405323950573802
2099,1.2166698070359416e-05,0.0034051332622766495
2100,1.2163376595708542e-05,0.0034052967093884945
2101,1.2159722245996818e-05,0.0034054056741297245
2102,1.215657357533928e-05,0.0034053302370011806
2103,1.2152688213973306e-05,0.003405253868550062
2104,1.2149625035817735e-05,0.003405426861718297
2105,1.2145748769398779e-05,0.0034055146388709545
2106,1.2142867490183562e-05,0.0034054280258715153
2107,1.2139114915044047e-05,0.003405363531783223
2108,1.2135649740230292e-05,0.00340549205429852
2109,1.2132111805840395e-05,0.003405502764508128
2110,1.2128735761507414e-05,0.00340542895719409
2111,1.212537335959496e-05,0.0034053418785333633
2112,1.2121940017095767e-05,0.003405387280508876
2113,1.2118573067709804e-05,0.0034054038114845753
2114,1.2115071513107978e-05,0.0034053127747029066
2115,1.2112162949051708e-05,0.003405348164960742
2116,1.2108048395020887e-05,0.0034053069539368153
2117,1.2104645065846853e-05,0.003405251307412982
2118,1.2101367246941663e-05,0.003405278082937002
2119,1.209837500937283e-05,0.0034053693525493145
2120,1.209455786010949e-05,0.003405243158340454
2121,1.2090857126167975e-05,0.0034052026458084583
2122,1.2087570212315768e-05,0.0034053523559123278
2123,1.2084367881470826e-05,0.0034053821582347155
2124,1.2080992746632546e-05,0.0034051735419780016
2125,1.2077422070433386e-05,0.00340528367087245
2126,1.2074300684616901e-05,0.00340535631403327
2127,1.2071000128344167e-05,0.0034052408300340176
2128,1.2067670468240976e-05,0.003405235009267926
2129,1.2064288966939785e-05,0.0034053646959364414
2130,1.2060840163030662e-05,0.0034053269773721695
2131,1.2057324056513608e-05,0.0034052312839776278
2132,1.205388798553031e-05,0.003405316499993205
2133,1.2050596524204593e-05,0.0034054231364279985
2134,1.2046889423800167e-05,0.003405220340937376
2135,1.204333057103213e-05,0.003405204741284251
2136,1.2039994544466026e-05,0.0034052622504532337
2137,1.2036807675031014e-05,0.0034051653929054737
2138,1.2033232451358344e-05,0.0034050685353577137
2139,1.202993644255912e-05,0.0034051588736474514
2140,1.20262839118368e-05,0.0034052282571792603
2141,1.2023112503811717e-05,0.003405241994187236
2142,1.2019586392852943e-05,0.003405223833397031
2143,1.2016837899864186e-05,0.00340539263561368
2144,1.2012960723950528e-05,0.003405355615541339
2145,1.2009671991108917e-05,0.0034052710980176926
2146,1.2006265023956075e-05,0.003405353520065546
2147,1.2003069059574045e-05,0.003405387280508876
2148,1.1999303751508705e-05,0.0034052834380418062
2149,1.1995825843769126e-05,0.0034053351264446974
2150,1.1992420695605688e-05,0.0034055139403790236
2151,1.1989664926659316e-05,0.0034054249990731478
2152,1.1986036952293944e-05,0.003405256662517786
2153,1.1983016520389356e-05,0.0034053795970976353
2154,1.1979451301158406e-05,0.003405404044315219
2155,1.197627261717571e-05,0.003405178664252162
2156,1.1972705578955356e-05,0.0034051593393087387
2157,1.1969184924964793e-05,0.0034053013660013676
2158,1.1965825251536444e-05,0.00340525945648551
2159,1.1962218195549212e-05,0.0034052706323564053
2160,1.1959510629822034e-05,0.0034054196439683437
2161,1.1955620720982552e-05,0.003405388444662094
2162,1.1952191016462166e-05,0.003405370283871889
2163,1.1948714018217288e-05,0.003405461087822914
2164,1.1945217920583673e-05,0.0034054473508149385
2165,1.1942078344873153e-05,0.0034053740091621876
2166,1.1938815987377893e-05,0.003405510913580656
2167,1.1935411748709157e-05,0.003405469236895442
2168,1.1932141205761582e-05,0.003405405906960368
2169,1.1929170796065591e-05,0.003405566792935133
2170,1.1925688340852503e-05,0.0034054976422339678
2171,1.1922124940610956e-05,0.003405337454751134
2172,1.1918896234419663e-05,0.0034053861163556576
2173,1.1915333743672818e-05,0.0034054480493068695
2174,1.1911954970855732e-05,0.0034053302370011806
2175,1.1908608939847909e-05,0.0034053195267915726
2176,1.190502371173352e-05,0.0034055286087095737
2177,1.1901813195436262e-05,0.003405399154871702
2178,1.1898808224941604e-05,0.0034053355921059847
2179,1.189505110232858e-05,0.0034053917042911053
2180,1.1891663234564476e-05,0.0034053768031299114
2181,1.1888629160239361e-05,0.003405272960662842
2182,1.1885166713909712e-05,0.0034052864648401737
2183,1.1881574209837709e-05,0.003405370283871889
2184,1.187873840535758e-05,0.003405413357540965
2185,1.1875325071741827e-05,0.0034053127747029066
2186,1.1871605238411576e-05,0.003405410796403885
2187,1.1868582078022882e-05,0.0034055921714752913
2188,1.1865415217471309e-05,0.0034053802955895662
2189,1.186162444355432e-05,0.0034052818082273006
2190,1.1858441212098114e-05,0.0034054573625326157
2191,1.1855132470373064e-05,0.0034053854178637266
2192,1.1851716408273205e-05,0.0034053015988320112
2193,1.1848192116303835e-05,0.0034053351264446974
2194,1.1844838809338398e-05,0.0034054573625326157
2195,1.1841545529023279e-05,0.0034054473508149385
2196,1.1838133104902226e-05,0.0034055046271532774
2197,1.1835078112198971e-05,0.003405471798032522
2198,1.1831652955152094e-05,0.0034054401330649853
2199,1.1828507012978662e-05,0.0034054324496537447
2200,1.1825000910903327e-05,0.0034053840208798647
2201,1.1822183296317235e-05,0.0034054077696055174
2202,1.1818183338618837e-05,0.003405324649065733
2203,1.1815031939477194e-05,0.003405338153243065
2204,1.1811524927907158e-05,0.0034054461866617203
2205,1.1808077033492737e-05,0.003405436873435974
2206,1.1804890164057724e-05,0.0034054829739034176
2207,1.1801638720498886e-05,0.003405484836548567
2208,1.1798295417975169e-05,0.0034055362921208143
2209,1.1795492355304305e-05,0.0034057144075632095
2210,1.1791787073889282e-05,0.00340561312623322
2211,1.1788290976255666e-05,0.0034055847208946943
2212,1.1785273272835184e-05,0.0034057223238050938
2213,1.1781979083025362e-05,0.0034056627191603184
2214,1.1778497537306976e-05,0.0034055043943226337
2215,1.177532431029249e-05,0.0034056089352816343
2216,1.1771793651860207e-05,0.0034055416472256184
2217,1.1768293916247785e-05,0.0034054734278470278
2218,1.1765181625378318e-05,0.0034054529387503862
2219,1.1761954738176428e-05,0.0034055388532578945
2220,1.1758495929825585e-05,0.003405575407668948
2221,1.1755403647839557e-05,0.0034055556170642376
2222,1.1752138561860193e-05,0.003405638737604022
2223,1.1748627002816647e-05,0.0034057318698614836
2224,1.1745398296625353e-05,0.0034056915901601315
2225,1.1742098649847321e-05,0.003405726980417967
2226,1.1738618013623636e-05,0.0034057118464261293
2227,1.1735514817701187e-05,0.0034055146388709545
2228,1.1732225175364874e-05,0.003405468538403511
2229,1.172889915324049e-05,0.00340550160035491
2230,1.1725549484253861e-05,0.003405429422855377
2231,1.1722249837475829e-05,0.0034054298885166645
2232,1.171892108686734e-05,0.0034056068398058414
2233,1.1715451364580076e-05,0.0034057465381920338
2234,1.1712229934346396e-05,0.0034058690071105957
2235,1.1709553291439079e-05,0.0034059546887874603
2236,1.1705554243235383e-05,0.0034059113822877407
2237,1.1702306437655352e-05,0.0034059137105941772
2238,1.1699290553224273e-05,0.00340587948448956
2239,1.1695721696014516e-05,0.003405757248401642
2240,1.169264032796491e-05,0.003405708121135831
2241,1.1689236998790875e-05,0.0034057789016515017
2242,1.1685927347571123e-05,0.0034057856537401676
2243,1.1682916010613553e-05,0.0034058396704494953
2244,1.1679435374389868e-05,0.00340585270896554
2245,1.1675955647660885e-05,0.003405752358958125
2246,1.1672781511151697e-05,0.003405744908377528
2247,1.1669719242490828e-05,0.003405752358958125
2248,1.1666438695101533e-05,0.003405659692361951
2249,1.1663110853987746e-05,0.0034056715667247772
2250,1.1659685696940869e-05,0.0034058180171996355
2251,1.1656330570986029e-05,0.0034058440942317247
2252,1.165327375929337e-05,0.003405938623473048
2253,1.1649573934846558e-05,0.003405880881473422
2254,1.1647057363006752e-05,0.003405878320336342
2255,1.164340392278973e-05,0.0034057400189340115
2256,1.1640116099442821e-05,0.0034056021831929684
2257,1.1636759154498577e-05,0.0034055854193866253
2258,1.163344131782651e-05,0.003405576106160879
2259,1.1629946129687596e-05,0.003405597759410739
2260,1.1626783816609532e-05,0.0034058336168527603
2261,1.1623842510743998e-05,0.0034058564342558384
2262,1.1620296390901785e-05,0.0034059337340295315
2263,1.1617450581979938e-05,0.003406168194487691
2264,1.1614180039032362e-05,0.003406022908166051
2265,1.1610771252890117e-05,0.003405898343771696
2266,1.160774627351202e-05,0.0034060063771903515
2267,1.16044520837022e-05,0.003405928611755371
2268,1.1600823199842125e-05,0.0034057539887726307
2269,1.1597714546951465e-05,0.0034058610908687115
2270,1.1594640454859473e-05,0.0034059989266097546
2271,1.1591164366109297e-05,0.003405752358958125
2272,1.1587819244596176e-05,0.0034058145247399807
2273,1.1584386811591685e-05,0.003406036179512739
2274,1.1581930266402196e-05,0.0034059355966746807
2275,1.1577952136576641e-05,0.003405774710699916
2276,1.1574983545870055e-05,0.0034060347825288773
2277,1.1571270988497417e-05,0.003406138624995947
2278,1.1568516129045747e-05,0.003406040370464325
2279,1.156480902864132e-05,0.0034060776233673096
2280,1.156167400040431e-05,0.0034062534105032682
2281,1.1558508049347438e-05,0.003406178206205368
2282,1.1555187484191265e-05,0.003406064584851265
2283,1.1552590876817703e-05,0.0034062478225678205
2284,1.1548871952982154e-05,0.003406120929867029
2285,1.1545504094101489e-05,0.0034059714525938034
2286,1.1542246284079738e-05,0.003406138624995947
2287,1.153900484496262e-05,0.003406229894608259
2288,1.1536002602952067e-05,0.003405957715585828
2289,1.1532740245456807e-05,0.0034060657490044832
2290,1.1529386028996669e-05,0.00340629112906754
2291,1.1526305570441764e-05,0.0034060843754559755
2292,1.152281038230285e-05,0.003406033618375659
2293,1.1519751751620788e-05,0.0034063435159623623
2294,1.1516773156472482e-05,0.0034061435144394636
2295,1.1512865967233665e-05,0.0034059782046824694
2296,1.1510675903991796e-05,0.003406273201107979
2297,1.150699426943902e-05,0.0034060541074723005
2298,1.1503188943606801e-05,0.0034057884477078915
2299,1.1500483196869027e-05,0.0034060324542224407
2300,1.1496988918224815e-05,0.0034060515463352203
2301,1.1493553756736219e-05,0.003405797528102994
2302,1.1490539691294543e-05,0.003405944677069783
2303,1.1486758012324572e-05,0.0034061174374073744
2304,1.1484317838039715e-05,0.0034059889148920774
2305,1.148067349276971e-05,0.003405886236578226
2306,1.1476989129732829e-05,0.0034058443270623684
2307,1.1474003258626908e-05,0.003405712079256773
2308,1.147110560850706e-05,0.003405515570193529
2309,1.1467687727417797e-05,0.0034054373390972614
2310,1.146468821389135e-05,0.003405394032597542
2311,1.1460868336143903e-05,0.0034053281415253878
2312,1.145777332567377e-05,0.003405333962291479
2313,1.145482383435592e-05,0.0034054734278470278
2314,1.1451686077634804e-05,0.0034053903073072433
2315,1.1448378245404456e-05,0.0034051709808409214
2316,1.1445426935097203e-05,0.0034052394330501556
2317,1.1441936294431798e-05,0.0034051756374537945
2318,1.1438794899731874e-05,0.0034049157984554768
2319,1.1435569831519388e-05,0.0034049279056489468
2320,1.1432111932663247e-05,0.0034049898386001587
2321,1.1429129699536134e-05,0.0034048291854560375
2322,1.1425605407566763e-05,0.0034047975204885006
2323,1.1422760508139618e-05,0.0034049414098262787
2324,1.1419820111768786e-05,0.0034047109074890614
2325,1.1416125744290184e-05,0.003404476447030902
2326,1.1413261745474301e-05,0.0034046550281345844
2327,1.1409986655053217e-05,0.0034045763313770294
2328,1.1406748853914905e-05,0.003404374001547694
2329,1.1403963071643375e-05,0.003404563758522272
2330,1.1400263247196563e-05,0.003404679475352168
2331,1.1397218258935027e-05,0.0034045048523694277
2332,1.1394199646019842e-05,0.003404613584280014
2333,1.1390436156943906e-05,0.003404518123716116
2334,1.13872010842897e-05,0.003404313698410988
2335,1.1384126082703006e-05,0.0034041174221783876
2336,1.1381154763512313e-05,0.0034040443133562803
2337,1.1377829650882632e-05,0.003403929527848959
2338,1.1374664609320462e-05,0.003403862938284874
2339,1.1371445907570887e-05,0.003403949085623026
2340,1.1368063496774994e-05,0.0034040180034935474
2341,1.136482933361549e-05,0.003404080867767334
2342,1.1361567885614932e-05,0.0034039753954857588
2343,1.1358394658600446e-05,0.003403975861147046
2344,1.1355126844136976e-05,0.0034039050806313753
2345,1.1352494766470045e-05,0.003403750481083989
2346,1.1348766747687478e-05,0.0034035358112305403
2347,1.1345879102009349e-05,0.0034035637509077787
2348,1.1342582183715422e-05,0.0034035411663353443
2349,1.1339247976138722e-05,0.003403418930247426
2350,1.1335982890159357e-05,0.0034034638665616512
2351,1.1333209840813652e-05,0.003403571667149663
2352,1.1329957487760112e-05,0.0034032990224659443
2353,1.1326584171911236e-05,0.0034033216070383787
2354,1.132323632191401e-05,0.0034034475684165955
2355,1.1320536941639148e-05,0.0034032955300062895
2356,1.131695717049297e-05,0.003403142560273409
2357,1.1314177754684351e-05,0.0034033358097076416
2358,1.1310854461044073e-05,0.0034032813273370266
2359,1.1307647582725622e-05,0.003403058275580406
2360,1.1305359294055961e-05,0.0034032135736197233
2361,1.1301320228085387e-05,0.00340304896235466
2362,1.1297946912236512e-05,0.003402824280783534
2363,1.1295001968392171e-05,0.0034029162488877773
2364,1.129176962422207e-05,0.0034028657246381044
2365,1.1288734640402254e-05,0.0034026571083813906
2366,1.1285656000836752e-05,0.0034028415102511644
2367,1.128201256506145e-05,0.0034027795772999525
2368,1.127883206208935e-05,0.003402623813599348
2369,1.1276075383648276e-05,0.0034028287045657635
2370,1.1272857591393404e-05,0.0034026652574539185
2371,1.1269470633124001e-05,0.0034024748019874096
2372,1.1266733054071665e-05,0.0034025958739221096
2373,1.1263430678809527e-05,0.0034025032073259354
2374,1.125996459450107e-05,0.003402333240956068
2375,1.1257135156483855e-05,0.003402453614398837
2376,1.1253468073846307e-05,0.003402433590963483
2377,1.1250943316554185e-05,0.003402307629585266
2378,1.1247097972955089e-05,0.0034022084437310696
2379,1.1244519555475563e-05,0.003402273403480649
2380,1.124138907471206e-05,0.0034020021557807922
2381,1.1238032129767817e-05,0.003401919500902295
2382,1.1234913472435437e-05,0.0034020734019577503
2383,1.1231784810661338e-05,0.0034019940067082644
2384,1.1228594303247519e-05,0.003401960479095578
2385,1.1225445632589981e-05,0.0034021653700619936
2386,1.1222173270653002e-05,0.003402090398594737
2387,1.1218828149139881e-05,0.0034019500017166138
2388,1.121584682550747e-05,0.003401894820854068
2389,1.1212781828362495e-05,0.0034016151912510395
2390,1.120970136980759e-05,0.003401435911655426
2391,1.1206631825189106e-05,0.003401417750865221
2392,1.1203388567082584e-05,0.003401299240067601
2393,1.1200228982488625e-05,0.003401257796213031
2394,1.1197224011993967e-05,0.003401410300284624
2395,1.1194008038728498e-05,0.0034014112316071987
2396,1.1190730219823308e-05,0.003401347203180194
2397,1.118735053751152e-05,0.0034013588447123766
2398,1.118441105063539e-05,0.003401304129511118
2399,1.1181598893017508e-05,0.003400998655706644
2400,1.117816827900242e-05,0.0034008105285465717
2401,1.1175153304066043e-05,0.0034008200746029615
2402,1.1172016456839629e-05,0.0034006517380476
2403,1.1168723176524509e-05,0.0034005914349108934
2404,1.1165699106641114e-05,0.0034007984213531017
2405,1.1162371265527327e-05,0.0034008193761110306
2406,1.1159279893036e-05,0.0034008000511676073
2407,1.1156125765410252e-05,0.003401033580303192
2408,1.1153081686643418e-05,0.0034008226357400417
2409,1.1149984857183881e-05,0.003400708083063364
2410,1.114680890168529e-05,0.0034006121568381786
2411,1.1143808478664141e-05,0.00340040260925889
2412,1.1140598871861584e-05,0.003400266170501709
2413,1.113756479753647e-05,0.0034002773463726044
2414,1.1134535270684864e-05,0.0034002463798969984
2415,1.1130975508422125e-05,0.003400261979550123
2416,1.1128009646199644e-05,0.0034003208857029676
2417,1.112481186282821e-05,0.003400264773517847
2418,1.1122301657451317e-05,0.003400248708203435
2419,1.1118344446003903e-05,0.0034001399762928486
2420,1.1115315828646999e-05,0.003399904351681471
2421,1.1112979336758144e-05,0.0033999711740761995
2422,1.1109558727184776e-05,0.0033998519647866488
2423,1.1106534657301381e-05,0.0033997774589806795
2424,1.1103804354206659e-05,0.0033999276347458363
2425,1.1100739357061684e-05,0.0033999462611973286
2426,1.1097340575361159e-05,0.003399857087060809
2427,1.1094521141785663e-05,0.0033999159932136536
2428,1.1091246051364578e-05,0.003399837063625455
2429,1.1088193787145428e-05,0.003399614943191409
2430,1.1084986908826977e-05,0.003399515524506569
2431,1.108194646803895e-05,0.003399466397240758
2432,1.1078620445914567e-05,0.00339912879280746
2433,1.1075515431002714e-05,0.003399079665541649
2434,1.1072278539359104e-05,0.003399169771000743
2435,1.1069078936998267e-05,0.0033989851363003254
2436,1.1065918442909606e-05,0.0033990133088082075
2437,1.1062616067647468e-05,0.0033991881646215916
2438,1.1059400094382e-05,0.0033991090022027493
2439,1.1056700714107137e-05,0.0033992063254117966
2440,1.1053107300540432e-05,0.0033991876989603043
2441,1.1050218745367602e-05,0.0033991143573075533
2442,1.1046877261833288e-05,0.003399110632017255
2443,1.1043787708331365e-05,0.00339913135394454
2444,1.1040827303077094e-05,0.003398861736059189
2445,1.1038197044399567e-05,0.0033989392686635256
2446,1.103461818274809e-05,0.0033988356590270996
2447,1.1031630492652766e-05,0.0033986964263021946
2448,1.1028399967472069e-05,0.0033988195937126875
2449,1.1025478670489974e-05,0.003398813307285309
2450,1.1022078979294747e-05,0.003398709697648883
2451,1.101901307265507e-05,0.003398771630600095
2452,1.101599627872929e-05,0.0033986885100603104
2453,1.1012729373760521e-05,0.0033985269255936146
2454,1.1009857189492323e-05,0.0033985115587711334
2455,1.100664485420566e-05,0.0033982146997004747
2456,1.100341796700377e-05,0.003398112952709198
2457,1.1000316590070724e-05,0.0033979597501456738
2458,1.099734890885884e-05,0.003397831227630377
2459,1.0994386684615165e-05,0.003397871507331729
2460,1.0991164344886784e-05,0.003397918539121747
2461,1.0988010217261035e-05,0.003397942753508687
2462,1.0984944310621358e-05,0.0033981078304350376
2463,1.0982008461724035e-05,0.0033981509041041136
2464,1.0978462341881823e-05,0.0033981024753302336
2465,1.0975515579048079e-05,0.0033980929292738438
2466,1.0972560630762018e-05,0.003398070577532053
2467,1.0969853974529542e-05,0.003397565335035324
2468,1.0966782610921655e-05,0.0033975443802773952
2469,1.0963482054648921e-05,0.0033975306432694197
2470,1.096082451113034e-05,0.0033971904776990414
2471,1.0957663107546978e-05,0.0033972945529967546
2472,1.0954060599033255e-05,0.003397532971575856
2473,1.0951565855066292e-05,0.0033973741810768843
2474,1.0948165254376363e-05,0.003397491993382573
2475,1.094474191631889e-05,0.0033976412378251553
2476,1.0941698747046757e-05,0.003397433552891016
2477,1.0938633749901783e-05,0.003397247986868024
2478,1.0935708814940881e-05,0.003397177904844284
2479,1.093256923923036e-05,0.003396993037313223
2480,1.0929528798442334e-05,0.0033968407660722733
2481,1.0926350114459638e-05,0.0033969287760555744
2482,1.0923358786385506e-05,0.0033969213254749775
2483,1.092030288418755e-05,0.0033969245851039886
2484,1.0917106010310818e-05,0.0033970612566918135
2485,1.0913997357420158e-05,0.0033970281947404146
2486,1.0910906894423533e-05,0.0033969685900956392
2487,1.0907649993896484e-05,0.003396772313863039
2488,1.090474961529253e-05,0.0033966824412345886
2489,1.0901482710323762e-05,0.0033966023474931717
2490,1.0898946129600517e-05,0.003396549727767706
2491,1.0895435480051674e-05,0.0033964626491069794
2492,1.0892703357967548e-05,0.0033965669572353363
2493,1.0889460099861026e-05,0.0033965595066547394
2494,1.0886365998885594e-05,0.00339646078646183
2495,1.0883202776312828e-05,0.003396469634026289
2496,1.0880224181164522e-05,0.003396384883671999
2497,1.0877598469960503e-05,0.003396316897124052
2498,1.0874131476157345e-05,0.0033961546141654253
2499,1.087085092876805e-05,0.0033961604349315166
2500,1.0867688615689985e-05,0.0033961418084800243
2501,1.0864945579669438e-05,0.0033960645087063313
2502,1.0861747796298005e-05,0.0033959716092795134
2503,1.0858791938517243e-05,0.003396045882254839
2504,1.0855443179025315e-05,0.0033959976863116026
2505,1.0852649211301468e-05,0.0033958996646106243
2506,1.0849649697775021e-05,0.0033960267901420593
2507,1.0846563782251906e-05,0.0033957932610064745
2508,1.0843517884495668e-05,0.0033957534469664097
2509,1.0840436516446061e-05,0.0033957920968532562
2510,1.0837432455446105e-05,0.003395599778741598
2511,1.0834180102392565e-05,0.0033955469261854887
2512,1.0831228792085312e-05,0.003395587671548128
2513,1.0828052836586721e-05,0.0033954877872020006
2514,1.0825631761690602e-05,0.0033955201506614685
2515,1.082192738977028e-05,0.0033954300452023745
2516,1.0818881492014043e-05,0.003395377891138196
2517,1.0815652785822749e-05,0.003395363222807646
2518,1.0813419066835195e-05,0.0033953182864934206
2519,1.0809626473928802e-05,0.0033951953519135714
2520,1.0806485079228878e-05,0.0033952947705984116
2521,1.0803611075971276e-05,0.003395307110622525
2522,1.0800554264278617e-05,0.003395233303308487
2523,1.0797517461469397e-05,0.0033953185193240643
2524,1.0794447916850913e-05,0.003395263571292162
2525,1.0791505701490678e-05,0.0033952060621231794
2526,1.0788147847051732e-05,0.0033950451761484146
2527,1.0785564882098697e-05,0.003395064966753125
2528,1.0782667231978849e-05,0.0033947876654565334
2529,1.0779249350889586e-05,0.0033947464544326067
2530,1.0776519957289565e-05,0.0033947534393519163
2531,1.0773478607006837e-05,0.003394605591893196
2532,1.0770300832518842e-05,0.0033946349285542965
2533,1.0767087587737478e-05,0.0033946677576750517
2534,1.0764032595034223e-05,0.0033945206087082624
2535,1.0760903023765422e-05,0.00339447776786983
2536,1.0757898962765466e-05,0.003394384402781725
2537,1.0754773029475473e-05,0.0033942037262022495
2538,1.0752111847978085e-05,0.0033942863810807467
2539,1.0749076864158269e-05,0.0033939634449779987
2540,1.0745968211267609e-05,0.0033940107095986605
2541,1.0742877748270985e-05,0.0033941466826945543
2542,1.0740221114247106e-05,0.0033939804416149855
2543,1.0736917829490267e-05,0.003394122701138258
2544,1.0733956514741294e-05,0.0033942670561373234
2545,1.0730807844083756e-05,0.0033941008150577545
2546,1.0727924745879136e-05,0.0033941722940653563
2547,1.0724467756517697e-05,0.003394217463210225
2548,1.0721475518948864e-05,0.0033939294517040253
2549,1.0719199963205028e-05,0.0033939636778086424
2550,1.071546103048604e-05,0.0033937692642211914
2551,1.0712236871768255e-05,0.0033934260718524456
2552,1.0709778507589363e-05,0.0033935527317225933
2553,1.0706389730330557e-05,0.003393489168956876
2554,1.0703285624913406e-05,0.003393369959667325
2555,1.070062535291072e-05,0.0033936570398509502
2556,1.0697518519009463e-05,0.003393710358068347
2557,1.069434620148968e-05,0.0033936146646738052
2558,1.06914330899599e-05,0.0033938060514628887
2559,1.0688559996197e-05,0.003393477527424693
2560,1.0685132110666018e-05,0.0033932807855308056
2561,1.06822499219561e-05,0.0033932861406356096
2562,1.0679206752683967e-05,0.003392937360331416
2563,1.067661196429981e-05,0.0033929795026779175
2564,1.0673075848899316e-05,0.003392993239685893
2565,1.0670027222658973e-05,0.003392986487597227
2566,1.0667213246051688e-05,0.0033931457437574863
2567,1.0664098226698115e-05,0.003393176943063736
2568,1.0660890438884962e-05,0.0033931024372577667
2569,1.0657951861503534e-05,0.003393090097233653
2570,1.0655003279680386e-05,0.003393039107322693
2571,1.0651803677319549e-05,0.00339271011762321
2572,1.0649188880051952e-05,0.0033927406184375286
2573,1.0645870133885182e-05,0.0033926847390830517
2574,1.0642817869666032e-05,0.0033925275783985853
2575,1.0640338587109e-05,0.003392751095816493
2576,1.0636979823175352e-05,0.0033926465548574924
2577,1.0633980309648905e-05,0.0033926269970834255
2578,1.0631001714500599e-05,0.0033927801996469498
2579,1.0628008567437064e-05,0.00339258904568851
2580,1.0624855349306017e-05,0.0033925895113497972
2581,1.062188675859943e-05,0.0033924723975360394
2582,1.061897819454316e-05,0.003392340149730444
2583,1.0616029612720013e-05,0.0033923231530934572
2584,1.0612835467327386e-05,0.003392272163182497
2585,1.0609835953800939e-05,0.0033922013826668262
2586,1.0606606338114943e-05,0.003392216982319951
2587,1.0603631380945444e-05,0.0033921333961188793
2588,1.0600883797451388e-05,0.00339210475794971
2589,1.059760143107269e-05,0.003391942474991083
2590,1.059458554664161e-05,0.0033919126726686954
2591,1.0591703357931692e-05,0.003391847014427185
2592,1.0589149496809114e-05,0.00339183839969337
2593,1.0585608833935112e-05,0.003391656558960676
2594,1.0582682989479508e-05,0.0033917278051376343
2595,1.0579712579783518e-05,0.0033917296677827835
2596,1.057670760928886e-05,0.003391618374735117
2597,1.0573848157946486e-05,0.003391705919057131
2598,1.0570537597232033e-05,0.0033916770480573177
2599,1.0567680874373764e-05,0.0033915694802999496
2600,1.0564527656242717e-05,0.003391643986105919
2601,1.056175369740231e-05,0.0033916004467755556
2602,1.0558926078374498e-05,0.0033914162777364254
2603,1.0555570952419657e-05,0.0033913101069629192
2604,1.0552828825893812e-05,0.003391280770301819
2605,1.0549799299042206e-05,0.003391103120520711
2606,1.0546755220275372e-05,0.0033911094069480896
2607,1.0543801181484014e-05,0.003391169011592865
2608,1.0540801667957567e-05,0.0033911142963916063
2609,1.0537850357650314e-05,0.003391186473891139
2610,1.053459618560737e-05,0.003391228150576353
2611,1.0531525731494185e-05,0.003391061443835497
2612,1.052856896421872e-05,0.003391024423763156
2613,1.052583411365049e-05,0.003390968544408679
2614,1.0522950105951168e-05,0.003390657249838114
2615,1.0519608622416854e-05,0.003390613943338394
2616,1.0516715519770514e-05,0.0033906481694430113
2617,1.051396338880295e-05,0.0033905121963471174
2618,1.0511216714803595e-05,0.003390667261555791
2619,1.0507921615499072e-05,0.0033907804172486067
2620,1.0504761121410411e-05,0.0033907585311681032
2621,1.0501850738364737e-05,0.0033908686600625515
2622,1.0498716619622428e-05,0.0033907971810549498
2623,1.049571164912777e-05,0.0033906400203704834
2624,1.0493029549252242e-05,0.003390625584870577
2625,1.048992544383509e-05,0.0033902390860021114
2626,1.0486854989721905e-05,0.0033901832066476345
2627,1.0484191989235114e-05,0.003390220459550619
2628,1.0481339813850354e-05,0.0033899315167218447
2629,1.0478324838913977e-05,0.003390201600268483
2630,1.0475023373146541e-05,0.0033903191797435284
2631,1.047210844262736e-05,0.0033902123104780912
2632,1.04693081084406e-05,0.003390470054000616
2633,1.04662303783698e-05,0.0033903843723237514
2634,1.0463011676620226e-05,0.00339018483646214
2635,1.0460393241373822e-05,0.003390340134501457
2636,1.0458059477969073e-05,0.003389886813238263
2637,1.0454449693497736e-05,0.003389892401173711
2638,1.045111730491044e-05,0.00338991591706872
2639,1.0448591638123617e-05,0.0033895547967404127
2640,1.044600321620237e-05,0.0033897259272634983
2641,1.0442681741551496e-05,0.003389569465070963
2642,1.0439471225254238e-05,0.0033894504886120558
2643,1.0436694537929725e-05,0.00338965211994946
2644,1.0433945135446265e-05,0.0033894788939505816
2645,1.0430591828480829e-05,0.0033894877415150404
2646,1.0427711458760314e-05,0.00338964955881238
2647,1.0425082109577488e-05,0.00338928890414536
2648,1.042225176206557e-05,0.0033894397784024477
2649,1.0418711099191569e-05,0.003389410674571991
2650,1.0416183613415342e-05,0.0033890921622514725
2651,1.0413441486889496e-05,0.0033892649225890636
2652,1.0410100003355183e-05,0.0033891270868480206
2653,1.0406904038973153e-05,0.003389001591131091
2654,1.040411189023871e-05,0.003389031393453479
2655,1.0401015970273875e-05,0.0033889736514538527
2656,1.0397964615549427e-05,0.0033888989128172398
2657,1.039506787492428e-05,0.0033890113700181246
2658,1.039250309986528e-05,0.0033887438476085663
2659,1.0389321687398478e-05,0.0033888909965753555
2660,1.0386366739112418e-05,0.003388884011656046
2661,1.038358186633559e-05,0.0033886567689478397
2662,1.0380821549915709e-05,0.003388808574527502
2663,1.0377579201303888e-05,0.0033886930905282497
2664,1.037450238072779e-05,0.0033885338343679905
2665,1.0371814823884051e-05,0.0033886481542140245
2666,1.0368703442509286e-05,0.003388436045497656
2667,1.0366200513090007e-05,0.0033883850555866957
2668,1.0362547982367687e-05,0.003388281911611557
2669,1.036016965372255e-05,0.0033882756251841784
2670,1.0356887287343852e-05,0.0033881315030157566
2671,1.0354017831559759e-05,0.0033883084543049335
2672,1.0351143828302156e-05,0.003388336393982172
2673,1.0348121577408165e-05,0.0033883568830788136
2674,1.0345129339839332e-05,0.003388534067198634
2675,1.0342326277168468e-05,0.0033884395379573107
2676,1.033920307236258e-05,0.0033884092699736357
2677,1.0336184459447395e-05,0.0033883426804095507
2678,1.03333659353666e-05,0.0033880644477903843
2679,1.0330471013730858e-05,0.003388009499758482
2680,1.032779437082354e-05,0.003387738484889269
2681,1.032460386340972e-05,0.0033875375520437956
2682,1.032200816553086e-05,0.003387699369341135
2683,1.0319108696421608e-05,0.003387667238712311
2684,1.0315920007997192e-05,0.0033877722453325987
2685,1.0313006896467414e-05,0.003388024168089032
2686,1.0310344805475324e-05,0.0033879713155329227
2687,1.0307133379683364e-05,0.0033880218397825956
2688,1.0304241186531726e-05,0.003387943608686328
2689,1.0301254405931104e-05,0.003387654898688197
2690,1.0298112101736479e-05,0.0033875354565680027
2691,1.0295290849171579e-05,0.003387379925698042
2692,1.0292539627698716e-05,0.003387023461982608
2693,1.0290337741025724e-05,0.0033872933126986027
2694,1.0287030818290077e-05,0.0033870593179017305
2695,1.0283863048243802e-05,0.0033871126361191273
2696,1.0280781680194195e-05,0.003387386677786708
2697,1.0278284207743127e-05,0.0033871803898364305
2698,1.0275207387167029e-05,0.0033873766660690308
2699,1.0272071449435316e-05,0.0033874299842864275
2700,1.0269031918141991e-05,0.003387178760021925
2701,1.0266207027598284e-05,0.0033872805070132017
2702,1.0263621334161144e-05,0.0033871002960950136
2703,1.0260262570227496e-05,0.00338667631149292
2704,1.0257734174956568e-05,0.0033868562895804644
2705,1.0254972949041985e-05,0.0033865354489535093
2706,1.0251545063511003e-05,0.003386537777259946
2707,1.02487738331547e-05,0.0033868267200887203
2708,1.0246303645544685e-05,0.0033864956349134445
2709,1.0243609722238034e-05,0.003386835800483823
2710,1.0239875336992554e-05,0.003386876080185175
2711,1.0236921298201196e-05,0.003386614378541708
2712,1.0234518413199112e-05,0.0033868602477014065
2713,1.0231437045149505e-05,0.0033866092562675476
2714,1.0228973224002402e-05,0.0033865433651953936
2715,1.0225318874290679e-05,0.003386514261364937
2716,1.0222227501799352e-05,0.0033863552380353212
2717,1.0219470823358279e-05,0.00338636408559978
2718,1.0216564078291412e-05,0.0033863212447613478
2719,1.021371554088546e-05,0.003386249067261815
2720,1.0210741493210662e-05,0.0033863813150674105
2721,1.0208003004663624e-05,0.0033861915580928326
2722,1.0205121725448407e-05,0.0033863242715597153
2723,1.0201863005931955e-05,0.0033863012213259935
2724,1.01988598544267e-05,0.003386093769222498
2725,1.0196834409725852e-05,0.0033862311393022537
2726,1.0193469279329292e-05,0.00338590401224792
2727,1.0190448847424705e-05,0.0033859387040138245
2728,1.0187590305577032e-05,0.003386023221537471
2729,1.0184896382270381e-05,0.0033857636153697968
2730,1.01821360658505e-05,0.0033859889954328537
2731,1.0178805496252608e-05,0.003385865595191717
2732,1.017583690554602e-05,0.0033857058733701706
2733,1.0173124792345334e-05,0.003385823220014572
2734,1.0170133464271203e-05,0.0033855990041047335
2735,1.0166991160076577e-05,0.003385419026017189
2736,1.0164832019654568e-05,0.0033856849186122417
2737,1.0162225407839287e-05,0.0033853191416710615
2738,1.015916950564133e-05,0.0033856083173304796
2739,1.015585530694807e-05,0.0033857147209346294
2740,1.015305952023482e-05,0.0033855182118713856
2741,1.0150471098313574e-05,0.003385846735909581
2742,1.0147328794118948e-05,0.0033856425434350967
2743,1.0144106454390567e-05,0.003385502379387617
2744,1.0141140592168085e-05,0.003385555697605014
2745,1.0138706784346141e-05,0.0033851091284304857
2746,1.0135539923794568e-05,0.003385082585737109
2747,1.0132162060472183e-05,0.0033849645406007767
2748,1.0129611837328412e-05,0.003384803654626012
2749,1.0126314009539783e-05,0.003384644165635109
2750,1.0124155778612476e-05,0.0033847875893115997
2751,1.0121007107954938e-05,0.003384742420166731
2752,1.011815038509667e-05,0.003384803654626012
2753,1.0115171789948363e-05,0.003384997369721532
2754,1.0112545169249643e-05,0.0033849396277219057
2755,1.0109420145454351e-05,0.0033850378822535276
2756,1.0106445188284852e-05,0.0033849782776087523
2757,1.0103620297741145e-05,0.0033847815357148647
2758,1.0100625331688207e-05,0.003384706797078252
2759,1.0097828635480255e-05,0.0033845428843051195
2760,1.0094852768816054e-05,0.003384266747161746
2761,1.0092238881043158e-05,0.0033844236750155687
2762,1.0089502211485524e-05,0.0033843449782580137
2763,1.008611980068963e-05,0.0033843223936855793
2764,1.0083798770210706e-05,0.003384666983038187
2765,1.0080852007376961e-05,0.0033845279831439257
2766,1.0077953447762411e-05,0.0033846567384898663
2767,1.0074703823192976e-05,0.003384670941159129
2768,1.0071804354083724e-05,0.0033844150602817535
2769,1.0069153177028056e-05,0.0033844145946204662
2770,1.006607726594666e-05,0.0033841512631624937
2771,1.006320417218376e-05,0.003384082345291972
2772,1.0060515705845319e-05,0.0033838774543255568
2773,1.0057517101813573e-05,0.0033839684911072254
2774,1.0054469385067932e-05,0.003383892821148038
2775,1.0051691788248718e-05,0.0033839032985270023
2776,1.0049128832179122e-05,0.0033840711694210768
2777,1.0046336683444679e-05,0.0033838325180113316
2778,1.0043566362583078e-05,0.0033841158729046583
2779,1.0040557754109614e-05,0.003384003881365061
2780,1.0037407264462672e-05,0.003383941249921918
2781,1.003464603854809e-05,0.0033840809483081102
2782,1.0031932106357999e-05,0.0033837766386568546
2783,1.0029459190263879e-05,0.003383864415809512
2784,1.0026114068750758e-05,0.0033835414797067642
2785,1.0023200957220979e-05,0.003383536357432604
2786,1.0020170520874672e-05,0.003383506089448929
2787,1.0017298336606473e-05,0.0033833421766757965
2788,1.00144907264621e-05,0.0033835028298199177
2789,1.0011489393946249e-05,0.003383426694199443
2790,1.000856082100654e-05,0.003383475122973323
2791,1.0005880540120415e-05,0.0033833819907158613
2792,1.0003083843912464e-05,0.003383305622264743
2793,9.999956091633067e-06,0.003383207367733121
2794,9.997474080591928e-06,0.003383047180250287
2795,9.995050277211703e-06,0.0033831484615802765
2796,9.991794286179356e-06,0.003382836002856493
2797,9.989380487240851e-06,0.0033830974716693163
2798,9.986184522858821e-06,0.003382974537089467
2799,9.982994924939703e-06,0.0033829014282673597
2800,9.980375580198597e-06,0.0033830783795565367
2801,9.977758054446895e-06,0.003382837399840355
2802,9.974655768019147e-06,0.0033829249441623688
2803,9.97156348603312e-06,0.0033828462474048138
2804,9.96853759716032e-06,0.0033826655708253384
2805,9.96630569716217e-06,0.0033828546293079853
2806,9.963403499568813e-06,0.0033825852442532778
2807,9.96022208710201e-06,0.00338257709518075
2808,9.957334441423882e-06,0.0033827368170022964
2809,9.954832421499304e-06,0.003382507711648941
2810,9.952133041224442e-06,0.0033827926963567734
2811,9.948986189556308e-06,0.0033827065490186214
2812,9.94609945337288e-06,0.0033826983999460936
2813,9.94315450952854e-06,0.0033828355371952057
2814,9.94029232970206e-06,0.003382524475455284
2815,9.937632057699375e-06,0.0033825363498181105
2816,9.934786248777527e-06,0.003382329596206546
2817,9.931456588674337e-06,0.003382130991667509
2818,9.928719009622e-06,0.0033821004908531904
2819,9.926288839778863e-06,0.0033820471726357937
2820,9.923090146912728e-06,0.0033817458897829056
2821,9.92092645901721e-06,0.0033821507822722197
2822,9.918256182572804e-06,0.003381900954991579
2823,9.915041118802037e-06,0.0033821817487478256
2824,9.911991583066992e-06,0.003382378490641713
2825,9.909187610901427e-06,0.003382234601303935
2826,9.906724699249025e-06,0.00338253122754395
2827,9.903768841468263e-06,0.0033821999095380306
2828,9.90067928796634e-06,0.003382056253030896
2829,9.897526069835294e-06,0.003381891641765833
2830,9.894912182062399e-06,0.0033814958296716213
2831,9.89187083177967e-06,0.003381362184882164
2832,9.888909517030697e-06,0.003381356131285429
2833,9.88621286523994e-06,0.003381288843229413
2834,9.88339616014855e-06,0.003381581511348486
2835,9.880706784315407e-06,0.0033814937341958284
2836,9.878054697765037e-06,0.0033817824441939592
2837,9.875107934931293e-06,0.0033817142248153687
2838,9.872068403637968e-06,0.0033816881477832794
2839,9.86922714218963e-06,0.0033816457726061344
2840,9.866453183349222e-06,0.0033813449554145336
2841,9.86363556876313e-06,0.0033813011832535267
2842,9.860545105766505e-06,0.003381096525117755
2843,9.858298653853126e-06,0.003381031798198819
2844,9.854942618403584e-06,0.0033808774314820766
2845,9.85224778560223e-06,0.003380988957360387
2846,9.849386515270453e-06,0.0033809933811426163
2847,9.846655302681029e-06,0.003381074173375964
2848,9.843681255006231e-06,0.003381225746124983
2849,9.841099199547898e-06,0.0033812611363828182
2850,9.837977813731413e-06,0.003381202695891261
2851,9.83532390819164e-06,0.0033812765032052994
2852,9.832428077061195e-06,0.003380982903763652
2853,9.829740520217456e-06,0.003380943788215518
2854,9.826884706853889e-06,0.0033807423897087574
2855,9.824417247727979e-06,0.003380709560588002
2856,9.821102139540017e-06,0.0033805586863309145
2857,9.818450052989647e-06,0.0033807132858783007
2858,9.815315024752636e-06,0.0033806704450398684
2859,9.812622920435388e-06,0.0033807195723056793
2860,9.810061783355195e-06,0.00338081200607121
2861,9.806977686821483e-06,0.003380733309313655
2862,9.804140972846653e-06,0.003380691632628441
2863,9.801391570363194e-06,0.003380538895726204
2864,9.798667633731384e-06,0.0033804632257670164
2865,9.795724508876447e-06,0.0033801894169300795
2866,9.793007848202251e-06,0.0033802837133407593
2867,9.79048309091013e-06,0.0033802096731960773
2868,9.787380804482382e-06,0.003380119102075696
2869,9.784836038306821e-06,0.0033803998958319426
2870,9.782524102774914e-06,0.003380193142220378
2871,9.779552783584222e-06,0.0033804718405008316
2872,9.776405931916088e-06,0.003380427835509181
2873,9.773501005838625e-06,0.003380355890840292
2874,9.770614269655198e-06,0.0033804222475737333
2875,9.767944902705494e-06,0.0033800590317696333
2876,9.764999049366452e-06,0.003380042966455221
2877,9.761957699083723e-06,0.0033798031508922577
2878,9.758989108377136e-06,0.003379636211320758
2879,9.756176950759254e-06,0.0033797603100538254
2880,9.754407983564306e-06,0.003379496978595853
2881,9.75094735622406e-06,0.003379682544618845
2882,9.748076081450563e-06,0.0033797905780375004
2883,9.745376701175701e-06,0.0033796350471675396
2884,9.742833753989544e-06,0.003379926085472107
2885,9.74004615272861e-06,0.0033796709030866623
2886,9.737160326039884e-06,0.0033798266667872667
2887,9.734207196743228e-06,0.0033797055948525667
2888,9.731118552736007e-06,0.003379514906555414
2889,9.728641998663079e-06,0.003379568923264742
2890,9.725796189741232e-06,0.0033792227040976286
2891,9.722944014356472e-06,0.003379346104338765
2892,9.720462912810035e-06,0.003378992434591055
2893,9.717636203276925e-06,0.0033792033791542053
2894,9.714618499856442e-06,0.0033791300375014544
2895,9.711782695376314e-06,0.003379215719178319
2896,9.708829566079658e-06,0.0033792376052588224
2897,9.706119271868374e-06,0.0033793020993471146
2898,9.703070645628031e-06,0.003379323985427618
2899,9.70044311543461e-06,0.0033793046604841948
2900,9.6975654741982e-06,0.003379275556653738
2901,9.694788786873687e-06,0.003379198256880045
2902,9.69186112342868e-06,0.0033791016321629286
2903,9.689036232884973e-06,0.0033790271263569593
2904,9.686385965324007e-06,0.0033789395820349455
2905,9.68378117249813e-06,0.00337897683493793
2906,9.680828952696174e-06,0.003378641325980425
2907,9.678455171524547e-06,0.0033788890577852726
2908,9.675721230451018e-06,0.0033785528503358364
2909,9.67282448982587e-06,0.0033786986023187637
2910,9.669631253927946e-06,0.003378709312528372
2911,9.666946425568312e-06,0.0033784941770136356
2912,9.664721801527776e-06,0.0033789328299462795
2913,9.662511729402468e-06,0.003378524212166667
2914,9.659520401328336e-06,0.003378867404535413
2915,9.656148904468864e-06,0.003378605004400015
2916,9.652926564740483e-06,0.0033785041887313128
2917,9.65044728218345e-06,0.003378652036190033
2918,9.648420018493198e-06,0.003378024324774742
2919,9.64644095802214e-06,0.003378539113327861
2920,9.64378887147177e-06,0.0033779400400817394
2921,9.640269126975909e-06,0.003378303023055196
2922,9.636608410801273e-06,0.003378142137080431
2923,9.633251465857029e-06,0.0033780881203711033
2924,9.630727618059609e-06,0.0033783812541514635
2925,9.628510269976687e-06,0.0033779493533074856
2926,9.626000064599793e-06,0.0033783181570470333
2927,9.623307960282546e-06,0.003377781482413411
2928,9.620081073080655e-06,0.0033779856748878956
2929,9.617053365218453e-06,0.003377765417098999
2930,9.613987458578777e-06,0.0033778317738324404
2931,9.61125533649465e-06,0.0033778126817196608
2932,9.608290383766871e-06,0.0033778618089854717
2933,9.605823834135663e-06,0.0033779412042349577
2934,9.603058970242273e-06,0.003377903252840042
2935,9.600247722119093e-06,0.0033779193181544542
2936,9.597580174158793e-06,0.003377798479050398
2937,9.594708899385296e-06,0.0033777658827602863
2938,9.591999514668714e-06,0.003377651097252965
2939,9.58903729042504e-06,0.003377603366971016
2940,9.586141459294595e-06,0.0033775363117456436
2941,9.583313840266783e-06,0.0033774725161492825
2942,9.580598089087289e-06,0.0033775176852941513
2943,9.577926903148182e-06,0.0033773756586015224
2944,9.575084732205141e-06,0.003377481596544385
2945,9.572377166477963e-06,0.0033774953335523605
2946,9.56966141529847e-06,0.0033775169868022203
2947,9.566940207150765e-06,0.0033776748459786177
2948,9.564551874063909e-06,0.003377512563019991
2949,9.561789738654625e-06,0.003377686021849513
2950,9.559043974149972e-06,0.0033773004543036222
2951,9.556213626638055e-06,0.0033773251343518496
2952,9.553176823828835e-06,0.0033769544679671526
2953,9.54998813540442e-06,0.0033768024295568466
2954,9.547557965561282e-06,0.003376684384420514
2955,9.544669410388451e-06,0.003376580309122801
2956,9.542307452647947e-06,0.0033767870627343655
2957,9.53948801907245e-06,0.0033765218686312437
2958,9.537325240671635e-06,0.0033770836889743805
2959,9.535622666589916e-06,0.0033765367697924376
2960,9.533263437333517e-06,0.003377207787707448
2961,9.530263014312368e-06,0.0033767041750252247
2962,9.526702342554927e-06,0.0033771097660064697
2963,9.523397238808684e-06,0.0033769335132092237
2964,9.52004575083265e-06,0.0033769034780561924
2965,9.517165381112136e-06,0.003376955632120371
2966,9.514556950307451e-06,0.0033765113912522793
2967,9.512403266853653e-06,0.0033766678534448147
2968,9.509602932666894e-06,0.003376103937625885
2969,9.507125469099265e-06,0.0033763933461159468
2970,9.504544323135633e-06,0.003375882748514414
2971,9.501912245468702e-06,0.0033763546962291002
2972,9.498701729171444e-06,0.0033761286176741123
2973,9.495402991888113e-06,0.003376378444954753
2974,9.492317076364998e-06,0.0033764007966965437
2975,9.48961496760603e-06,0.0033763728570193052
2976,9.486857379670255e-06,0.003376356093212962
2977,9.484117981628515e-06,0.0033762813545763493
2978,9.48122215049807e-06,0.0033762615639716387
2979,9.478768333792686e-06,0.003376239212229848
2980,9.475972547079436e-06,0.003376245964318514
2981,9.47316857491387e-06,0.0033761938102543354
2982,9.47047010413371e-06,0.0033762692473828793
2983,9.467876225244254e-06,0.0033759616781026125
2984,9.46549880609382e-06,0.0033762387465685606
2985,9.463049536861945e-06,0.003375773085281253
2986,9.460542059969157e-06,0.003376141656190157
2987,9.457631676923484e-06,0.003375743981450796
2988,9.454535756958649e-06,0.003376009641215205
2989,9.451459845877253e-06,0.003375724423676729
2990,9.448653145227581e-06,0.0033757933415472507
2991,9.445713658351451e-06,0.003375636413693428
2992,9.44310704653617e-06,0.0033755849581211805
2993,9.440132998861372e-06,0.0033754203468561172
2994,9.437698281544726e-06,0.003375450149178505
2995,9.434537787456065e-06,0.0033753705210983753
2996,9.432184924662579e-06,0.003375450847670436
2997,9.42920996749308e-06,0.00337527459487319
2998,9.426880751561839e-06,0.003375612897798419
2999,9.424327799933963e-06,0.0033752997405827045
3000,9.421964932698756e-06,0.0033756985794752836
3001,9.419322850590106e-06,0.0033752720337361097
3002,9.416589819011278e-06,0.003375557018443942
3003,9.4137285486795e-06,0.0033751290757209063
3004,9.41055259318091e-06,0.0033752538729459047
3005,9.407555808138568e-06,0.0033749681897461414
3006,9.404751835973002e-06,0.0033750005532056093
3007,9.401839633937925e-06,0.0033748908899724483
3008,9.398911970492918e-06,0.0033749365247786045
3009,9.39643541641999e-06,0.0033748955465853214
3010,9.393681466463022e-06,0.0033748839050531387
3011,9.391022103955038e-06,0.003375027794390917
3012,9.388497346662916e-06,0.0033749225549399853
3013,9.385955308971461e-06,0.0033752252347767353
3014,9.38318953558337e-06,0.003375073429197073
3015,9.38045013754163e-06,0.0033753137104213238
3016,9.37794720812235e-06,0.003375032916665077
3017,9.375115951115731e-06,0.003375112311914563
3018,9.372374734084588e-06,0.003374629421159625
3019,9.369492545374669e-06,0.0033746182452887297
3020,9.366905942442827e-06,0.0033742072992026806
3021,9.364031029690523e-06,0.003374314634129405
3022,9.361063348478638e-06,0.0033741649240255356
3023,9.358954230265226e-06,0.003374521853402257
3024,9.356153896078467e-06,0.0033742678351700306
3025,9.353910172649194e-06,0.00337483873590827
3026,9.351821972813923e-06,0.0033743754029273987
3027,9.348548701382242e-06,0.0033748201094567776
3028,9.345557373308111e-06,0.0033744429238140583
3029,9.342710654891562e-06,0.003374690655618906
3030,9.3398575700121e-06,0.0033744382672011852
3031,9.3368307716446e-06,0.00337448762729764
3032,9.333857633464504e-06,0.0033743237145245075
3033,9.331144610769115e-06,0.003374118357896805
3034,9.328444320999552e-06,0.003374072490260005
3035,9.325875907961745e-06,0.003373755607753992
3036,9.323222911916673e-06,0.003374024061486125
3037,9.321260222350247e-06,0.003373444778844714
3038,9.319935088569764e-06,0.0033741716761142015
3039,9.319244782091118e-06,0.0033732191659510136
3040,9.319007403973956e-06,0.0033744587562978268
3041,9.319334822066594e-06,0.003373098326846957
3042,9.32031798583921e-06,0.003374804276973009
3043,9.323537597083487e-06,0.003372836858034134
3044,9.327726729679853e-06,0.0033750745933502913
3045,9.332359695690684e-06,0.003372462000697851
3046,9.33740557229612e-06,0.003375193104147911
3047,9.342949851998128e-06,0.0033721118234097958
3048,9.350470463687088e-06,0.003375563770532608
3049,9.365377081849147e-06,0.0033717514015734196
3050,9.38290759222582e-06,0.003376097185537219
3051,9.403739568369929e-06,0.0033712578006088734
3052,9.430512363906018e-06,0.00337653118185699
3053,9.463119567953981e-06,0.003370467107743025
3054,9.502615284873173e-06,0.003376950742676854
3055,9.552741175866686e-06,0.0033695611637085676
3056,9.615655471861828e-06,0.0033777267672121525
3057,9.711417078506202e-06,0.003368368372321129
3058,9.838802725425921e-06,0.0033790082670748234
3059,1.0024074981629383e-05,0.003366757882758975
3060,1.0260519047733396e-05,0.003380898851901293
3061,1.0566813216428272e-05,0.0033650752156972885
3062,1.0957641279674135e-05,0.003383615519851446
3063,1.146123577200342e-05,0.003363092662766576
3064,1.209196216223063e-05,0.003386917756870389
3065,1.2923645954288077e-05,0.0033602905459702015
3066,1.3902664250053931e-05,0.003390483558177948
3067,1.5037221601232886e-05,0.0033573447726666927
3068,1.6149639122886583e-05,0.0033933278173208237
3069,1.7011136151268147e-05,0.0033561226446181536
3070,1.7368623957736418e-05,0.0033937450498342514
3071,1.7107822714024223e-05,0.0033573817927390337
3072,1.612655250937678e-05,0.0033898353576660156
3073,1.4600469512515701e-05,0.0033610989339649677
3074,1.2794444046448916e-05,0.0033821421675384045
3075,1.1117896065115929e-05,0.003367022844031453
3076,9.89087584457593e-06,0.0033737975172698498
3077,9.292972208641004e-06,0.003374020801857114
3078,9.307825166615658e-06,0.0033673953730612993
3079,9.763924936123658e-06,0.0033797435462474823
3080,1.0416938494017813e-05,0.0033635557629168034
3081,1.1025773346773349e-05,0.00338243436999619
3082,1.1408588761696592e-05,0.0033624214120209217
3083,1.147308103099931e-05,0.0033818490337580442
3084,1.1228960829612333e-05,0.003363835159689188
3085,1.0762711099232547e-05,0.0033786974381655455
3086,1.0210645086772274e-05,0.0033669411204755306
3087,9.709346159070265e-06,0.003374198917299509
3088,9.357527233078144e-06,0.0033706054091453552
3089,9.19836475077318e-06,0.003369940910488367
3090,9.217551451001782e-06,0.0033739544451236725
3091,9.36103879212169e-06,0.0033670240081846714
3092,9.557261364534497e-06,0.0033762468956410885
3093,9.753728591022082e-06,0.0033655487932264805
3094,9.90720400295686e-06,0.0033773526083678007
3095,9.992951163440011e-06,0.0033652526326477528
3096,1.0002911949413829e-05,0.0033771947491914034
3097,9.944045814336278e-06,0.0033658568281680346
3098,9.832527211983688e-06,0.0033761835657060146
3099,9.690842489362694e-06,0.0033672391436994076
3100,9.54217102844268e-06,0.0033748007845133543
3101,9.404076081409585e-06,0.0033690601121634245
3102,9.290241905546281e-06,0.003373296931385994
3103,9.208176379615907e-06,0.0033708668779581785
3104,9.159586625173688e-06,0.0033718333579599857
3105,9.140758265857585e-06,0.0033723576925694942
3106,9.145966032519937e-06,0.00337057001888752
3107,9.167610187432729e-06,0.00337347318418324
3108,9.198585757985711e-06,0.003369610058143735
3109,9.235506695404183e-06,0.0033742468804121017
3110,9.275989214074798e-06,0.00336872274056077
3111,9.320191566075664e-06,0.0033748610876500607
3112,9.367623533762526e-06,0.0033679306507110596
3113,9.410410712007433e-06,0.0033752848394215107
3114,9.455994586460292e-06,0.0033672829158604145
3115,9.493711331742816e-06,0.0033755593467503786
3116,9.521882930130232e-06,0.0033669203985482454
3117,9.541922736389097e-06,0.003375664819031954
3118,9.55452833295567e-06,0.0033666789531707764
3119,9.560372745909262e-06,0.0033755130134522915
3120,9.562090781400912e-06,0.003366322722285986
3121,9.55994073592592e-06,0.003375105559825897
3122,9.557156772643793e-06,0.003365972312167287
3123,9.553537893225439e-06,0.0033748731948435307
3124,9.551817129249685e-06,0.0033658910542726517
3125,9.552047231409233e-06,0.0033749863505363464
3126,9.557394150760956e-06,0.0033659294713288546
3127,9.568620953359641e-06,0.003375314176082611
3128,9.586869055056013e-06,0.0033658239990472794
3129,9.613215297576971e-06,0.0033757544588297606
3130,9.66624247666914e-06,0.003365315031260252
3131,9.735779713082593e-06,0.0033764049876481295
3132,9.820316336117685e-06,0.0033645660150796175
3133,9.919056537910365e-06,0.003377264365553856
3134,1.0067201401398052e-05,0.003363467752933502
3135,1.023924687615363e-05,0.0033784136176109314
3136,1.0446458873047959e-05,0.003362232120707631
3137,1.0690794624679256e-05,0.0033799398224800825
3138,1.0985090739268344e-05,0.003360924543812871
3139,1.1327854736009613e-05,0.0033819396048784256
3140,1.1778067346313037e-05,0.0033592325635254383
3141,1.2284207514312584e-05,0.003384200856089592
3142,1.2902487469546031e-05,0.0033571734093129635
3143,1.3577409845311195e-05,0.0033865715377032757
3144,1.4280204595706891e-05,0.0033554374240338802
3145,1.4924933566362597e-05,0.0033885750453919172
3146,1.5473637176910415e-05,0.003354561747983098
3147,1.5789813915034756e-05,0.003389288205653429
3148,1.5834453733987175e-05,0.0033548877108842134
3149,1.549072294437792e-05,0.0033876735251396894
3150,1.4796484720136505e-05,0.0033567645587027073
3151,1.3774168110103346e-05,0.0033835801295936108
3152,1.2568857528094668e-05,0.003360506147146225
3153,1.135844831878785e-05,0.00337815354578197
3154,1.0307781849405728e-05,0.003365563927218318
3155,9.541126019030344e-06,0.0033724524546414614
3156,9.114692147704773e-06,0.003370508551597595
3157,9.011147085402627e-06,0.003367312718182802
3158,9.16063436307013e-06,0.003374329535290599
3159,9.466869414609391e-06,0.003363580908626318
3160,9.831145689531695e-06,0.0033768408466130495
3161,1.0168888366024476e-05,0.0033616232685744762
3162,1.0417842531751376e-05,0.00337786297313869
3163,1.0544403266976587e-05,0.0033611326944082975
3164,1.054160838975804e-05,0.003377370536327362
3165,1.0452385140524711e-05,0.0033615243155509233
3166,1.0267334801028483e-05,0.0033757046330720186
3167,1.0021448360930663e-05,0.0033628817182034254
3168,9.760828106664121e-06,0.0033735926263034344
3169,9.509274605079554e-06,0.0033648982644081116
3170,9.29258567339275e-06,0.00337124802172184
3171,9.128489182330668e-06,0.0033669795375317335
3172,9.02274223335553e-06,0.0033689849078655243
3173,8.971908755484037e-06,0.003368847770616412
3174,8.967377652879804e-06,0.003367170225828886
3175,8.996788892545737e-06,0.003370505291968584
3176,9.047439561982173e-06,0.0033660237677395344
3177,9.110010068980046e-06,0.003371917875483632
3178,9.18156456464203e-06,0.0033651895355433226
3179,9.25084896152839e-06,0.0033730012364685535
3180,9.323984158982057e-06,0.0033645525109022856
3181,9.38553966989275e-06,0.0033736624754965305
3182,9.433177183382213e-06,0.003364167409017682
3183,9.472301826463081e-06,0.0033741008955985308
3184,9.517930266156327e-06,0.003363770665600896
3185,9.555874385114294e-06,0.0033742848318070173
3186,9.582832717569545e-06,0.0033632726408541203
3187,9.613526344764978e-06,0.0033741802908480167
3188,9.633778063289355e-06,0.003362796036526561
3189,9.644632882555015e-06,0.003373989835381508
3190,9.649016647017561e-06,0.0033626253716647625
3191,9.6488829512964e-06,0.003373972373083234
3192,9.647170372772962e-06,0.003362610237672925
3193,9.645814316172618e-06,0.003374002408236265
3194,9.647888873587362e-06,0.0033626314252614975
3195,9.655524081608746e-06,0.0033742785453796387
3196,9.66950028669089e-06,0.0033627536613494158
3197,9.692227649793494e-06,0.0033748713321983814
3198,9.747132025950123e-06,0.003362464951351285
3199,9.818835678743199e-06,0.0033754538744688034
3200,9.904477337840945e-06,0.0033616770524531603
3201,1.001046894089086e-05,0.0033759581856429577
3202,1.0136580385733396e-05,0.0033605843782424927
3203,1.0291990292898845e-05,0.0033767293207347393
3204,1.048012200044468e-05,0.0033592726103961468
3205,1.0706886314437725e-05,0.0033776764757931232
3206,1.0977938472933602e-05,0.0033575822599232197
3207,1.1307653039693832e-05,0.0033790566958487034
3208,1.173584496427793e-05,0.0033557687420397997
3209,1.2215637070767116e-05,0.0033812522888183594
3210,1.2791885637852829e-05,0.0033542513847351074
3211,1.3400468560575973e-05,0.003384032752364874
3212,1.4093818208493758e-05,0.0033530176151543856
3213,1.4759939404029865e-05,0.00338667631149292
3214,1.5430929124704562e-05,0.003352091182023287
3215,1.5903749954304658e-05,0.003388059791177511
3216,1.613567837921437e-05,0.003352201310917735
3217,1.6002150005078875e-05,0.0033873743377625942
3218,1.5500363588216715e-05,0.0033538166899234056
3219,1.4625341464125086e-05,0.0033840727992355824
3220,1.3494594895746559e-05,0.0033567617647349834
3221,1.2232291737745982e-05,0.0033784317784011364
3222,1.1020751117030159e-05,0.0033606935758143663
3223,1.0008482604462188e-05,0.0033719942439347506
3224,9.297446013079025e-06,0.0033652756828814745
3225,8.918698767956812e-06,0.003366443794220686
3226,8.844927833706606e-06,0.0033697858452796936
3227,9.005359970615245e-06,0.0033624053467065096
3228,9.31175600271672e-06,0.0033732429146766663
3229,9.673315616964828e-06,0.003359764814376831
3230,1.0015128282248043e-05,0.0033751255832612514
3231,1.028031238092808e-05,0.003358447225764394
3232,1.0434292562422343e-05,0.00337546830996871
3233,1.046808210958261e-05,0.003358331974595785
3234,1.0387704605818726e-05,0.0033745099790394306
3235,1.0216690498054959e-05,0.0033591543324291706
3236,9.984998541767709e-06,0.0033726878464221954
3237,9.725275958771817e-06,0.003360734088346362
3238,9.469370525039267e-06,0.0033705681562423706
3239,9.2407481133705e-06,0.00336275203153491
3240,9.055140253622085e-06,0.003368473844602704
3241,8.919991159928031e-06,0.003364803269505501
3242,8.835518201522063e-06,0.003366586286574602
3243,8.796283509582281e-06,0.003366580931469798
3244,8.793418601271696e-06,0.0033650510013103485
3245,8.817250090942252e-06,0.003368095261976123
3246,8.858479304763023e-06,0.003363983239978552
3247,8.913207238947507e-06,0.003369460580870509
3248,8.97262361831963e-06,0.003363280091434717
3249,9.036200935952365e-06,0.0033705923706293106
3250,9.109155143960379e-06,0.0033624698407948017
3251,9.183919246424921e-06,0.00337139586918056
3252,9.272516763303429e-06,0.003361427690833807
3253,9.36753349378705e-06,0.003372061299160123
3254,9.45972806221107e-06,0.003360568080097437
3255,9.555941687722225e-06,0.003372869221493602
3256,9.668190614320338e-06,0.0033598802983760834
3257,9.780289474292658e-06,0.003373789368197322
3258,9.892503840092104e-06,0.0033592835534363985
3259,1.000598513201112e-05,0.0033745374530553818
3260,1.012656866805628e-05,0.003358548041433096
3261,1.0262838259222917e-05,0.003375321626663208
3262,1.0411533367005177e-05,0.003357791807502508
3263,1.0578948604234029e-05,0.003376370295882225
3264,1.0766348168544937e-05,0.003357056062668562
3265,1.0973022654070519e-05,0.0033775675110518932
3266,1.1237403668928891e-05,0.003355995286256075
3267,1.1533005817909725e-05,0.0033789421431720257
3268,1.1846582310681697e-05,0.0033550080843269825
3269,1.2166323358542286e-05,0.0033804294653236866
3270,1.249805063707754e-05,0.00335420249029994
3271,1.2809774489142e-05,0.0033817465882748365
3272,1.3159246009308845e-05,0.0033532101660966873
3273,1.344095198874129e-05,0.003382410854101181
3274,1.3641669283970259e-05,0.0033526234328746796
3275,1.3718369700654875e-05,0.003382353577762842
3276,1.3674760339199565e-05,0.0033528520725667477
3277,1.3472867067321204e-05,0.0033812816254794598
3278,1.3122547898092307e-05,0.0033537629060447216
3279,1.2635488928935956e-05,0.003378853900358081
3280,1.205199532705592e-05,0.003355208784341812
3281,1.1408528735046275e-05,0.003375363303348422
3282,1.0765465958684217e-05,0.003357295412570238
3283,1.0165413186769001e-05,0.003371617291122675
3284,9.648456398281269e-06,0.003359941765666008
3285,9.24031155591365e-06,0.0033681602217257023
3286,8.949074072006624e-06,0.0033627792727202177
3287,8.770529348112177e-06,0.003365288022905588
3288,8.691308721608948e-06,0.003365427954122424
3289,8.691731636645272e-06,0.003363031195476651
3290,8.750113011046778e-06,0.0033676072489470243
3291,8.846019227348734e-06,0.003361321287229657
3292,8.964044354797807e-06,0.003369234036654234
3293,9.090284947887994e-06,0.0033600344322621822
3294,9.215802492690273e-06,0.003370434045791626
3295,9.334758942713961e-06,0.0033591974060982466
3296,9.444106581213418e-06,0.003371482016518712
3297,9.56561416387558e-06,0.003358530579134822
3298,9.685887562227435e-06,0.003372506471350789
3299,9.818548278417438e-06,0.003357847686856985
3300,9.95824666460976e-06,0.0033735763281583786
3301,1.0121378181793261e-05,0.0033570732921361923
3302,1.0295100764778908e-05,0.00337463547475636
3303,1.0473614565853495e-05,0.0033562169410288334
3304,1.0650785043253563e-05,0.0033755130134522915
3305,1.0872152415686287e-05,0.0033551305532455444
3306,1.1089777217421215e-05,0.0033764452673494816
3307,1.131077624449972e-05,0.0033544213511049747
3308,1.152024560724385e-05,0.0033776238560676575
3309,1.172479460365139e-05,0.0033541186712682247
3310,1.1906860891031101e-05,0.0033787116408348083
3311,1.2080269698344637e-05,0.003353813663125038
3312,1.2214343769301195e-05,0.003379232482984662
3313,1.2328904631431215e-05,0.0033534206449985504
3314,1.2383481589495204e-05,0.0033791970927268267
3315,1.2393627912388183e-05,0.0033533605746924877
3316,1.232783506566193e-05,0.003378776367753744
3317,1.2197642718092538e-05,0.003353916108608246
3318,1.1993395673925988e-05,0.003377943066880107
3319,1.1732655366358813e-05,0.003354929853230715
3320,1.1420265764172655e-05,0.0033763826359063387
3321,1.1074237590946723e-05,0.003355919849127531
3322,1.0714039490267169e-05,0.0033740277867764235
3323,1.0357221981394105e-05,0.0033568344078958035
3324,1.0022189599112608e-05,0.003371448488906026
3325,9.715155101730488e-06,0.003357940586283803
3326,9.444857823837083e-06,0.0033691045828163624
3327,9.214563760906458e-06,0.0033592835534363985
3328,9.025049621413928e-06,0.0033671644050627947
3329,8.87554506334709e-06,0.003360756440088153
3330,8.762709512666333e-06,0.0033656868617981672
3331,8.681544386490714e-06,0.0033621597103774548
3332,8.627168426755816e-06,0.003364524571225047
3333,8.593532584200148e-06,0.0033633101265877485
3334,8.577228072681464e-06,0.003363587660714984
3335,8.571232683607377e-06,0.003363997209817171
3336,8.572234946768731e-06,0.003362923162057996
3337,8.577766493544914e-06,0.003364698262885213
3338,8.586730473325588e-06,0.0033625010401010513
3339,8.598932254244573e-06,0.003365423996001482
3340,8.614301805209834e-06,0.003362069372087717
3341,8.632635399408173e-06,0.0033660021144896746
3342,8.655387318867724e-06,0.0033614332787692547
3343,8.6865129560465e-06,0.003366636810824275
3344,8.734215043659788e-06,0.003360491944476962
3345,8.799368515610695e-06,0.0033678088802844286
3346,8.892217920219991e-06,0.0033595573622733355
3347,9.015008799906354e-06,0.0033696400932967663
3348,9.19098238227889e-06,0.0033582814503461123
3349,9.421924005437177e-06,0.0033718906342983246
3350,9.730209058034234e-06,0.003356426488608122
3351,1.014785812003538e-05,0.003374723019078374
3352,1.0709717571444344e-05,0.0033538122661411762
3353,1.1467500371509232e-05,0.003378602210432291
3354,1.254033122677356e-05,0.0033502518199384212
3355,1.3925213352194987e-05,0.003383930306881666
3356,1.581214564794209e-05,0.0033460836857557297
3357,1.8123795598512515e-05,0.0033909729681909084
3358,2.0957973902113736e-05,0.0033424641005694866
3359,2.404494080110453e-05,0.0033989865332841873
3360,2.738502007559873e-05,0.003340069204568863
3361,3.0062574296607636e-05,0.003404420567676425
3362,3.19026003126055e-05,0.0033396792132407427
3363,3.141328488709405e-05,0.0034014135599136353
3364,2.849875636457e-05,0.0033438384998589754
3365,2.324398883501999e-05,0.00338827446103096
3366,1.723588866298087e-05,0.003354144049808383
3367,1.2024402167298831e-05,0.0033709064591675997
3368,9.033859896590002e-06,0.003368272678926587
3369,8.652307769807521e-06,0.0033566239289939404
3370,1.0304056559107266e-05,0.003379800822585821
3371,1.2835351299145259e-05,0.003348233876749873
3372,1.4983568689785898e-05,0.003383240895345807
3373,1.59013088705251e-05,0.0033461861312389374
3374,1.5255165635608137e-05,0.0033777658827602863
3375,1.3449517609842587e-05,0.0033504709135740995
3376,1.1215391168661881e-05,0.0033675809390842915
3377,9.415676686330698e-06,0.0033593091648072004
3378,8.54192148835864e-06,0.0033583040349185467
3379,8.669966518937144e-06,0.0033685467205941677
3380,9.490157026448287e-06,0.0033525798935443163
3381,1.0487663530511782e-05,0.0033735656179487705
3382,1.120723391068168e-05,0.0033507749903947115
3383,1.1361778888385743e-05,0.0033726650290191174
3384,1.0960083272948395e-05,0.0033527459017932415
3385,1.0187885891355108e-05,0.0033678121399134398
3386,9.36013566388283e-06,0.0033578365109860897
3387,8.737079951970372e-06,0.003362318966537714
3388,8.466775398119353e-06,0.0033640037290751934
3389,8.537665053154342e-06,0.0033583329059183598
3390,8.832112143863924e-06,0.0033686209935694933
3391,9.18705791264074e-06,0.0033561750315129757
3392,9.452254744246602e-06,0.0033698577899485826
3393,9.54110873863101e-06,0.0033557552378624678
3394,9.439083441975527e-06,0.003368011210113764
3395,9.200581189361401e-06,0.0033572230022400618
3396,8.91097715793876e-06,0.0033649704419076443
3397,8.654284101794474e-06,0.0033603250049054623
3398,8.485889338771813e-06,0.003362116636708379
3399,8.427958164247684e-06,0.0033635832369327545
3400,8.465738574159332e-06,0.003359811846166849
3401,8.562305083614774e-06,0.003365734126418829
3402,8.673311640450265e-06,0.003358361078426242
3403,8.760581295064185e-06,0.003366345539689064
3404,8.801667718216777e-06,0.003357883542776108
3405,8.788328159425873e-06,0.003365594893693924
3406,8.732742571737617e-06,0.0033583086915314198
3407,8.649170922581106e-06,0.003364143194630742
3408,8.559181878808886e-06,0.003359714522957802
3409,8.480894393869676e-06,0.0033628325909376144
3410,8.426921340287663e-06,0.003361611859872937
3411,8.400614206038881e-06,0.0033616882283240557
3412,8.398737008974422e-06,0.0033630169928073883
3413,8.414833246206399e-06,0.003360473085194826
3414,8.442599209956825e-06,0.003363811643794179
3415,8.477813025820069e-06,0.0033593426924198866
3416,8.512685781170148e-06,0.003364330157637596
3417,8.548105142835993e-06,0.0033587224315851927
3418,8.571018042857759e-06,0.0033646193332970142
3419,8.580061148677487e-06,0.003358673769980669
3420,8.574616003897972e-06,0.0033644498325884342
3421,8.55783491715556e-06,0.00335885351523757
3422,8.537441317457706e-06,0.003363939467817545
3423,8.510806765116286e-06,0.003359029768034816
3424,8.481482836941723e-06,0.0033629946410655975
3425,8.451835128653329e-06,0.0033591859973967075
3426,8.425101441389415e-06,0.0033620079047977924
3427,8.401999366469681e-06,0.003359589260071516
3428,8.384105058212299e-06,0.0033615161664783955
3429,8.37054722069297e-06,0.003360447008162737
3430,8.360789252037648e-06,0.003361530601978302
3431,8.354292731382884e-06,0.0033614090643823147
3432,8.350097232323606e-06,0.0033615902066230774
3433,8.34788352221949e-06,0.0033621140755712986
3434,8.346925824298523e-06,0.003361508948728442
3435,8.347788934770506e-06,0.0033626954536885023
3436,8.350620191777125e-06,0.0033612262923270464
3437,8.354616511496715e-06,0.0033631150145083666
3438,8.364188943232875e-06,0.0033604707568883896
3439,8.37684638099745e-06,0.003363254712894559
3440,8.391974006372038e-06,0.0033595175482332706
3441,8.411482667725068e-06,0.003363416064530611
3442,8.432589311269112e-06,0.00335881975479424
3443,8.455531315121334e-06,0.0033638589084148407
3444,8.480894393869676e-06,0.003358337329700589
3445,8.510744009981863e-06,0.003364336444064975
3446,8.545213859179057e-06,0.0033576779533177614
3447,8.588205673731863e-06,0.003364900127053261
3448,8.643440196465235e-06,0.0033569131046533585
3449,8.717828677617945e-06,0.003365892916917801
3450,8.81487903825473e-06,0.0033560381270945072
3451,8.943590728449635e-06,0.003367417026311159
3452,9.130233593168668e-06,0.003354764310643077
3453,9.375236004416365e-06,0.003369787009432912
3454,9.751360266818665e-06,0.003352924482896924
3455,1.0247875252389349e-05,0.0033731714356690645
3456,1.0894106708292384e-05,0.0033506795298308134
3457,1.171845906355884e-05,0.003377346321940422
3458,1.2798072020814288e-05,0.0033476457465440035
3459,1.4173472663969733e-05,0.0033825028222054243
3460,1.6021222108975053e-05,0.0033436405938118696
3461,1.822907870518975e-05,0.0033888642210513353
3462,2.1023190129199065e-05,0.003339656163007021
3463,2.404356564511545e-05,0.0033962528686970472
3464,2.7350277377991006e-05,0.0033370039891451597
3465,3.0092440283624455e-05,0.003401783760637045
3466,3.204735185136087e-05,0.0033368095755577087
3467,3.1944022339303046e-05,0.00340037839487195
3468,2.9676240956177935e-05,0.003340486902743578
3469,2.5064684450626373e-05,0.0033891007769852877
3470,1.935426189447753e-05,0.003349045757204294
3471,1.3804211448587012e-05,0.0033722054213285446
3472,9.890149158309214e-06,0.0033616051077842712
3473,8.3092600107193e-06,0.0033571154344826937
3474,8.934366633184254e-06,0.0033737041521817446
3475,1.0952234333672095e-05,0.0033475887030363083
3476,1.3272804608277511e-05,0.003379957750439644
3477,1.4971020391385537e-05,0.003343796357512474
3478,1.54183799168095e-05,0.0033779728692024946
3479,1.4590179489459842e-05,0.003345496254041791
3480,1.2817974493373185e-05,0.0033698652405291796
3481,1.0809510058606975e-05,0.003352061379700899
3482,9.17503894015681e-06,0.0033604870550334454
3483,8.33681860967772e-06,0.0033610486425459385
3484,8.357108526979573e-06,0.0033534441608935595
3485,8.99605674931081e-06,0.0033683436922729015
3486,9.876153853838332e-06,0.003349571255967021
3487,1.060634258465143e-05,0.003371029393747449
3488,1.0947225746349432e-05,0.0033489048946648836
3489,1.0803172699525021e-05,0.0033691630233079195
3490,1.0285077223670669e-05,0.0033515733666718006
3491,9.572794624546077e-06,0.003365027252584696
3492,8.899401109374594e-06,0.0033567536156624556
3493,8.42451390781207e-06,0.003360702423378825
3494,8.22665879240958e-06,0.003362198593094945
3495,8.281308510049712e-06,0.0033571156673133373
3496,8.503666322212666e-06,0.003365886164829135
3497,8.786701073404402e-06,0.0033546395134180784
3498,9.027155101648532e-06,0.0033670663833618164
3499,9.159155524685048e-06,0.003353698179125786
3500,9.154186955129262e-06,0.003366120159626007
3501,9.03203817870235e-06,0.0033545377664268017
3502,8.832326784613542e-06,0.003364172298461199
3503,8.609007636550814e-06,0.003356852801516652
3504,8.412454917561263e-06,0.0033620111644268036
3505,8.271390470326878e-06,0.0033595855347812176
3506,8.199535841413308e-06,0.0033597350120544434
3507,8.19366869109217e-06,0.0033616251312196255
3508,8.237177098635584e-06,0.0033575589768588543
3509,8.30912722449284e-06,0.003362766932696104
3510,8.387100024265237e-06,0.0033560884185135365
3511,8.45011709316168e-06,0.0033632151316851377
3512,8.48598028824199e-06,0.0033557384740561247
3513,8.490513209835626e-06,0.00336318532936275
3514,8.469078238704242e-06,0.003356198314577341
3515,8.429894478467759e-06,0.0033627054654061794
3516,8.378949132747948e-06,0.0033569156657904387
3517,8.326031093019992e-06,0.0033617052249610424
3518,8.275215805042535e-06,0.0033575226552784443
3519,8.230380444729235e-06,0.0033603825140744448
3520,8.195705959224142e-06,0.0033580779563635588
3521,8.171407898771577e-06,0.003359248861670494
3522,8.15675866761012e-06,0.0033588737715035677
3523,8.150831490638666e-06,0.003358681220561266
3524,8.151373549480923e-06,0.003359890775755048
3525,8.156464900821447e-06,0.003358450485393405
3526,8.166319275915157e-06,0.0033608637750148773
3527,8.181226803571917e-06,0.0033580251038074493
3528,8.199412150133867e-06,0.003361661685630679
3529,8.224876182794105e-06,0.003357499372214079
3530,8.255387001554482e-06,0.003362425835803151
3531,8.287952368846163e-06,0.00335683929733932
3532,8.32149544294225e-06,0.0033627059310674667
3533,8.353878911293577e-06,0.0033559934236109257
3534,8.388105015910696e-06,0.003362886607646942
3535,8.421151505899616e-06,0.00335545907728374
3536,8.458511729259044e-06,0.0033634682185947895
3537,8.495744623360224e-06,0.0033552260138094425
3538,8.534223525202833e-06,0.0033640277106314898
3539,8.574237654102035e-06,0.0033548246137797832
3540,8.618662832304835e-06,0.003364559728652239
3541,8.68821643962292e-06,0.003354215295985341
3542,8.77421916811727e-06,0.003365603508427739
3543,8.875901585270185e-06,0.003353770822286606
3544,9.00790655578021e-06,0.003367118537425995
3545,9.169470104097854e-06,0.0033529463689774275
3546,9.366131052956916e-06,0.003368500154465437
3547,9.610693268768955e-06,0.0033513768576085567
3548,9.910945664159954e-06,0.003370079677551985
3549,1.0319691682525445e-05,0.0033493428491055965
3550,1.0815886525961105e-05,0.0033725970424711704
3551,1.1480696230137255e-05,0.0033471069764345884
3552,1.227479697263334e-05,0.003376141656190157
3553,1.3319375284481794e-05,0.003344569820910692
3554,1.4559504052158445e-05,0.003380961250513792
3555,1.6257614333881065e-05,0.0033415579237043858
3556,1.8184384316555224e-05,0.0033868644386529922
3557,2.0518258679658175e-05,0.0033384475391358137
3558,2.285264417878352e-05,0.0033924051094800234
3559,2.5328332412755117e-05,0.0033359758090227842
3560,2.7170439352630638e-05,0.0033957913983613253
3561,2.8438627850846387e-05,0.003335546236485243
3562,2.8120373826823197e-05,0.003394136903807521
3563,2.6496436476008967e-05,0.0033384673297405243
3564,2.313493678229861e-05,0.0033856648951768875
3565,1.878986404335592e-05,0.003345754463225603
3566,1.4298520000011194e-05,0.003372481092810631
3567,1.0695865967136342e-05,0.003355971071869135
3568,8.577068911108654e-06,0.0033589843660593033
3569,8.09880657470785e-06,0.0033658507745712996
3570,8.945184163167141e-06,0.0033486366737633944
3571,1.0514811037865002e-05,0.003372426377609372
3572,1.2147788766014855e-05,0.003343208460137248
3573,1.3298852536536288e-05,0.0033742766827344894
3574,1.3704462617170066e-05,0.0033426068257540464
3575,1.3264550943858922e-05,0.0033712300937622786
3576,1.2229196727275848e-05,0.003345745848491788
3577,1.0861331247724593e-05,0.003364911302924156
3578,9.567816050548572e-06,0.003351450664922595
3579,8.596800398663618e-06,0.003358112648129463
3580,8.104591870505828e-06,0.003358046291396022
3581,8.087858077487908e-06,0.0033526024781167507
3582,8.421606253250502e-06,0.003363170428201556
3583,8.921357220970094e-06,0.003349021542817354
3584,9.405041055288166e-06,0.003365621669217944
3585,9.752739060786553e-06,0.0033476450480520725
3586,9.878843229671475e-06,0.0033656402956694365
3587,9.79128344624769e-06,0.003348555415868759
3588,9.520264029561076e-06,0.003363964380696416
3589,9.152274287771434e-06,0.0033512208610773087
3590,8.761365279497113e-06,0.0033614295534789562
3591,8.42164627101738e-06,0.0033546104095876217
3592,8.176373739843257e-06,0.0033585999626666307
3593,8.041297405725345e-06,0.003357666078954935
3594,8.009077646420337e-06,0.0033558018039911985
3595,8.060329491854645e-06,0.0033599629532545805
3596,8.165285180439241e-06,0.00335359456948936
3597,8.29107011668384e-06,0.003361440496519208
3598,8.409961083089001e-06,0.0033524646423757076
3599,8.505768164468464e-06,0.0033624102361500263
3600,8.579578206990846e-06,0.0033521694131195545
3601,8.615468686912209e-06,0.003362807212397456
3602,8.627743227407336e-06,0.0033522588200867176
3603,8.604288268543314e-06,0.0033624651841819286
3604,8.551339305995498e-06,0.0033526786137372255
3605,8.486594197165687e-06,0.0033616232685744762
3606,8.409374459006358e-06,0.003353127045556903
3607,8.325533599418122e-06,0.003360206726938486
3608,8.243760021287017e-06,0.0033535913098603487
3609,8.169161446858197e-06,0.003358763875439763
3610,8.106746463454328e-06,0.0033543482422828674
3611,8.056174010562245e-06,0.003357797861099243
3612,8.01859459897969e-06,0.003355367574840784
3613,7.991544407559559e-06,0.003357165027409792
3614,7.974574145919178e-06,0.0033563044853508472
3615,7.964556061779149e-06,0.0033566474448889494
3616,7.960377843119204e-06,0.0033570595551282167
3617,7.960639777593315e-06,0.0033562094904482365
3618,7.964562428242061e-06,0.003357756184414029
3619,7.970806109369732e-06,0.0033558644354343414
3620,7.978832400112879e-06,0.003358257934451103
3621,7.98977544036461e-06,0.0033552683889865875
3622,8.003905350051355e-06,0.003358532441779971
3623,8.020884706638753e-06,0.003354532178491354
3624,8.044242349569686e-06,0.0033590737730264664
3625,8.080113730102312e-06,0.0033538262359797955
3626,8.125841304718051e-06,0.003360069589689374
3627,8.180855729733594e-06,0.00335318292491138
3628,8.247708137787413e-06,0.0033611361868679523
3629,8.340632120962255e-06,0.0033521566074341536
3630,8.46094644657569e-06,0.0033625781070441008
3631,8.610903023509309e-06,0.0033511228393763304
3632,8.804358003544621e-06,0.0033645492512732744
3633,9.052391760633327e-06,0.0033496785908937454
3634,9.374034561915323e-06,0.0033668424002826214
3635,9.835845958150458e-06,0.0033472147770226
3636,1.0430168003949802e-05,0.003369920654222369
3637,1.126347342506051e-05,0.003344198688864708
3638,1.234531828231411e-05,0.0033748329151421785
3639,1.3837428014085162e-05,0.0033409656025469303
3640,1.5744419215479866e-05,0.003381951479241252
3641,1.831270128604956e-05,0.0033372051548212767
3642,2.1383610146585852e-05,0.0033905785530805588
3643,2.529739504097961e-05,0.0033330689184367657
3644,2.9475393603206612e-05,0.0033998885191977024
3645,3.426793045946397e-05,0.003330070525407791
3646,3.8088724977569655e-05,0.003407019656151533
3647,4.110014560865238e-05,0.00332970404997468
3648,4.07837942475453e-05,0.0034047402441501617
3649,3.732368350028992e-05,0.0033339925576001406
3650,3.0190616598702036e-05,0.0033889475744217634
3651,2.1602416381938383e-05,0.0033448305912315845
3652,1.3773644241155125e-05,0.00336660398170352
3653,8.986226930574048e-06,0.0033607606310397387
3654,8.012910257093608e-06,0.0033480264246463776
3655,1.0168050721404143e-05,0.003374493448063731
3656,1.3774912986264098e-05,0.0033371788449585438
3657,1.6957497791736387e-05,0.0033787726424634457
3658,1.836368210206274e-05,0.003334601176902652
3659,1.749938201101031e-05,0.003372392849996686
3660,1.489583337388467e-05,0.0033401239197701216
3661,1.1684382116072811e-05,0.0033602688927203417
3662,9.111055078392383e-06,0.0033512343652546406
3663,7.942582669784315e-06,0.003349071368575096
3664,8.24638300400693e-06,0.003362347837537527
3665,9.496392522123642e-06,0.0033424622379243374
3666,1.0910091987170745e-05,0.00336817791685462
3667,1.1845707376778591e-05,0.0033410675823688507
3668,1.1917087249457836e-05,0.003367047291249037
3669,1.1212841855012812e-05,0.00334436004050076
3670,1.0047064279206097e-05,0.0033610891550779343
3671,8.894341590348631e-06,0.0033507924526929855
3672,8.10820893093478e-06,0.003354116575792432
3673,7.862848178774584e-06,0.0033578977454453707
3674,8.09796983958222e-06,0.0033490483183413744
3675,8.596014595241286e-06,0.003362580668181181
3676,9.109542588703334e-06,0.003346359357237816
3677,9.423163646715693e-06,0.003363049356266856
3678,9.454903192818165e-06,0.00334615889005363
3679,9.227223017660435e-06,0.003360581351444125
3680,8.834658729028888e-06,0.0033487528562545776
3681,8.403143510804512e-06,0.00335719739086926
3682,8.059042556851637e-06,0.0033531752415001392
3683,7.868839020375162e-06,0.003354157553985715
3684,7.842247214284725e-06,0.003357240930199623
3685,7.941086550999898e-06,0.0033514895476400852
3686,8.105164852167945e-06,0.003359344555065036
3687,8.26774885354098e-06,0.003349569858983159
3688,8.38416235637851e-06,0.003359484951943159
3689,8.421442544204183e-06,0.0033488415647298098
3690,8.377086487598717e-06,0.003358052344992757
3691,8.271827937278431e-06,0.003349426668137312
3692,8.143602826748975e-06,0.0033561703749001026
3693,8.013159458641894e-06,0.0033510613720864058
3694,7.905305210442748e-06,0.003354205284267664
3695,7.835509677533992e-06,0.0033529221545904875
3696,7.807439033058472e-06,0.0033523545134812593
3697,7.814909622538835e-06,0.0033544148318469524
3698,7.846749213058501e-06,0.0033510092180222273
3699,7.889791959314607e-06,0.0033555913250893354
3700,7.931569598440547e-06,0.003350642044097185
3701,7.964107680891175e-06,0.0033566043712198734
3702,7.982211172929965e-06,0.003351059276610613
3703,7.983643627085257e-06,0.0033570644445717335
3704,7.971520062710624e-06,0.0033516804687678814
3705,7.948683560243808e-06,0.0033568597864359617
3706,7.918722076283302e-06,0.003352230880409479
3707,7.88699799159076e-06,0.003356123808771372
3708,7.85576685302658e-06,0.0033527533523738384
3709,7.82965526013868e-06,0.003355377586558461
3710,7.807827387296129e-06,0.003353352891281247
3711,7.791028110659681e-06,0.0033546886406838894
3712,7.779401130392216e-06,0.0033539668656885624
3713,7.772383469273336e-06,0.0033541861921548843
3714,7.769192961859517e-06,0.0033545822370797396
3715,7.768864634272177e-06,0.0033538653515279293
3716,7.770250704197679e-06,0.0033550311345607042
3717,7.773413017275743e-06,0.00335340085439384
3718,7.77704826759873e-06,0.0033551170490682125
3719,7.781462045386434e-06,0.0033528381027281284
3720,7.788466973579489e-06,0.0033553566318005323
3721,7.796630598022602e-06,0.0033524781465530396
3722,7.807504516677e-06,0.0033558655995875597
3723,7.82835741119925e-06,0.003351887222379446
3724,7.854416253394447e-06,0.0033566076308488846
3725,7.882292266003788e-06,0.0033515661489218473
3726,7.918989467725623e-06,0.003357591573148966
3727,7.95841060607927e-06,0.0033511477522552013
3728,8.004462870303541e-06,0.0033582665491849184
3729,8.055003490881063e-06,0.003350330051034689
3730,8.116213393805083e-06,0.003358823014423251
3731,8.187847015506122e-06,0.0033494315575808287
3732,8.284255272883456e-06,0.0033598896116018295
3733,8.400327715207823e-06,0.003348578466102481
3734,8.54324025567621e-06,0.0033613357227295637
3735,8.720220648683608e-06,0.003347571473568678
3736,8.939395229390357e-06,0.0033632859122008085
3737,9.247763955499977e-06,0.0033461630810052156
3738,9.62815283855889e-06,0.0033659220207482576
3739,1.011250787996687e-05,0.0033444534055888653
3740,1.0713558367569931e-05,0.0033692610450088978
3741,1.1535940757312346e-05,0.0033419360406696796
3742,1.2546612197184004e-05,0.0033735197503119707
3743,1.3921245226811152e-05,0.003338712500408292
3744,1.5590871043968946e-05,0.0033792511094361544
3745,1.779123704181984e-05,0.0033351953607052565
3746,2.036218393186573e-05,0.0033865466248244047
3747,2.353460695303511e-05,0.0033317157067358494
3748,2.6856601834879257e-05,0.0033941499423235655
3749,3.051349995075725e-05,0.003328971564769745
3750,3.346549056004733e-05,0.0033995111007243395
3751,3.5707045753952116e-05,0.003328175051137805
3752,3.575138543965295e-05,0.0033980305306613445
3753,3.3855689252959564e-05,0.003330482169985771
3754,2.923467218352016e-05,0.003386757103726268
3755,2.3016767954686657e-05,0.003338314127177
3756,1.6436795704066753e-05,0.0033696810714900494
3757,1.1179695320606697e-05,0.0033511824440211058
3758,8.234981578425504e-06,0.003353205742314458
3759,7.833225026843138e-06,0.003364158095791936
3760,9.402419891557656e-06,0.0033410980831831694
3761,1.1910482498933561e-05,0.003372057108208537
3762,1.4272482076194137e-05,0.0033351387828588486
3763,1.5642697690054774e-05,0.0033729146234691143
3764,1.5657662515877746e-05,0.003335599321871996
3765,1.4393042874871753e-05,0.003367217257618904
3766,1.2363724636088591e-05,0.0033411760814487934
3767,1.0222701348538976e-05,0.0033580276649445295
3768,8.577068911108654e-06,0.0033496227115392685
3769,7.761378583381884e-06,0.0033494052477180958
3770,7.793191798555199e-06,0.0033578674774616957
3771,8.430933121417183e-06,0.003343593794852495
3772,9.306713764090091e-06,0.003362980904057622
3773,1.0087946975545492e-05,0.0033411248587071896
3774,1.0507280421734322e-05,0.0033639774192124605
3775,1.050362152454909e-05,0.0033420573454350233
3776,1.0092466254718602e-05,0.003361765993759036
3777,9.455847248318605e-06,0.0033457037061452866
3778,8.752046596782748e-06,0.0033577107824385166
3779,8.166973202605732e-06,0.0033503801096230745
3780,7.78769299358828e-06,0.0033531051594763994
3781,7.648866812814958e-06,0.003354559186846018
3782,7.713062586844899e-06,0.0033492841757833958
3783,7.91038473835215e-06,0.003357618348672986
3784,8.15969815448625e-06,0.0033468701876699924
3785,8.385050023207441e-06,0.003358944784849882
3786,8.53726942295907e-06,0.0033457339741289616
3787,8.589071512687951e-06,0.003358548041433096
3788,8.54553309181938e-06,0.0033460152335464954
3789,8.439960765826982e-06,0.003357557114213705
3790,8.282719136332162e-06,0.003347504185512662
3791,8.107223038678057e-06,0.0033559463918209076
3792,7.936486326798331e-06,0.0033493463415652514
3793,7.792824362695683e-06,0.00335380295291543
3794,7.690197890042327e-06,0.0033510872162878513
3795,7.632455890416168e-06,0.003351758699864149
3796,7.615680715389317e-06,0.003352765692397952
3797,7.631349944858812e-06,0.003350375220179558
3798,7.67208075558301e-06,0.003354437183588743
3799,7.727179763605818e-06,0.0033494047820568085
3800,7.787372851453256e-06,0.0033555948175489902
3801,7.85095016908599e-06,0.0033485714811831713
3802,7.90587091614725e-06,0.0033561468590050936
3803,7.947174708533566e-06,0.0033480257261544466
3804,7.973168067110237e-06,0.0033561494201421738
3805,7.98424480308313e-06,0.0033476632088422775
3806,7.983256182342302e-06,0.0033558018039911985
3807,7.985463525983505e-06,0.0033472448121756315
3808,7.979580914252438e-06,0.003355433465912938
3809,7.96731637819903e-06,0.0033473626244813204
3810,7.950671715661883e-06,0.00335550494492054
3811,7.930987521831412e-06,0.003347998019307852
3812,7.910335625638254e-06,0.003355729626491666
3813,7.889511834946461e-06,0.0033485591411590576
3814,7.871906746004242e-06,0.0033556956332176924
3815,7.85641350375954e-06,0.0033486566971987486
3816,7.851684131310321e-06,0.0033555987756699324
3817,7.849499525036663e-06,0.0033485409803688526
3818,7.85351494414499e-06,0.0033556967973709106
3819,7.860863661335316e-06,0.003348464844748378
3820,7.87241333455313e-06,0.003355991095304489
3821,7.891013410699088e-06,0.003348232014104724
3822,7.919961717561819e-06,0.003356505883857608
3823,7.9748424468562e-06,0.0033476497046649456
3824,8.052087650867179e-06,0.0033575750421732664
3825,8.149394489009865e-06,0.0033469318877905607
3826,8.270859325421043e-06,0.003358854679390788
3827,8.425997293670662e-06,0.003345772158354521
3828,8.620821063232142e-06,0.003360319184139371
3829,8.8743190644891e-06,0.00334411533549428
3830,9.193770893034525e-06,0.0033623434137552977
3831,9.617209798307158e-06,0.003342167241498828
3832,1.0151938113267533e-05,0.0033654416911303997
3833,1.0912411198660266e-05,0.0033397104125469923
3834,1.1878631084982771e-05,0.0033700312487781048
3835,1.320967567153275e-05,0.003336814697831869
3836,1.48888721014373e-05,0.0033765709958970547
3837,1.7156533431261778e-05,0.003333374857902527
3838,1.9913521100534126e-05,0.0033850758336484432
3839,2.3663975298404694e-05,0.003329255385324359
3840,2.7859374313266017e-05,0.00339517998509109
3841,3.301290416857228e-05,0.0033257263712584972
3842,3.780643601203337e-05,0.003404573304578662
3843,4.2375886550871655e-05,0.003324385266751051
3844,4.4424337829696015e-05,0.003406975418329239
3845,4.3841828301083297e-05,0.003326360136270523
3846,3.8957001379458234e-05,0.0033955194521695375
3847,3.102469418081455e-05,0.003333569038659334
3848,2.156653135898523e-05,0.003372928826138377
3849,1.3418964044831228e-05,0.0033473509829491377
3850,8.551551218261011e-06,0.0033507037442177534
3851,7.679865120735485e-06,0.0033638221211731434
3852,1.0013381142925937e-05,0.0033360819797962904
3853,1.383265043841675e-05,0.0033745530527085066
3854,1.7271791875828058e-05,0.003329749684780836
3855,1.8914457541541196e-05,0.00337434490211308
3856,1.827464257075917e-05,0.0033312574960291386
3857,1.5716410416644067e-05,0.0033648281823843718
3858,1.2354781574686058e-05,0.0033396712969988585
3859,9.40723839448765e-06,0.0033520800061523914
3860,7.762827408441808e-06,0.003351263701915741
3861,7.649698090972379e-06,0.003341763513162732
3862,8.691111361258663e-06,0.0033607748337090015
3863,1.0172638212679885e-05,0.003336569992825389
3864,1.1368096238584258e-05,0.0033643573988229036
3865,1.181484549306333e-05,0.0033365723211318254
3866,1.1401204574212898e-05,0.0033613299019634724
3867,1.0369154551881365e-05,0.0033406794536858797
3868,9.130632861342747e-06,0.0033544967882335186
3869,8.1072957982542e-06,0.0033473465591669083
3870,7.561773145425832e-06,0.003347736317664385
3871,7.542008916061604e-06,0.0033540024887770414
3872,7.911856300779618e-06,0.003343201708048582
3873,8.441686986770947e-06,0.0033582509495317936
3874,8.914721547625959e-06,0.0033414028584957123
3875,9.172734280582517e-06,0.0033591235987842083
3876,9.165164556179661e-06,0.0033420645631849766
3877,8.929967407311779e-06,0.003357269335538149
3878,8.544076990801841e-06,0.0033447134774178267
3879,8.126739885483403e-06,0.0033539601135998964
3880,7.771049240545835e-06,0.003348343074321747
3881,7.543788342445623e-06,0.0033502590376883745
3882,7.465108410542598e-06,0.0033515922259539366
3883,7.513736818509642e-06,0.0033469803165644407
3884,7.6419628385338e-06,0.0033536176197230816
3885,7.794089469825849e-06,0.0033449071925133467
3886,7.92275841376977e-06,0.003354482352733612
3887,7.997046850505285e-06,0.0033443544525653124
3888,8.004966730368324e-06,0.003354070009663701
3889,7.95201958680991e-06,0.003344758879393339
3890,7.858991011744365e-06,0.003352602943778038
3891,7.74651562096551e-06,0.003345692064613104
3892,7.637192538823001e-06,0.003350627375766635
3893,7.545319476776058e-06,0.0033469267655164003
3894,7.479960913769901e-06,0.003348682075738907
3895,7.444626135111321e-06,0.0033482476137578487
3896,7.437040039803833e-06,0.0033471654169261456
3897,7.450450539181475e-06,0.0033495754469186068
3898,7.4770459832507186e-06,0.0033464885782450438
3899,7.511261173931416e-06,0.003351017367094755
3900,7.545856988144806e-06,0.003346391022205353
3901,7.576836651423946e-06,0.003352005034685135
3902,7.605650353070814e-06,0.003346181707456708
3903,7.626178557984531e-06,0.003352448809891939
3904,7.646423000551295e-06,0.003346071345731616
3905,7.655302397324704e-06,0.0033528152853250504
3906,7.653559805476107e-06,0.003346578450873494
3907,7.643096978426911e-06,0.0033531258814036846
3908,7.626720616826788e-06,0.003347167046740651
3909,7.607057341374457e-06,0.003352997126057744
3910,7.584950253658462e-06,0.00334748812019825
3911,7.5636089604813606e-06,0.003352561267092824
3912,7.541979812231148e-06,0.003347699996083975
3913,7.521062798332423e-06,0.0033520564902573824
3914,7.5016855589638e-06,0.003347984282299876
3915,7.484208708774531e-06,0.003351740073412657
3916,7.468845979019534e-06,0.0033483996521681547
3917,7.4554336606524885e-06,0.0033515975810587406
3918,7.444684797519585e-06,0.0033487945329397917
3919,7.435674888256472e-06,0.0033514895476400852
3920,7.427851414831821e-06,0.0033489589113742113
3921,7.422847374982666e-06,0.0033513098023831844
3922,7.419606845360249e-06,0.0033487833570688963
3923,7.418330824293662e-06,0.003351118415594101
3924,7.419364465022227e-06,0.0033483889419585466
3925,7.424394425470382e-06,0.0033512343652546406
3926,7.435993211402092e-06,0.003347771242260933
3927,7.452841146005085e-06,0.00335169886238873
3928,7.473651294276351e-06,0.0033472832292318344
3929,7.507020200137049e-06,0.003352612257003784
3930,7.549147994723171e-06,0.0033466171007603407
3931,7.602245204907376e-06,0.003353490261361003
3932,7.671173079870641e-06,0.0033456061501055956
3933,7.764189831505064e-06,0.0033547363709658384
3934,7.888063919381239e-06,0.003344570053741336
3935,8.053973033383954e-06,0.0033568355720490217
3936,8.283145689347293e-06,0.0033433225471526384
3937,8.589920980739407e-06,0.003359644440934062
3938,9.018256605486386e-06,0.0033412915654480457
3939,9.5966088338173e-06,0.00336344912648201
3940,1.0490821296116337e-05,0.0033381935209035873
3941,1.1702881238306873e-05,0.00336957024410367
3942,1.3542479791794904e-05,0.003334149019792676
3943,1.6034493455663323e-05,0.0033785507548600435
3944,1.948006138263736e-05,0.003329148516058922
3945,2.3953256459208205e-05,0.003390456084161997
3946,3.003535675816238e-05,0.0033237473107874393
3947,3.7265770515659824e-05,0.003405964467674494
3948,4.638246900867671e-05,0.0033197738230228424
3949,5.506126763066277e-05,0.0034209403675049543
3950,6.340838444884866e-05,0.0033183780033141375
3951,6.618554471060634e-05,0.0034219834487885237
3952,6.268802098929882e-05,0.0033217500895261765
3953,5.049390165368095e-05,0.0033984524197876453
3954,3.379241024958901e-05,0.0033356300555169582
3955,1.7902517356560566e-05,0.003363312454894185
3956,8.66754271555692e-06,0.0033608716912567616
3957,8.176818482752424e-06,0.0033369504380971193
3958,1.4246528735384345e-05,0.00338228652253747
3959,2.2184543922776356e-05,0.0033239927142858505
3960,2.7264206437394023e-05,0.003383514704182744
3961,2.6965304641635157e-05,0.003323455573990941
3962,2.167818820453249e-05,0.003365455660969019
3963,1.4489123714156449e-05,0.0033363483380526304
3964,8.998097655421589e-06,0.0033440920524299145
3965,7.383170213870471e-06,0.0033562290482223034
3966,9.392728316015564e-06,0.003331333864480257
3967,1.2958902516402304e-05,0.0033688147086650133
3968,1.5640847777831368e-05,0.003328618360683322
3969,1.5910918591544032e-05,0.0033660889603197575
3970,1.3839264283888042e-05,0.00333462399430573
3971,1.0713779374782462e-05,0.003353128209710121
3972,8.200957381632179e-06,0.0033465567976236343
3973,7.333364010264631e-06,0.003340626135468483
3974,8.094650183920749e-06,0.0033578812144696712
3975,9.63844831858296e-06,0.0033348011784255505
3976,1.0904879673034884e-05,0.003361848648637533
3977,1.122011508414289e-05,0.0033356095664203167
3978,1.0475469935045112e-05,0.003356771543622017
3979,9.17371562536573e-06,0.0033410494215786457
3980,7.964563337736763e-06,0.003347641322761774
3981,7.345806807279587e-06,0.0033488557673990726
3982,7.441898105753353e-06,0.0033408005256205797
3983,8.009583325474523e-06,0.003355101915076375
3984,8.652079486637376e-06,0.0033383206464350224
3985,9.000327736430336e-06,0.0033560805022716522
3986,8.933448043535464e-06,0.003339237067848444
3987,8.502272066834848e-06,0.003351901425048709
3988,7.950859071570449e-06,0.003342562820762396
3989,7.499024832213763e-06,0.0033460562117397785
3990,7.291421752597671e-06,0.003346851794049144
3991,7.337716851907317e-06,0.003341537667438388
3992,7.548747817054391e-06,0.0033500802237540483
3993,7.793321856297553e-06,0.0033394708298146725
3994,7.948061465867795e-06,0.0033507999032735825
3995,7.96113999967929e-06,0.003339859191328287
3996,7.835538781364448e-06,0.0033491577487438917
3997,7.637008820893243e-06,0.0033420752733945847
3998,7.438368811563123e-06,0.003346443874761462
3999,7.304955033760052e-06,0.0033452522475272417
4000,7.260428446898004e-06,0.003344168420881033
4001,7.295639079529792e-06,0.003348112804815173
4002,7.377789188467432e-06,0.0033427546732127666
4003,7.463715064659482e-06,0.0033495076932013035
4004,7.520776762248715e-06,0.0033423122949898243
4005,7.529377853643382e-06,0.00334925320930779
4006,7.491650649171788e-06,0.003342951415106654
4007,7.425072453770554e-06,0.0033480848651379347
4008,7.35018920750008e-06,0.003344498109072447
4009,7.287521839316469e-06,0.0033465991728007793
4010,7.249925147334579e-06,0.003346117911860347
4011,7.240160812216345e-06,0.0033451870549470186
4012,7.252102477650624e-06,0.003347449004650116
4013,7.277375061676139e-06,0.0033443968277424574
4014,7.304974133148789e-06,0.0033484448213130236
4015,7.326817922148621e-06,0.003344164462760091
4016,7.336160251725232e-06,0.003348568920046091
4017,7.331463166337926e-06,0.0033443178981542587
4018,7.317797098949086e-06,0.003348257392644882
4019,7.3006317506951746e-06,0.00334489275701344
4020,7.280745194293559e-06,0.0033480252604931593
4021,7.2600378189235926e-06,0.003345797536894679
4022,7.2421303229930345e-06,0.003347514197230339
4023,7.228326467156876e-06,0.0033464040607213974
4024,7.2191478466265835e-06,0.0033467100001871586
4025,7.214776815089863e-06,0.0033467616885900497
4026,7.213899607450003e-06,0.0033460413105785847
4027,7.215591722342651e-06,0.003347184509038925
4028,7.218656719487626e-06,0.0033458233810961246
4029,7.22301911082468e-06,0.0033477754332125187
4030,7.226444722618908e-06,0.0033458578400313854
4031,7.22958520782413e-06,0.003348184749484062
4032,7.230786195577821e-06,0.0033459491096436977
4033,7.23156563253724e-06,0.003348445985466242
4034,7.230097253341228e-06,0.0033461488783359528
4035,7.2269263000634965e-06,0.003348438534885645
4036,7.222375188575825e-06,0.003346254350617528
4037,7.2169887062045746e-06,0.0033482625149190426
4038,7.211731826828327e-06,0.0033465828746557236
4039,7.206033387774369e-06,0.0033484238665550947
4040,7.200988420663634e-06,0.0033471372444182634
4041,7.196927526820218e-06,0.003348470199853182
4042,7.193204510258511e-06,0.0033471286296844482
4043,7.1904055403138045e-06,0.0033480548299849033
4044,7.187637493188959e-06,0.0033468492329120636
4045,7.185049071267713e-06,0.0033477835822850466
4046,7.1842414399725385e-06,0.0033466063905507326
4047,7.183139587141341e-06,0.003347766352817416
4048,7.18200544724823e-06,0.0033465824089944363
4049,7.181674845924135e-06,0.003348065074533224
4050,7.181354703789111e-06,0.0033467975445091724
4051,7.1812855821917765e-06,0.0033484953455626965
4052,7.181731234595645e-06,0.0033468217588961124
4053,7.1832082539913245e-06,0.0033485882449895144
4054,7.185387858044123e-06,0.0033463246654719114
4055,7.18944920663489e-06,0.003348581027239561
4056,7.1954445957089774e-06,0.003345904406160116
4057,7.204153916973155e-06,0.0033490736968815327
4058,7.2154871304519475e-06,0.0033456780947744846
4059,7.231731615320314e-06,0.003349779639393091
4060,7.252494924614439e-06,0.0033453505020588636
4061,7.280982572410721e-06,0.00335068185813725
4062,7.3178307502530515e-06,0.0033448790200054646
4063,7.373291737167165e-06,0.0033518814016133547
4064,7.447520147252362e-06,0.0033439218532294035
4065,7.54615166442818e-06,0.0033531009685248137
4066,7.679084774281364e-06,0.003342506941407919
4067,7.856276170059573e-06,0.0033549494110047817
4068,8.098351827356964e-06,0.0033409646712243557
4069,8.426720341958571e-06,0.003357907757163048
4070,8.941206033341587e-06,0.0033385115675628185
4071,9.641876204113942e-06,0.003362297546118498
4072,1.0713969459175132e-05,0.003334825159981847
4073,1.2157410310464911e-05,0.003368547186255455
4074,1.4183414350554813e-05,0.0033303271047770977
4075,1.6925614545471035e-05,0.0033777684438973665
4076,2.08828532777261e-05,0.003324857447296381
4077,2.5998562705353834e-05,0.0033911976497620344
4078,3.320650284877047e-05,0.003319378476589918
4079,4.1713723476277664e-05,0.003409227356314659
4080,5.257962038740516e-05,0.003315890906378627
4081,6.267013668548316e-05,0.003426158335059881
4082,7.154550985433161e-05,0.0033155065029859543
4083,7.329467189265415e-05,0.0034250193275511265
4084,6.734554335707799e-05,0.003319808514788747
4085,5.175233309273608e-05,0.003396222833544016
4086,3.229727008147165e-05,0.0033354703336954117
4087,1.555018752696924e-05,0.0033573072869330645
4088,7.54180655349046e-06,0.003362917574122548
4089,9.405728633282706e-06,0.0033306025434285402
4090,1.755013727233745e-05,0.0033843342680484056
4091,2.620735358505044e-05,0.003319230629131198
4092,3.0310164220281877e-05,0.003382361028343439
4093,2.794341344269924e-05,0.0033211358822882175
4094,2.065701482933946e-05,0.003360298927873373
4095,1.2629566299438011e-05,0.0033367667347192764
4096,7.77071818447439e-06,0.0033374656923115253
4097,7.66542143537663e-06,0.0033578078728169203
4098,1.1057244591938797e-05,0.0033256174065172672
4099,1.5083727703313343e-05,0.003368380945175886
4100,1.7136137103079818e-05,0.003324788762256503
4101,1.6153373508132063e-05,0.003361875656992197
4102,1.2952377801411785e-05,0.003333038417622447
4103,9.427492841496132e-06,0.00334639148786664
4104,7.355704383371631e-06,0.003346604062244296
4105,7.389031907223398e-06,0.0033339676447212696
4106,8.927542694436852e-06,0.003357289358973503
4107,1.0702498911996372e-05,0.003329527098685503
4108,1.1587439985305537e-05,0.0033583410549908876
4109,1.1161208021803759e-05,0.0033323043026030064
4110,9.783836503629573e-06,0.0033506019972264767
4111,8.237027941504493e-06,0.0033398091327399015
4112,7.256820936163422e-06,0.0033406796865165234
4113,7.156669653340941e-06,0.0033483218867331743
4114,7.744250069663394e-06,0.003334713401272893
4115,8.536007953807712e-06,0.0033533088862895966
4116,9.04137959878426e-06,0.0033339536748826504
4117,9.022738595376723e-06,0.003351957304403186
4118,8.550823622499593e-06,0.0033367343712598085
4119,7.877109965193085e-06,0.0033459854312241077
4120,7.323420049942797e-06,0.0033415022771805525
4121,7.076827841956401e-06,0.00333971343934536
4122,7.161144367273664e-06,0.0033460732083767653
4123,7.451747023878852e-06,0.003335846122354269
4124,7.758443643979263e-06,0.003348046215251088
4125,7.931562322482932e-06,0.003334989072754979
4126,7.905133315944113e-06,0.003346787765622139
4127,7.710522368142847e-06,0.0033365406561642885
4128,7.446486961271148e-06,0.003343432443216443
4129,7.209690920717549e-06,0.0033396300859749317
4130,7.073316282912856e-06,0.003340148599818349
4131,7.0589908318652306e-06,0.0033432054333388805
4132,7.137993634387385e-06,0.0033383406698703766
4133,7.253699550346937e-06,0.0033457011450082064
4134,7.349462975980714e-06,0.0033380785025656223
4135,7.388554422504967e-06,0.0033463272266089916
4136,7.361759344348684e-06,0.0033391411416232586
4137,7.285013452928979e-06,0.00334540125913918
4138,7.188550171122188e-06,0.0033409290481358767
4139,7.1027170633897185e-06,0.003343509044498205
4140,7.0484893512912095e-06,0.003342642681673169
4141,7.031824679870624e-06,0.003341596107929945
4142,7.045923211990157e-06,0.0033439367543905973
4143,7.07810977473855e-06,0.0033403430134058
4144,7.113441824913025e-06,0.0033447432797402143
4145,7.13961208020919e-06,0.003340005176141858
4146,7.148797067202395e-06,0.0033448722679167986
4147,7.139325134630781e-06,0.003340382594615221
4148,7.116292636055732e-06,0.003344383090734482
4149,7.0857545324543025e-06,0.003341322299093008
4150,7.055435617076e-06,0.0033437281381338835
4151,7.033658221189398e-06,0.0033424526918679476
4152,7.018643373157829e-06,0.003343311371281743
4153,7.011799425526988e-06,0.003343756077811122
4154,7.011426532699261e-06,0.003343145130202174
4155,7.015984010649845e-06,0.003344855736941099
4156,7.02226543580764e-06,0.003343088086694479
4157,7.028184427326778e-06,0.00334537448361516
4158,7.032252142380457e-06,0.0033429316245019436
4159,7.0353007686208e-06,0.003345425007864833
4160,7.036335773591418e-06,0.0033426322042942047
4161,7.036847819108516e-06,0.0033451556228101254
4162,7.0350070018321276e-06,0.0033423802815377712
4163,7.030409960862016e-06,0.0033448184840381145
4164,7.024382739473367e-06,0.0033425521105527878
4165,7.017575171630597e-06,0.0033447612076997757
4166,7.0103587859193794e-06,0.0033430687617510557
4167,7.003053724474739e-06,0.0033446610905230045
4168,6.99651855029515e-06,0.0033435269724577665
4169,6.990738711465383e-06,0.0033444936852902174
4170,6.9862026066402905e-06,0.0033439788967370987
4171,6.982664672250394e-06,0.0033444068394601345
4172,6.980087164265569e-06,0.0033444140572100878
4173,6.978335477469955e-06,0.003344288095831871
4174,6.977080374781508e-06,0.003344551892951131
4175,6.976031727390364e-06,0.0033438007812947035
4176,6.975610631343443e-06,0.00334428739733994
4177,6.975282303756103e-06,0.003343176795169711
4178,6.974959887884324e-06,0.0033441304694861174
4179,6.974934422032675e-06,0.0033430110197514296
4180,6.976034455874469e-06,0.0033445623703300953
4181,6.9779953264514916e-06,0.0033430506009608507
4182,6.98157009537681e-06,0.0033451735507696867
4183,6.9857901507930364e-06,0.003342999145388603
4184,6.991524514887715e-06,0.0033455893862992525
4185,6.9975576479919255e-06,0.003342763753607869
4186,7.004010512901004e-06,0.0033458564430475235
4187,7.010940862528514e-06,0.0033424836583435535
4188,7.01823864801554e-06,0.0033460960257798433
4189,7.026146249700105e-06,0.0033422857522964478
4190,7.0412993409263436e-06,0.0033467491157352924
4191,7.058673418214312e-06,0.0033420727122575045
4192,7.0816749939695e-06,0.0033473751973360777
4193,7.109553735062946e-06,0.0033415346406400204
4194,7.145909876271617e-06,0.003347964258864522
4195,7.192122666310752e-06,0.0033406573347747326
4196,7.252185696415836e-06,0.0033486683387309313
4197,7.3297828748764005e-06,0.0033396470826119184
4198,7.4303525252616964e-06,0.003349988255649805
4199,7.561038273706799e-06,0.003338802605867386
4200,7.731165169388987e-06,0.003352149622514844
4201,7.962578820297495e-06,0.003337620524689555
4202,8.266821168945171e-06,0.003354765474796295
4203,8.712687304068822e-06,0.0033353324979543686
4204,9.300858437200077e-06,0.003358371090143919
4205,1.0158309123653453e-05,0.003332237945869565
4206,1.1315547453705221e-05,0.0033640649635344744
4207,1.3056205716566183e-05,0.00332806003279984
4208,1.5375921066151932e-05,0.003372443374246359
4209,1.8553639165475033e-05,0.0033233617432415485
4210,2.2648087906418368e-05,0.003383992239832878
4211,2.8084410587325692e-05,0.0033184909261763096
4212,3.459622530499473e-05,0.0033987327478826046
4213,4.2916675738524646e-05,0.0033142969477921724
4214,5.1337014156160876e-05,0.003414635779336095
4215,6.052578100934625e-05,0.0033125511836260557
4216,6.602217035833746e-05,0.0034220132511109114
4217,6.711743480991572e-05,0.0033146371133625507
4218,5.9997692005708814e-05,0.003406860399991274
4219,4.658830221160315e-05,0.003322997596114874
4220,2.9703282052651048e-05,0.00337231601588428
4221,1.5337131117121316e-05,0.003342352109029889
4222,7.718320375715848e-06,0.0033403292763978243
4223,8.009438715816941e-06,0.003366700606420636
4224,1.3919057892053388e-05,0.003321618540212512
4225,2.131008659489453e-05,0.00337895262055099
4226,2.625701563374605e-05,0.003315090434625745
4227,2.6425241230754182e-05,0.003371563972905278
4228,2.2101676222519018e-05,0.0033211465924978256
4229,1.5509891454712488e-05,0.0033524255268275738
4230,9.76612136582844e-06,0.003337731584906578
4231,7.050170097500086e-06,0.0033342759124934673
4232,7.752293640805874e-06,0.0033553417306393385
4233,1.0605021088849753e-05,0.003324513090774417
4234,1.3606855645775795e-05,0.0033638030290603638
4235,1.5114461348275654e-05,0.003324005752801895
4236,1.4466085303865839e-05,0.0033592055551707745
4237,1.2188415894343052e-05,0.003330716397613287
4238,9.45776810112875e-06,0.003346699522808194
4239,7.489520157832885e-06,0.0033416305668652058
4240,6.912715434737038e-06,0.003335312008857727
4241,7.603064204886323e-06,0.0033515957184135914
4242,8.894390703062527e-06,0.003329426748678088
4243,9.991711522161495e-06,0.003354813205078244
4244,1.0364788067818154e-05,0.003328955266624689
4245,9.904882062983233e-06,0.0033506390172988176
4246,8.903142770577688e-06,0.0033334430772811174
4247,7.826948603906203e-06,0.0033434289507567883
4248,7.089236987667391e-06,0.003340761410072446
4249,6.881712579343002e-06,0.0033368715085089207
4250,7.1425943133363035e-06,0.0033467598259449005
4251,7.634967914782465e-06,0.003332837950438261
4252,8.079334293142892e-06,0.003348803846165538
4253,8.28432348498609e-06,0.0033321052324026823
4254,8.201971468224656e-06,0.0033470068592578173
4255,7.90135618444765e-06,0.003333753440529108
4256,7.497172191506252e-06,0.003342553274706006
4257,7.137369721021969e-06,0.0033368642907589674
4258,6.9113229983486235e-06,0.0033381644170731306
4259,6.857273547211662e-06,0.0033410191535949707
4260,6.9461011662497185e-06,0.0033357515931129456
4261,7.107497367542237e-06,0.003344071563333273
4262,7.265412023116369e-06,0.0033345152623951435
4263,7.360458312177798e-06,0.0033444545697420835
4264,7.3685941970325075e-06,0.0033346109557896852
4265,7.295462182810297e-06,0.003343427088111639
4266,7.1719209699949715e-06,0.003336517605930567
4267,7.035650014586281e-06,0.003341898787766695
4268,6.922577540535713e-06,0.003339085029438138
4269,6.85395343680284e-06,0.003339910414069891
4270,6.83479311192059e-06,0.003341095056384802
4271,6.856500931462506e-06,0.0033381301909685135
4272,6.901716005813796e-06,0.0033423970453441143
4273,6.951843715796713e-06,0.0033370491582900286
4274,6.990943802520633e-06,0.0033427115995436907
4275,7.00984082868672e-06,0.0033366058487445116
4276,7.008331067481777e-06,0.003342435462400317
4277,6.986987955315271e-06,0.0033372987527400255
4278,6.953842330403859e-06,0.0033423162531107664
4279,6.915257017681142e-06,0.003338715061545372
4280,6.8788599492108915e-06,0.0033418338280171156
4281,6.84837732478627e-06,0.0033398433588445187
4282,6.82663676343509e-06,0.003340951632708311
4283,6.814806511101779e-06,0.0033409621100872755
4284,6.811799721617717e-06,0.003340539988130331
4285,6.815761935285991e-06,0.003342208918184042
4286,6.823919648013543e-06,0.0033404198475182056
4287,6.833997758803889e-06,0.0033430804032832384
4288,6.844399649708066e-06,0.0033402740955352783
4289,6.852553724456811e-06,0.0033434946089982986
4290,6.858530014142161e-06,0.0033400836400687695
4291,6.861102974653477e-06,0.0033434065990149975
4292,6.860933353891596e-06,0.0033397930674254894
4293,6.858668257336831e-06,0.0033430717885494232
4294,6.859128006908577e-06,0.0033395891077816486
4295,6.86083285472705e-06,0.0033433898352086544
4296,6.860131634311983e-06,0.003340044990181923
4297,6.860106623207685e-06,0.0033438359387218952
4298,6.8584367909352295e-06,0.0033402168191969395
4299,6.8549961724784225e-06,0.00334363360889256
4300,6.850447334727505e-06,0.0033401232212781906
4301,6.846307314845035e-06,0.0033435714431107044
4302,6.84124688632437e-06,0.0033404366113245487
4303,6.837230557721341e-06,0.003343756077811122
4304,6.833667612227146e-06,0.0033405825961381197
4305,6.831410246377345e-06,0.0033436338417232037
4306,6.829364338045707e-06,0.003340361174196005
4307,6.829145604569931e-06,0.0033435416407883167
4308,6.829367521277163e-06,0.0033402624540030956
4309,6.8297385951154865e-06,0.0033435244113206863
4310,6.831026894360548e-06,0.003339949296787381
4311,6.833476163592422e-06,0.003343398217111826
4312,6.83764028508449e-06,0.0033396384678781033
4313,6.844900781288743e-06,0.003343721153214574
4314,6.854614184703678e-06,0.003339549992233515
4315,6.868811851745704e-06,0.0033443369902670383
4316,6.88705176798976e-06,0.003339270129799843
4317,6.912101525813341e-06,0.0033448818139731884
4318,6.944400411157403e-06,0.003338562324643135
4319,6.9908246587147005e-06,0.003345597069710493
4320,7.050920885376399e-06,0.0033376659266650677
4321,7.1313834268948995e-06,0.003346822690218687
4322,7.238458692881977e-06,0.0033367411233484745
4323,7.382550393231213e-06,0.0033487416803836823
4324,7.597752301080618e-06,0.0033353108447045088
4325,7.883552825660445e-06,0.0033514853566884995
4326,8.273198545794003e-06,0.0033334537874907255
4327,8.808920938463416e-06,0.0033552597742527723
4328,9.55104042077437e-06,0.0033306521363556385
4329,1.0547776582825463e-05,0.003360298229381442
4330,1.2000823517155368e-05,0.003326640697196126
4331,1.3976884474686813e-05,0.0033682461362332106
4332,1.694571074040141e-05,0.003321563359349966
4333,2.0912026229780167e-05,0.003380450652912259
4334,2.6519595849094912e-05,0.0033162503968924284
4335,3.3596290450077504e-05,0.0033978454302996397
4336,4.328645809437148e-05,0.0033119539730250835
4337,5.404216790338978e-05,0.0034191254526376724
4338,6.653511081822217e-05,0.0033101581502705812
4339,7.609974272781983e-05,0.0034326594322919846
4340,8.149975474225357e-05,0.003310792613774538
4341,7.660372648388147e-05,0.0034197221975773573
4342,6.292763282544911e-05,0.003317090915516019
4343,4.1781822801567614e-05,0.0033805053681135178
4344,2.140311335097067e-05,0.0033385076094418764
4345,8.904336027626414e-06,0.003342027310281992
4346,7.479262421838939e-06,0.003369330195710063
4347,1.4724983884661924e-05,0.003319933544844389
4348,2.4761055101407692e-05,0.0033854811917990446
4349,3.1575047614751384e-05,0.0033122352324426174
4350,3.151484997943044e-05,0.003375063417479396
4351,2.5111983632086776e-05,0.003319309325888753
4352,1.599859206180554e-05,0.0033494774252176285
4353,8.937034181144554e-06,0.0033395029604434967
4354,6.778839633625466e-06,0.0033279783092439175
4355,9.28402369027026e-06,0.0033599219750612974
4356,1.3818612387694884e-05,0.0033189752139151096
4357,1.7200905858771876e-05,0.0033659052569419146
4358,1.7514526916784234e-05,0.0033213079441338778
4359,1.4803721569478512e-05,0.003354837652295828
4360,1.0828211998159532e-05,0.0033320661168545485
4361,7.70771748648258e-06,0.003337965114042163
4362,6.7436803874443285e-06,0.0033465083688497543
4363,7.837434168322943e-06,0.0033271689899265766
4364,9.832952855504118e-06,0.003355781314894557
4365,1.135861202783417e-05,0.00332471402361989
4366,1.1558440746739507e-05,0.003353583160787821
4367,1.0459918485139497e-05,0.0033286206889897585
4368,8.743912985664792e-06,0.003343392862007022
4369,7.302945050469134e-06,0.0033369685988873243
4370,6.716262760164682e-06,0.0033335492480546236
4371,7.019636541372165e-06,0.0033452757634222507
4372,7.818527592462488e-06,0.003328230232000351
4373,8.562504262954462e-06,0.0033483218867331743
4374,8.847428944136482e-06,0.003327809739857912
4375,8.564695235691033e-06,0.0033449605107307434
4376,7.912820365163498e-06,0.003331440966576338
4377,7.225218723760918e-06,0.003338371869176626
4378,6.781425327062607e-06,0.0033366638235747814
4379,6.7024216150457505e-06,0.0033320472575724125
4380,6.921779913682258e-06,0.0033407132141292095
4381,7.256952812895179e-06,0.003328756894916296
4382,7.512712727475446e-06,0.003341980278491974
4383,7.573638868052512e-06,0.0033290788996964693
4384,7.430189725710079e-06,0.003340216353535652
4385,7.173797257564729e-06,0.0033316772896796465
4386,6.909026069479296e-06,0.003336795838549733
4387,6.7280634539201856e-06,0.0033352624159306288
4388,6.66928735881811e-06,0.0033338069915771484
4389,6.720229976053815e-06,0.003338627051562071
4390,6.831025530118495e-06,0.0033323143143206835
4391,6.943483640498016e-06,0.0033405020367354155
4392,7.010868102952372e-06,0.0033322772942483425
4393,7.0118367148097605e-06,0.0033404447603970766
4394,6.954002856218722e-06,0.0033335345797240734
4395,6.8634312810900155e-06,0.003339244518429041
4396,6.76831996315741e-06,0.0033355876803398132
4397,6.6943466663360596e-06,0.0033375457860529423
4398,6.656687673967099e-06,0.00333767500706017
4399,6.655612196482252e-06,0.003336103167384863
4400,6.680954356852453e-06,0.003339343471452594
4401,6.71727775625186e-06,0.003335310146212578
4402,6.74925240673474e-06,0.0033400661777704954
4403,6.767121703887824e-06,0.0033350936137139797
4404,6.7682813096325845e-06,0.00333997281268239
4405,6.7530731939768884e-06,0.003335608635097742
4406,6.727225809299853e-06,0.0033394224010407925
4407,6.697016942780465e-06,0.0033364389091730118
4408,6.67004633214674e-06,0.003338511334732175
4409,6.64921390125528e-06,0.003337354864925146
4410,6.6368183979648165e-06,0.0033376365900039673
4411,6.6332299866189715e-06,0.0033382766414433718
4412,6.636213129240787e-06,0.003337069181725383
4413,6.64450999465771e-06,0.0033391653560101986
4414,6.654050139331957e-06,0.003336861729621887
4415,6.6633620008360595e-06,0.003339804708957672
4416,6.669996764685493e-06,0.0033369038719683886
4417,6.672804829577217e-06,0.0033400673419237137
4418,6.671592018392403e-06,0.003336995840072632
4419,6.666856734227622e-06,0.0033398629166185856
4420,6.659746759396512e-06,0.003337190253660083
4421,6.650405794061953e-06,0.0033395651262253523
4422,6.64069830236258e-06,0.0033376875799149275
4423,6.631648375332588e-06,0.003339386312291026
4424,6.6236011662113015e-06,0.0033383003901690245
4425,6.61720332573168e-06,0.003339103888720274
4426,6.612604920519516e-06,0.0033386745490133762
4427,6.6098386923840735e-06,0.0033386845607310534
4428,6.608112016692758e-06,0.0033388962037861347
4429,6.6074435380869545e-06,0.0033382908441126347
4430,6.607690920645837e-06,0.0033391069155186415
4431,6.609112460864708e-06,0.0033378959633409977
4432,6.610845048271585e-06,0.0033392603509128094
4433,6.613049663428683e-06,0.003337552072480321
4434,6.615836355194915e-06,0.0033393967896699905
4435,6.618481620535022e-06,0.0033372268080711365
4436,6.621775355597492e-06,0.003339521586894989
4437,6.624583875236567e-06,0.003337062196806073
4438,6.6266270550841e-06,0.003339736955240369
4439,6.628238679695642e-06,0.0033371341414749622
4440,6.62991533317836e-06,0.0033400550018996
4441,6.631494215980638e-06,0.00333723658695817
4442,6.633708835579455e-06,0.0033404629211872816
4443,6.640197625529254e-06,0.0033372375182807446
4444,6.649493116128724e-06,0.003341101575642824
4445,6.664598004135769e-06,0.0033369504380971193
4446,6.683375886495924e-06,0.003341635223478079
4447,6.706283784296829e-06,0.0033363704569637775
4448,6.7370356191531755e-06,0.0033420987892895937
4449,6.773832865292206e-06,0.00333539885468781
4450,6.8190684032742865e-06,0.003342502284795046
4451,6.874920018162811e-06,0.0033343348186463118
4452,6.954188393137883e-06,0.0033434268552809954
4453,7.053638455545297e-06,0.0033331122249364853
4454,7.176932740549091e-06,0.0033446692395955324
4455,7.335905593208736e-06,0.0033318500500172377
4456,7.53572248868295e-06,0.003346680896356702
4457,7.800576895533595e-06,0.003330464940518141
4458,8.137181794154458e-06,0.003349432721734047
4459,8.589918252255302e-06,0.0033285263925790787
4460,9.171862984658219e-06,0.0033530585933476686
4461,9.972767657018267e-06,0.0033258963376283646
4462,1.1012778486474417e-05,0.003358269575983286
4463,1.2566209079523105e-05,0.003322109580039978
4464,1.4593398191209417e-05,0.0033661227207630873
4465,1.7456139175919816e-05,0.003317692782729864
4466,2.113291157002095e-05,0.0033772378228604794
4467,2.6179561245953664e-05,0.003312511835247278
4468,3.2284668122883886e-05,0.0033916712272912264
4469,4.012922727270052e-05,0.00330819608643651
4470,4.84631018480286e-05,0.003408098127692938
4471,5.753157893195748e-05,0.0033063769806176424
4472,6.414095696527511e-05,0.0034173603635281324
4473,6.622555520152673e-05,0.00330759072676301
4474,6.129838584456593e-05,0.00340454769320786
4475,4.9595750169828534e-05,0.003313941415399313
4476,3.3049444027710706e-05,0.0033699653577059507
4477,1.7621747247176245e-05,0.003333582077175379
4478,8.30558201414533e-06,0.0033374247141182423
4479,7.072696462273598e-06,0.003359611378982663
4480,1.221283855556976e-05,0.003316232468932867
4481,1.9755771063501015e-05,0.003373232437297702
4482,2.5556499167578295e-05,0.003308124141767621
4483,2.6824014639714733e-05,0.0033689718693494797
4484,2.3335405785473995e-05,0.0033146790228784084
4485,1.6932372091105208e-05,0.0033513978123664856
4486,1.0698362530092709e-05,0.0033308372367173433
4487,7.095100500009721e-06,0.003331430722028017
4488,6.967632998566842e-06,0.0033487402833998203
4489,9.415925887878984e-06,0.003320139367133379
4490,1.257045369129628e-05,0.0033595741260796785
4491,1.4645824194303714e-05,0.0033184108324348927
4492,1.4673100849904586e-05,0.003356583882123232
4493,1.2842268915846944e-05,0.0033237065654248
4494,1.0129905604117084e-05,0.0033448461908847094
4495,7.776438906148542e-06,0.003335031447932124
4496,6.621800366701791e-06,0.0033336251508444548
4497,6.822369414294371e-06,0.0033462964929640293
4498,7.918041774246376e-06,0.003326085861772299
4499,9.164527000393718e-06,0.0033507738262414932
4500,9.918917385220993e-06,0.003323884680867195
4501,9.912893801811151e-06,0.0033487132750451565
4502,9.200453860103153e-06,0.003327474696561694
4503,8.139729288814124e-06,0.0033421788830310106
4504,7.170885510277003e-06,0.003333907574415207
4505,6.610282525798539e-06,0.003334473120048642
4506,6.555027994181728e-06,0.00334017351269722
4507,6.887947620271007e-06,0.003329102648422122
4508,7.371497304120567e-06,0.003343753982335329
4509,7.767715032969136e-06,0.003326772479340434
4510,7.936439033073839e-06,0.003343126503750682
4511,7.82687038736185e-06,0.0033270823769271374
4512,7.5230955189908855e-06,0.0033397239167243242
4513,7.1377835411112756e-06,0.0033300661016255617
4514,6.78523338137893e-06,0.003335852874442935
4515,6.562841008417308e-06,0.003334442852064967
4516,6.497085450973827e-06,0.0033326868433505297
4517,6.566046977241058e-06,0.003338300157338381
4518,6.711947207804769e-06,0.0033308658748865128
4519,6.8668718995468225e-06,0.0033405949361622334
4520,6.975995347602293e-06,0.0033306225668638945
4521,7.007838576100767e-06,0.0033408452291041613
4522,6.962688530620653e-06,0.0033314686734229326
4523,6.859813765913714e-06,0.0033394780475646257
4524,6.732542715326417e-06,0.003333353903144598
4525,6.612234756175894e-06,0.0033376342616975307
4526,6.524512627947843e-06,0.003335635643452406
4527,6.480755928350845e-06,0.003335544839501381
4528,6.479240255430341e-06,0.0033372361212968826
4529,6.508419573947322e-06,0.0033336624037474394
4530,6.55242820357671e-06,0.003338174894452095
4531,6.5982230808003806e-06,0.0033327110577374697
4532,6.636846137553221e-06,0.0033388324081897736
4533,6.663024578301702e-06,0.003332471940666437
4534,6.676222255919129e-06,0.003339117858558893
4535,6.684366780973505e-06,0.0033326297998428345
4536,6.679621492367005e-06,0.0033393860794603825
4537,6.663719432253856e-06,0.003333424683660269
4538,6.639389084739378e-06,0.003339360933750868
4539,6.611090611841064e-06,0.0033341050148010254
4540,6.580993158422643e-06,0.0033387653529644012
4541,6.5521899159648456e-06,0.0033346586860716343
4542,6.526308425236493e-06,0.003338212613016367
4543,6.504279554064851e-06,0.0033352940808981657
4544,6.486573511210736e-06,0.0033376968931406736
4545,6.47259139441303e-06,0.003335741814225912
4546,6.462636520154774e-06,0.0033372349571436644
4547,6.454931281041354e-06,0.003336239606142044
4548,6.449186912504956e-06,0.0033370251767337322
4549,6.4452483456989285e-06,0.003336729947477579
4550,6.442705398512771e-06,0.0033368312288075686
4551,6.44119154458167e-06,0.003337061731144786
4552,6.440382094297092e-06,0.0033367150463163853
4553,6.440278866648441e-06,0.0033376228529959917
4554,6.441291588998865e-06,0.0033366188872605562
4555,6.442995072575286e-06,0.003337988629937172
4556,6.44615192868514e-06,0.0033363152761012316
4557,6.449592092394596e-06,0.0033382601104676723
4558,6.454833965108264e-06,0.003335935529321432
4559,6.46251146463328e-06,0.0033385634887963533
4560,6.473293069575448e-06,0.00333515671081841
4561,6.485987796622794e-06,0.0033385567367076874
4562,6.502526957774535e-06,0.003334302920848131
4563,6.52326980343787e-06,0.0033390994649380445
4564,6.5506201281095855e-06,0.0033339504152536392
4565,6.585486062249402e-06,0.003340239403769374
4566,6.6417692323739175e-06,0.0033331625163555145
4567,6.713949460390722e-06,0.003341521369293332
4568,6.833754014223814e-06,0.003331867279484868
4569,6.987981578276958e-06,0.0033437772653996944
4570,7.212076070572948e-06,0.003330375999212265
4571,7.510400791943539e-06,0.003346518147736788
4572,7.939872375573032e-06,0.0033276055473834276
4573,8.505079676979221e-06,0.0033499058336019516
4574,9.32665352593176e-06,0.0033240944612771273
4575,1.041639825416496e-05,0.0033554392866790295
4576,1.199225789605407e-05,0.0033199917525053024
4577,1.4126149835647084e-05,0.003363908501341939
4578,1.733748104015831e-05,0.003314584493637085
4579,2.1599733372568153e-05,0.0033770401496440172
4580,2.7645965019473806e-05,0.0033090703655034304
4581,3.5075590858468786e-05,0.0033951164223253727
4582,4.4540371163748205e-05,0.003304882440716028
4583,5.359640999813564e-05,0.00341195915825665
4584,6.237199704628438e-05,0.0033040300477296114
4585,6.677179771941155e-05,0.0034171496517956257
4586,6.597713945666328e-05,0.0033062887378036976
4587,5.744637383031659e-05,0.0033981557935476303
4588,4.375457501737401e-05,0.0033136815764009953
4589,2.763454358500894e-05,0.003362670075148344
4590,1.4258385817811359e-05,0.003332934807986021
4591,7.22239337846986e-06,0.0033317774068564177
4592,7.335914233408403e-06,0.003357143374159932
4593,1.2598291505128145e-05,0.0033131097443401814
4594,1.950798468897119e-05,0.00337044196203351
4595,2.467589729349129e-05,0.003306280355900526
4596,2.5863784685498103e-05,0.00336681236512959
4597,2.2901625925442204e-05,0.0033115376718342304
4598,1.7219168512383476e-05,0.0033502995502203703
4599,1.134079138864763e-05,0.003325586672872305
4600,7.425323474308243e-06,0.003330931067466736
4601,6.470819243986625e-06,0.003342278767377138
4602,8.053566489252262e-06,0.003318535163998604
4603,1.0803637451317627e-05,0.003353803651407361
4604,1.3177894288673997e-05,0.0033146622590720654
4605,1.4097578059590887e-05,0.0033537435811012983
4606,1.3295511962496676e-05,0.003317520022392273
4607,1.1274069947830867e-05,0.0033445358276367188
4608,8.926780537876766e-06,0.0033262670040130615
4609,7.133232429623604e-06,0.0033333725295960903
4610,6.405311978596728e-06,0.0033369853626936674
4611,6.721656063746195e-06,0.0033247421961277723
4612,7.693002771702595e-06,0.003344503464177251
4613,8.80389598023612e-06,0.0033203582279384136
4614,9.615319868316874e-06,0.003347142832353711
4615,9.866761502053123e-06,0.0033207195810973644
4616,9.535683602734935e-06,0.00334473280236125
4617,8.785020327195525e-06,0.0033241864293813705
4618,7.868829015933443e-06,0.003338530194014311
4619,7.060381904011592e-06,0.0033289804123342037
4620,6.538711204484571e-06,0.0033314439933747053
4621,6.368621143337805e-06,0.0033335525076836348
4622,6.5013291532523e-06,0.0033254846930503845
4623,6.815890174038941e-06,0.003336432157084346
4624,7.1705071604810655e-06,0.0033220902550965548
4625,7.454806564055616e-06,0.0033375348430126905
4626,7.589705546706682e-06,0.00332149351015687
4627,7.555207503173733e-06,0.0033366431016474962
4628,7.378838290605927e-06,0.003323062090203166
4629,7.119501788110938e-06,0.0033345676492899656
4630,6.840577498223865e-06,0.0033262043725699186
4631,6.597974333999446e-06,0.0033322840463370085
4632,6.430898793041706e-06,0.00333005259744823
4633,6.3530255829391535e-06,0.003330342937260866
4634,6.3557454268448055e-06,0.0033335417974740267
4635,6.4183682297880296e-06,0.003328962717205286
4636,6.513143944175681e-06,0.0033360242377966642
4637,6.613446203118656e-06,0.0033281133510172367
4638,6.6970583247893956e-06,0.0033371285535395145
4639,6.752597982995212e-06,0.003327675862237811
4640,6.772809229005361e-06,0.0033371082972735167
4641,6.7616360865940806e-06,0.0033278807532042265
4642,6.7296859924681485e-06,0.0033366456627845764
4643,6.677395049337065e-06,0.003328528255224228
4644,6.618871793762082e-06,0.003335691289976239
4645,6.555904292326886e-06,0.0033291641157120466
4646,6.493981345556676e-06,0.0033343862742185593
4647,6.439222488552332e-06,0.0033300681971013546
4648,6.3941843109205365e-06,0.0033334665931761265
4649,6.360270162986126e-06,0.003331355284899473
4650,6.337219474517042e-06,0.003332823049277067
4651,6.324241439870093e-06,0.003332505002617836
4652,6.319199655990815e-06,0.003332264255732298
4653,6.320275133475661e-06,0.0033334014005959034
4654,6.3257211877498776e-06,0.003331755055114627
4655,6.333898454613518e-06,0.003333956003189087
4656,6.343839686451247e-06,0.003331209300085902
4657,6.3548563957738224e-06,0.003334351349622011
4658,6.367096830217633e-06,0.003330795792862773
4659,6.379761998687172e-06,0.0033348561264574528
4660,6.399147423508111e-06,0.003330377396196127
4661,6.4194377955573145e-06,0.0033354840707033873
4662,6.4419555201311596e-06,0.0033300474751740694
4663,6.4651549109839834e-06,0.0033360731322318316
4664,6.492097782029305e-06,0.0033297035843133926
4665,6.520989700220525e-06,0.0033367727883160114
4666,6.555977506650379e-06,0.003329400671645999
4667,6.595291779376566e-06,0.00333757814951241
4668,6.644449513260042e-06,0.0033289070706814528
4669,6.701667643937981e-06,0.003338449401780963
4670,6.775394922442501e-06,0.0033281869255006313
4671,6.864399438200053e-06,0.003339607734233141
4672,6.98127269060933e-06,0.0033272698055952787
4673,7.125270258256933e-06,0.0033411341719329357
4674,7.316241863009054e-06,0.0033259678166359663
4675,7.555198862974066e-06,0.0033430978655815125
4676,7.874174116295762e-06,0.0033241701312363148
4677,8.278810128103942e-06,0.0033458129037171602
4678,8.821816663839854e-06,0.003321768017485738
4679,9.521134415990673e-06,0.003349537029862404
4680,1.0525378456804901e-05,0.0033184662461280823
4681,1.1835024452011567e-05,0.003355376422405243
4682,1.3627749467559624e-05,0.003314707428216934
4683,1.5972269466146827e-05,0.0033640428446233273
4684,1.9396713469177485e-05,0.0033098100684583187
4685,2.3741831682855263e-05,0.003376901615411043
4686,2.9704044209211133e-05,0.003305286867544055
4687,3.677223139675334e-05,0.0033939885906875134
4688,4.5620046876138076e-05,0.003301988821476698
4689,5.459351814351976e-05,0.00341130793094635
4690,6.373791984515265e-05,0.003300632117316127
4691,6.936273712199181e-05,0.003418783424422145
4692,7.122887473087758e-05,0.0033012896310538054
4693,6.511776882689446e-05,0.0034040380269289017
4694,5.267565211397596e-05,0.003307726699858904
4695,3.564699727576226e-05,0.0033689539413899183
4696,1.953364335349761e-05,0.0033254462759941816
4697,9.043879799719434e-06,0.00333344005048275
4698,6.386816039594123e-06,0.003350346116349101
4699,1.041300765791675e-05,0.0033108647912740707
4700,1.7700313037494197e-05,0.003367235418409109
4701,2.4310636945301667e-05,0.0033016714733093977
4702,2.718029463721905e-05,0.0033664428628981113
4703,2.5366836780449376e-05,0.003305407939478755
4704,1.9856810467899777e-05,0.0033508881460875273
4705,1.3268580005387776e-05,0.0033202830236405134
4706,8.223998520406894e-06,0.003331399755552411
4707,6.299468623183202e-06,0.0033393509220331907
4708,7.434816325257998e-06,0.0033176299184560776
4709,1.0298695997335017e-05,0.003352827625349164
4710,1.3126389603712596e-05,0.003312546294182539
4711,1.4504985301755369e-05,0.003354088170453906
4712,1.3960891919850837e-05,0.0033151551615446806
4713,1.1872230970766395e-05,0.003344554454088211
4714,9.274675903725438e-06,0.003323859302327037
4715,7.2003590503300074e-06,0.003331882180646062
4716,6.294892045843881e-06,0.003334825159981847
4717,6.593750640604412e-06,0.0033218723256140947
4718,7.64431206334848e-06,0.003342216834425926
4719,8.796811926004011e-06,0.0033170022070407867
4720,9.49671994021628e-06,0.0033433442004024982
4721,9.49215427681338e-06,0.003317867871373892
4722,8.848201105138287e-06,0.003338853595778346
4723,7.88170382293174e-06,0.0033228746615350246
4724,6.974457846808946e-06,0.003331681713461876
4725,6.393557214323664e-06,0.0033291124273091555
4726,6.250248588912655e-06,0.0033247172832489014
4727,6.475621830759337e-06,0.003333974163979292
4728,6.890120857860893e-06,0.0033203016500920057
4729,7.285533683898393e-06,0.003335898043587804
4730,7.520546205341816e-06,0.0033189922105520964
4731,7.527435172960395e-06,0.003334933426231146
4732,7.319458291021874e-06,0.003320906776934862
4733,6.992343514866661e-06,0.003332241903990507
4734,6.6488587435742375e-06,0.003324827179312706
4735,6.380703325703507e-06,0.003328890074044466
4736,6.242718427529326e-06,0.0033290728460997343
4737,6.237891739147017e-06,0.0033261249773204327
4738,6.3306520132755395e-06,0.003332479391247034
4739,6.466857485065702e-06,0.003324603196233511
4740,6.591541023226455e-06,0.00333416648209095
4741,6.667412435490405e-06,0.0033242651261389256
4742,6.677626515738666e-06,0.003333885222673416
4743,6.632816621277016e-06,0.0033247130922973156
4744,6.545724318129942e-06,0.00333218090236187
4745,6.442609446821734e-06,0.0033256891183555126
4746,6.344818302750355e-06,0.003329953644424677
4747,6.268658125918591e-06,0.0033270749263465405
4748,6.222191586857662e-06,0.0033279466442763805
4749,6.2058425100985914e-06,0.0033286274410784245
4750,6.214228051248938e-06,0.0033265980891883373
4751,6.238631613086909e-06,0.0033299762289971113
4752,6.269896402955055e-06,0.0033258746843785048
4753,6.299741016846383e-06,0.0033309138379991055
4754,6.325151389319217e-06,0.0033258465118706226
4755,6.343106178974267e-06,0.003331835614517331
4756,6.350363946694415e-06,0.0033264204394072294
4757,6.3473503360000905e-06,0.003332200925797224
4758,6.334994395729154e-06,0.0033270709682255983
4759,6.316849066934083e-06,0.0033321890514343977
4760,6.294561899267137e-06,0.003327963873744011
4761,6.272187420108821e-06,0.0033320083748549223
4762,6.250570095289731e-06,0.003328731982037425
4763,6.23203004579409e-06,0.003331585321575403
4764,6.215693247213494e-06,0.0033293981105089188
4765,6.203878911037464e-06,0.003331212792545557
4766,6.195175046741497e-06,0.0033299278002232313
4767,6.189042323967442e-06,0.0033310335129499435
4768,6.184699486766476e-06,0.0033303319942206144
4769,6.181408480188111e-06,0.003330690786242485
4770,6.179163847264135e-06,0.003330568317323923
4771,6.177569503051927e-06,0.003330537350848317
4772,6.176601800689241e-06,0.003330832812935114
4773,6.175764610816259e-06,0.0033301538787782192
4774,6.175640919536818e-06,0.0033304966054856777
4775,6.175508133310359e-06,0.003329400671645999
4776,6.17571367911296e-06,0.003330372739583254
4777,6.17595514995628e-06,0.0033293087035417557
4778,6.1762707446177956e-06,0.003330787643790245
4779,6.176725037221331e-06,0.0033295503817498684
4780,6.177605882839998e-06,0.0033313841558992863
4781,6.178932380862534e-06,0.0033298288471996784
4782,6.180521268106531e-06,0.003331920597702265
4783,6.182947345223511e-06,0.0033298085909336805
4784,6.186551672726637e-06,0.003332150634378195
4785,6.191652119014179e-06,0.0033293566666543484
4786,6.198445134941721e-06,0.0033323008101433516
4787,6.2076846916170325e-06,0.003328785765916109
4788,6.220348041097168e-06,0.003332585794851184
4789,6.2373642322199885e-06,0.0033281035721302032
4790,6.26130122327595e-06,0.0033331220038235188
4791,6.301907887973357e-06,0.0033270723652094603
4792,6.356721769407159e-06,0.0033342503011226654
4793,6.430641406041104e-06,0.0033260199707001448
4794,6.529307029268239e-06,0.0033356850035488605
4795,6.665773980785161e-06,0.0033244360238313675
4796,6.849707460787613e-06,0.003337700618430972
4797,7.107942565198755e-06,0.0033225216902792454
4798,7.460555025318172e-06,0.0033409413881599903
4799,7.962369636516087e-06,0.003320174990221858
4800,8.66246955411043e-06,0.0033457495737820864
4801,9.703349860501476e-06,0.0033165165223181248
4802,1.1174088285770267e-05,0.003353139851242304
4803,1.3429965292743873e-05,0.0033114522229880095
4804,1.658710607443936e-05,0.003365081502124667
4805,2.1425601516966708e-05,0.0033051588106900454
4806,2.8013097107759677e-05,0.0033839456737041473
4807,3.7830151995876804e-05,0.0032988630700856447
4808,5.028826490161009e-05,0.0034113083966076374
4809,6.707501597702503e-05,0.003295110072940588
4810,8.466520375804976e-05,0.0034394122194498777
4811,9.934799891198054e-05,0.0032938953954726458
4812,0.00010351216042181477,0.0034353919327259064
4813,9.117865556618199e-05,0.0032962732948362827
4814,6.0824317188235e-05,0.003378894878551364
4815,2.839469743776135e-05,0.0033264688681811094
4816,8.730505214771256e-06,0.003326780628412962
4817,8.922895176510792e-06,0.003372444538399577
4818,2.337394471396692e-05,0.003296414390206337
4819,3.928675505449064e-05,0.003384852083399892
4820,4.5376098569249734e-05,0.003289364278316498
4821,3.778686004807241e-05,0.0033586889039725065
4822,2.257780943182297e-05,0.0033105171751230955
4823,9.822251740843058e-06,0.003320505376905203
4824,6.56229804008035e-06,0.003343770746141672
4825,1.2227879778947681e-05,0.003298479365184903
4826,2.0494291675277054e-05,0.003362572519108653
4827,2.4623423087177798e-05,0.003299377392977476
4828,2.182734533562325e-05,0.0033504250459372997
4829,1.467702259105863e-05,0.0033135239500552416
4830,8.23488153400831e-06,0.0033209663815796375
4831,6.2212989178078715e-06,0.00333479605615139
4832,8.703741514182184e-06,0.003304996294900775
4833,1.2768551641784143e-05,0.0033498890697956085
4834,1.5048472050693817e-05,0.003305374411866069
4835,1.4016640307090711e-05,0.0033415097277611494
4836,1.0699092854338232e-05,0.0033143125474452972
4837,7.45867646401166e-06,0.0033222809433937073
4838,6.197248694661539e-06,0.003330552950501442
4839,7.1571935222891625e-06,0.0033112571109086275
4840,9.14885549718747e-06,0.00334152951836586
4841,1.0518306226003915e-05,0.003309511346742511
4842,1.0480112905497663e-05,0.003338135313242674
4843,9.066343409358524e-06,0.003316326532512903
4844,7.299645858438453e-06,0.0033270283602178097
4845,6.24581889496767e-06,0.003328037681058049
4846,6.327906248770887e-06,0.0033164978958666325
4847,7.1782096711103804e-06,0.0033339422661811113
4848,8.032438017835375e-06,0.0033108610659837723
4849,8.301058187498711e-06,0.0033312919549643993
4850,7.847875167499296e-06,0.003313341410830617
4851,7.02210672898218e-06,0.003323670942336321
4852,6.343344466586132e-06,0.00332040898501873
4853,6.142155143606942e-06,0.003315772395581007
4854,6.4012137954705395e-06,0.0033261242788285017
4855,6.836577085778117e-06,0.0033122156746685505
4856,7.119801011867821e-06,0.0033275592140853405
4857,7.081985131662805e-06,0.0033139672596007586
4858,6.774550456611905e-06,0.0033242430072277784
4859,6.398059667844791e-06,0.0033187647350132465
4860,6.1536570683529135e-06,0.0033196131698787212
4861,6.129671419330407e-06,0.003324455814436078
4862,6.27680356046767e-06,0.003317376133054495
4863,6.463465979322791e-06,0.0033275694586336613
4864,6.567848231497919e-06,0.003317382885143161
4865,6.540109552588547e-06,0.0033266395330429077
4866,6.403807674359996e-06,0.003319521201774478
4867,6.236725312191993e-06,0.0033238250762224197
4868,6.120352281868691e-06,0.0033233030699193478
4869,6.094477612350602e-06,0.0033214259892702103
4870,6.146113264549058e-06,0.003326301695778966
4871,6.226731784408912e-06,0.0033202730119228363
4872,6.2839862948749214e-06,0.003327410202473402
4873,6.290443707257509e-06,0.0033211440313607454
4874,6.248507816053461e-06,0.0033268250990659
4875,6.18010517428047e-06,0.003322888631373644
4876,6.115903488534968e-06,0.0033246935345232487
4877,6.080320417822804e-06,0.003324647666886449
4878,6.078405931475572e-06,0.0033230134285986423
4879,6.1010791796434205e-06,0.0033263557124882936
4880,6.130651854618918e-06,0.003322421107441187
4881,6.151659363240469e-06,0.003326874691992998
4882,6.154602942842757e-06,0.0033224858343601227
4883,6.139121069281828e-06,0.003326206235215068
4884,6.112475148256635e-06,0.0033233731519430876
4885,6.0855068113596644e-06,0.003325085388496518
4886,6.066094101697672e-06,0.0033243577927351
4887,6.058781764295418e-06,0.003323659300804138
4888,6.0620113799814135e-06,0.0033250798005610704
4889,6.0712677623087075e-06,0.0033230173867195845
4890,6.08065147389425e-06,0.003325843717902899
4891,6.085896075092023e-06,0.003323211567476392
4892,6.085599125071894e-06,0.0033259796909987926
4893,6.081364062993089e-06,0.003323432058095932
4894,6.075067176425364e-06,0.003325739875435829
4895,6.068069524189923e-06,0.0033238306641578674
4896,6.0611223489104304e-06,0.00332574057392776
4897,6.054613095329842e-06,0.003324612509459257
4898,6.049006515240762e-06,0.0033257510513067245
4899,6.044641395419603e-06,0.0033252418506890535
4900,6.041364940756466e-06,0.003325540106743574
4901,6.039440449967515e-06,0.0033256206661462784
4902,6.038587343937252e-06,0.003325425088405609
4903,6.037953880877467e-06,0.0033260066993534565
4904,6.037912498868536e-06,0.0033252190332859755
4905,6.037105777068064e-06,0.003325753379613161
4906,6.036249942553695e-06,0.0033248639665544033
4907,6.035229489498306e-06,0.0033255103044211864
4908,6.034184025338618e-06,0.0033246756065636873
4909,6.0341021708154585e-06,0.003325423924252391
4910,6.033121280779596e-06,0.003324566874653101
4911,6.032927558408119e-06,0.003325844183564186
4912,6.032832061464433e-06,0.0033249184489250183
4913,6.0325332924549e-06,0.00332617643289268
4914,6.032239070918877e-06,0.0033247333485633135
4915,6.0320476222841535e-06,0.003325828118249774
4916,6.03221496930928e-06,0.003324124263599515
4917,6.032170404068893e-06,0.0033255708403885365
4918,6.032679266354535e-06,0.0033238395117223263
4919,6.0336815295158885e-06,0.0033256509341299534
4920,6.034902526153019e-06,0.003323656739667058
4921,6.036660124664195e-06,0.0033257820177823305
4922,6.038825631549116e-06,0.00332351285032928
4923,6.0439115259214304e-06,0.0033262178767472506
4924,6.050207048247103e-06,0.0033232320565730333
4925,6.058539838704746e-06,0.0033265829551965
4926,6.068946731829783e-06,0.0033228546380996704
4927,6.082556410547113e-06,0.0033271287102252245
4928,6.100081463955576e-06,0.00332246208563447
4929,6.122683316789335e-06,0.0033278372138738632
4930,6.1547702898678835e-06,0.0033218178432434797
4931,6.195868536451599e-06,0.0033287559635937214
4932,6.250292699405691e-06,0.00332096079364419
4933,6.32251612842083e-06,0.003329919185489416
4934,6.431805559259374e-06,0.0033194036222994328
4935,6.5784611251729075e-06,0.0033316060435026884
4936,6.793504326196853e-06,0.0033175155986100435
4937,7.079782335495111e-06,0.0033344656694680452
4938,7.451538749592146e-06,0.0033153891563415527
4939,7.947631274873856e-06,0.0033379141241312027
4940,8.583001545048319e-06,0.0033124499022960663
4941,9.36744072532747e-06,0.0033420466352254152
4942,1.035531113302568e-05,0.0033092808444052935
4943,1.1517901839397382e-05,0.003347064834088087
4944,1.2742553735733964e-05,0.0033066340256482363
4945,1.3853193195245694e-05,0.003350967075675726
4946,1.4942272173357196e-05,0.003305567894130945
4947,1.5852794604143128e-05,0.003354769665747881
4948,1.6695419617462903e-05,0.003304712474346161
4949,1.7474700143793598e-05,0.0033563324250280857
4950,1.810310459404718e-05,0.0033027578610926867
4951,1.8339804228162393e-05,0.0033556646667420864
4952,1.8293001630809158e-05,0.0033032302744686604
4953,1.7818576452555135e-05,0.0033548097126185894
4954,1.7072841728804633e-05,0.003305331338196993
4955,1.597638038219884e-05,0.003350844606757164
4956,1.4666165043308865e-05,0.0033070005010813475
4957,1.3200468856666703e-05,0.003344529075548053
4958,1.173421333078295e-05,0.0033096366096287966
4959,1.0479375305294525e-05,0.003338754177093506
4960,9.32196417124942e-06,0.003312277141958475
4961,8.303902177431155e-06,0.003332344815135002
4962,7.472864126611967e-06,0.0033161863684654236
4963,6.8368403844942804e-06,0.0033286302350461483
4964,6.3947168200684246e-06,0.0033214744180440903
4965,6.1248065321706235e-06,0.0033253724686801434
4966,5.999461791361682e-06,0.003324731718748808
4967,5.987144504615571e-06,0.003321794094517827
4968,6.058010512788314e-06,0.003327780170366168
4969,6.186422979226336e-06,0.0033202110789716244
4970,6.3587453951186035e-06,0.0033311317674815655
4971,6.561869668075815e-06,0.003318589646369219
4972,6.802183634135872e-06,0.003333327593281865
4973,7.0717842390877195e-06,0.0033163868356496096
4974,7.427940545312595e-06,0.0033359467051923275
4975,7.847605957067572e-06,0.003313907189294696
4976,8.328887815878261e-06,0.0033383474219590425
4977,8.886958312359639e-06,0.0033111826051026583
4978,9.483462235948537e-06,0.003340989351272583
4979,1.0188373380515259e-05,0.003308696672320366
4980,1.1089664440078195e-05,0.0033448569010943174
4981,1.2210121894895565e-05,0.0033051210921257734
4982,1.3451061022351496e-05,0.003348731203004718
4983,1.491930743213743e-05,0.003302141325548291
4984,1.653451909078285e-05,0.0033545847982168198
4985,1.8456823454471305e-05,0.003299639094620943
4986,2.0496092474786565e-05,0.0033606928773224354
4987,2.2826909116702154e-05,0.003297368763014674
4988,2.507310091459658e-05,0.00336739351041615
4989,2.7427004170021974e-05,0.003296801121905446
4990,2.9306622309377417e-05,0.003373141633346677
4991,3.114596620434895e-05,0.0032963708508759737
4992,3.189962080796249e-05,0.0033745598047971725
4993,3.180634303134866e-05,0.0032978106755763292
4994,3.137920066365041e-05,0.0033731628209352493
4995,2.942143692052923e-05,0.003298889845609665
4996,2.589996984170284e-05,0.00336056062951684
4997,2.142170342267491e-05,0.0033030319027602673
4998,1.6586429410381243e-05,0.0033454266376793385
4999,1.2189807421236765e-05,0.003311129752546549
