epoch,loss,val_loss
0,1.091109275817871,0.5829446315765381
1,1.0525093078613281,0.5564913749694824
2,1.0174217224121094,0.5313215255737305
3,0.9852566719055176,0.5076737403869629
4,0.9543458819389343,0.48485255241394043
5,0.9244845509529114,0.4621504247188568
6,0.8955766558647156,0.43926844000816345
7,0.8673220872879028,0.4166450500488281
8,0.8393203616142273,0.394180029630661
9,0.8111945986747742,0.3723240792751312
10,0.7841328978538513,0.350959837436676
11,0.7573122382164001,0.3295600414276123
12,0.7300662994384766,0.30800342559814453
13,0.7024660110473633,0.2864682078361511
14,0.6745784878730774,0.2651972770690918
15,0.6464471817016602,0.24444690346717834
16,0.6181963682174683,0.22429940104484558
17,0.5894773602485657,0.2049635648727417
18,0.5607158541679382,0.18667742609977722
19,0.5319160223007202,0.16951826214790344
20,0.5032747983932495,0.15383842587471008
21,0.4748268127441406,0.13980446755886078
22,0.44661274552345276,0.12766137719154358
23,0.41884222626686096,0.11763148009777069
24,0.3916327655315399,0.10985343158245087
25,0.36514630913734436,0.10446541011333466
26,0.3395109176635742,0.10163380205631256
27,0.31488165259361267,0.10142707824707031
28,0.29150456190109253,0.10380895435810089
29,0.2694680094718933,0.10868148505687714
30,0.24867331981658936,0.11584766209125519
31,0.2294040024280548,0.12523598968982697
32,0.21182814240455627,0.13645659387111664
33,0.19596335291862488,0.14903199672698975
34,0.18179520964622498,0.16237671673297882
35,0.169296994805336,0.17572256922721863
36,0.1583632379770279,0.1883109211921692
37,0.1486983746290207,0.1993628889322281
38,0.14007794857025146,0.20832863450050354
39,0.13235831260681152,0.21479888260364532
40,0.1254570037126541,0.21848204731941223
41,0.11932698637247086,0.21922509372234344
42,0.11367986351251602,0.21714048087596893
43,0.10854589939117432,0.21258015930652618
44,0.10366567224264145,0.20589427649974823
45,0.09898166358470917,0.19745416939258575
46,0.0944720208644867,0.18766264617443085
47,0.0900367870926857,0.17700114846229553
48,0.08554476499557495,0.16574768722057343
49,0.08090364933013916,0.1541755497455597
50,0.07619444280862808,0.142579585313797
51,0.0715980976819992,0.13116592168807983
52,0.06717477738857269,0.12027259171009064
53,0.06303168833255768,0.11005175113677979
54,0.05916711688041687,0.10058040916919708
55,0.05558200553059578,0.09197534620761871
56,0.052275825291872025,0.08426783978939056
57,0.049278076738119125,0.07741983979940414
58,0.04659222811460495,0.07142793387174606
59,0.04411342740058899,0.06623703241348267
60,0.04179142788052559,0.06178031116724014
61,0.03952202945947647,0.05799062177538872
62,0.0373535081744194,0.05482010170817375
63,0.03534208983182907,0.05221141129732132
64,0.03353968262672424,0.05009988695383072
65,0.0319049097597599,0.048429276794195175
66,0.03045009635388851,0.0471363291144371
67,0.02916298247873783,0.04616384208202362
68,0.028021300211548805,0.04546009376645088
69,0.026963790878653526,0.044981151819229126
70,0.026021679863333702,0.0447063222527504
71,0.025180542841553688,0.04460090026259422
72,0.024425044655799866,0.04462814703583717
73,0.02376498468220234,0.04473907873034477
74,0.023208007216453552,0.044874876737594604
75,0.022734742611646652,0.044978003948926926
76,0.022312229499220848,0.04499499127268791
77,0.021916519850492477,0.04489097744226456
78,0.02155301347374916,0.04464540630578995
79,0.021202050149440765,0.044255711138248444
80,0.02087760902941227,0.04373421519994736
81,0.02055717073380947,0.04312237724661827
82,0.02023359015583992,0.042461588978767395
83,0.019927332177758217,0.041791804134845734
84,0.019639048725366592,0.04115380346775055
85,0.019365567713975906,0.04058023914694786
86,0.019099995493888855,0.04008631780743599
87,0.018830759450793266,0.039698317646980286
88,0.01855490915477276,0.03942342847585678
89,0.018274996429681778,0.039266861975193024
90,0.018002890050411224,0.03921366110444069
91,0.01772954687476158,0.039254043251276016
92,0.01745869219303131,0.03936823084950447
93,0.017186349257826805,0.03953268751502037
94,0.016907399520277977,0.03975978121161461
95,0.016645118594169617,0.040056679397821426
96,0.016390684992074966,0.040410466492176056
97,0.01613570749759674,0.04082623869180679
98,0.015874695032835007,0.04129617661237717
99,0.015608526766300201,0.04181212559342384
100,0.015349561348557472,0.04234061762690544
101,0.01509547233581543,0.04286711663007736
102,0.014846320264041424,0.043376531451940536
103,0.014602096751332283,0.04379710927605629
104,0.014366010203957558,0.0439908392727375
105,0.014134365133941174,0.04414890334010124
106,0.01390867494046688,0.04426487907767296
107,0.013691456988453865,0.044323407113552094
108,0.013473855331540108,0.04431326687335968
109,0.013251842930912971,0.044276706874370575
110,0.013055731542408466,0.04425670951604843
111,0.012876495718955994,0.044261958450078964
112,0.01269657351076603,0.044301483780145645
113,0.0125157805159688,0.0443783700466156
114,0.01233918871730566,0.04449547454714775
115,0.012164891697466373,0.044644150882959366
116,0.011993328109383583,0.04480168968439102
117,0.011827738024294376,0.04497716948390007
118,0.011663842014968395,0.04516235366463661
119,0.011499155312776566,0.04535727947950363
120,0.011334280483424664,0.04555888473987579
121,0.011170288547873497,0.04576307535171509
122,0.011007076129317284,0.04597751051187515
123,0.010844665579497814,0.046193696558475494
124,0.010684408247470856,0.04639614373445511
125,0.010529027320444584,0.046595681458711624
126,0.010377015918493271,0.046795740723609924
127,0.010224847123026848,0.047000981867313385
128,0.010075895115733147,0.04720462113618851
129,0.009927651844918728,0.0473940446972847
130,0.009781396016478539,0.04756489396095276
131,0.009638940915465355,0.047720130532979965
132,0.009504416957497597,0.04784456640481949
133,0.009372244589030743,0.04794970527291298
134,0.009238863363862038,0.048033926635980606
135,0.009104710072278976,0.04809001088142395
136,0.008973339572548866,0.04811429977416992
137,0.008839858695864677,0.048110149800777435
138,0.008709023706614971,0.04810018092393875
139,0.008581345900893211,0.048095449805259705
140,0.008456469513475895,0.048101723194122314
141,0.008333690464496613,0.04812488704919815
142,0.008214304223656654,0.04818354919552803
143,0.008096667006611824,0.048264749348163605
144,0.007981130853295326,0.048345018178224564
145,0.007869215682148933,0.048422884196043015
146,0.007761555258184671,0.04850844293832779
147,0.007656007073819637,0.04859333857893944
148,0.007555755786597729,0.048696085810661316
149,0.007457701023668051,0.04880833253264427
150,0.0073633999563753605,0.04891561344265938
151,0.0072722421027719975,0.04900093376636505
152,0.007185053080320358,0.04905392974615097
153,0.007099958602339029,0.0490807369351387
154,0.007017457392066717,0.04907574504613876
155,0.006937371101230383,0.049044910818338394
156,0.006858543958514929,0.04898945987224579
157,0.006781294941902161,0.048917293548583984
158,0.006708592176437378,0.04883139207959175
159,0.006635543890297413,0.048740141093730927
160,0.006563832052052021,0.048643168061971664
161,0.006494282279163599,0.048539187759160995
162,0.006426097359508276,0.04842829704284668
163,0.006359227932989597,0.04831421375274658
164,0.006292977835983038,0.04819253459572792
165,0.006229027174413204,0.048067741096019745
166,0.006166837178170681,0.047942593693733215
167,0.006105891428887844,0.04781769961118698
168,0.006046992260962725,0.04766525328159332
169,0.0059898169711232185,0.04751136153936386
170,0.005935242399573326,0.04735642299056053
171,0.005882279947400093,0.04720906913280487
172,0.005831374321132898,0.04707030579447746
173,0.005781459156423807,0.046929650008678436
174,0.005733235273510218,0.046796463429927826
175,0.0056853946298360825,0.04665617272257805
176,0.00563861895352602,0.04650535434484482
177,0.005592753179371357,0.046344876289367676
178,0.00554710254073143,0.04617834836244583
179,0.005501872859895229,0.04600975289940834
180,0.0054574450477957726,0.045852988958358765
181,0.005413464270532131,0.045700497925281525
182,0.005370108876377344,0.0455513522028923
183,0.0053275153040885925,0.04539620876312256
184,0.005285797640681267,0.045232053846120834
185,0.005245652515441179,0.04506049305200577
186,0.005206194240599871,0.04488523304462433
187,0.005167265888303518,0.04470505192875862
188,0.005129068158566952,0.044519148766994476
189,0.005092025734484196,0.04433298110961914
190,0.005055700428783894,0.04415286332368851
191,0.005019988864660263,0.043981488794088364
192,0.00498479837551713,0.043816886842250824
193,0.004950173199176788,0.04366060346364975
194,0.004916032776236534,0.04350125044584274
195,0.004882938228547573,0.043334268033504486
196,0.004850449971854687,0.04315776377916336
197,0.004818352404981852,0.0429723784327507
198,0.004786744713783264,0.04277285188436508
199,0.0047556255012750626,0.042560745030641556
200,0.004725263454020023,0.04234006255865097
201,0.004695722367614508,0.042117759585380554
202,0.00466653099283576,0.04189430549740791
203,0.0046378327533602715,0.04167528823018074
204,0.004609524272382259,0.04145677760243416
205,0.00458169262856245,0.041238248348236084
206,0.00455425214022398,0.041020020842552185
207,0.004527089651674032,0.04080691933631897
208,0.004500589333474636,0.04059440642595291
209,0.00447405781596899,0.040375445038080215
210,0.004448088351637125,0.0401482880115509
211,0.004422440659254789,0.03991616144776344
212,0.00439715851098299,0.039687640964984894
213,0.004372295457869768,0.03947358950972557
214,0.004347654990851879,0.03926145285367966
215,0.004323485307395458,0.03905067220330238
216,0.004299643915146589,0.03884081169962883
217,0.00427612429484725,0.038631923496723175
218,0.004252932034432888,0.03842634707689285
219,0.0042300475761294365,0.03822212666273117
220,0.004207478370517492,0.038018107414245605
221,0.004185306373983622,0.03781541436910629
222,0.004163260105997324,0.03761406987905502
223,0.004141601733863354,0.03740871697664261
224,0.004120355471968651,0.03719848021864891
225,0.004099365323781967,0.03698570653796196
226,0.004078608937561512,0.03677403926849365
227,0.004058098886162043,0.03656738996505737
228,0.004037872422486544,0.03637057542800903
229,0.004017796367406845,0.0361812487244606
230,0.0039980728179216385,0.03599925711750984
231,0.003978407476097345,0.0358198806643486
232,0.003959070425480604,0.03563997149467468
233,0.003940120805054903,0.03545752912759781
234,0.003921343944966793,0.03527218475937843
235,0.0039028141181916,0.03508881479501724
236,0.003884320380166173,0.034902479499578476
237,0.003866147715598345,0.03471404314041138
238,0.0038482248783111572,0.03452513739466667
239,0.0038304526824504137,0.03433581441640854
240,0.0038128886371850967,0.03415229171514511
241,0.0037953578867018223,0.03397019952535629
242,0.0037780129350721836,0.03378859907388687
243,0.003760797204449773,0.03360675275325775
244,0.0037436906713992357,0.03342438116669655
245,0.00372681999579072,0.033241935074329376
246,0.0037102331407368183,0.033062003552913666
247,0.0036937228869646788,0.03288227692246437
248,0.0036774910986423492,0.03270285576581955
249,0.00366138550452888,0.032521285116672516
250,0.003645380260422826,0.03233847767114639
251,0.003629489568993449,0.032150737941265106
252,0.0036138922441750765,0.03196277469396591
253,0.003598656039685011,0.03177589178085327
254,0.0035837318282574415,0.03159357234835625
255,0.003568953601643443,0.03141218423843384
256,0.0035543814301490784,0.031232500448822975
257,0.0035399727057665586,0.03105691634118557
258,0.0035256545525044203,0.030881736427545547
259,0.003511415095999837,0.030707210302352905
260,0.003497252706438303,0.030534276738762856
261,0.003483223496004939,0.030366387218236923
262,0.003469206392765045,0.030199715867638588
263,0.003455317812040448,0.030035411939024925
264,0.0034414015244692564,0.029874514788389206
265,0.0034274279605597258,0.02971886470913887
266,0.003413466038182378,0.02956918440759182
267,0.003399670822545886,0.029423788189888
268,0.003386048600077629,0.02928066812455654
269,0.003372394246980548,0.02913522720336914
270,0.0033587999641895294,0.02898487076163292
271,0.003345273435115814,0.028832530602812767
272,0.0033322670497000217,0.028681481257081032
273,0.003319293260574341,0.0285340603441
274,0.00330635579302907,0.028391584753990173
275,0.0032935203053057194,0.02825014665722847
276,0.0032806959934532642,0.028110304847359657
277,0.0032682023011147976,0.02797393500804901
278,0.003256300464272499,0.027840379625558853
279,0.0032445136457681656,0.02770625427365303
280,0.003232806921005249,0.027566110715270042
281,0.0032214068342000246,0.027414748445153236
282,0.0032101839315146208,0.027252966538071632
283,0.0031989789567887783,0.027083713561296463
284,0.0031878158915787935,0.026910725980997086
285,0.003176756901666522,0.026729905977845192
286,0.0031658553052693605,0.026549598202109337
287,0.0031549849081784487,0.026378940790891647
288,0.0031441724859178066,0.026216108351945877
289,0.0031334045343101025,0.026060527190566063
290,0.0031228200532495975,0.025913208723068237
291,0.0031123983208090067,0.02577325329184532
292,0.003101995214819908,0.0256359726190567
293,0.0030917669646441936,0.02549757994711399
294,0.0030816285870969296,0.025355976074934006
295,0.003071561688557267,0.025211017578840256
296,0.0030616142321377993,0.02507009729743004
297,0.003051765961572528,0.024935096502304077
298,0.0030419633258134127,0.02480752393603325
299,0.0030322286766022444,0.02468276396393776
300,0.00302260578610003,0.024561215192079544
301,0.0030130709055811167,0.024446990340948105
302,0.0030036314856261015,0.02433188445866108
303,0.002994295908138156,0.02421412244439125
304,0.002985074883326888,0.024093424901366234
305,0.0029759900644421577,0.02397277019917965
306,0.0029669743962585926,0.023853668943047523
307,0.002958076074719429,0.023738732561469078
308,0.0029493002220988274,0.023627769201993942
309,0.0029406785033643246,0.023519309237599373
310,0.002932196483016014,0.023413073271512985
311,0.0029238159768283367,0.023301634937524796
312,0.002915492281317711,0.02318320795893669
313,0.002907307120040059,0.02305774949491024
314,0.0028992246370762587,0.022927263751626015
315,0.002891200128942728,0.0227957796305418
316,0.0028832568787038326,0.02266688458621502
317,0.0028753827791661024,0.022542936727404594
318,0.002867566654458642,0.02242433652281761
319,0.0028598287608474493,0.02231053076684475
320,0.0028521250933408737,0.02219792827963829
321,0.0028445078060030937,0.022084292024374008
322,0.0028369822539389133,0.02196871116757393
323,0.0028297097887843847,0.02185169793665409
324,0.002822498558089137,0.021734220907092094
325,0.0028152833692729473,0.021618857979774475
326,0.002808114979416132,0.02150750905275345
327,0.002801051829010248,0.02140084281563759
328,0.0027940317522734404,0.021298149600625038
329,0.002787053119391203,0.021198296919465065
330,0.0027801208198070526,0.021097775548696518
331,0.002773241139948368,0.020994966849684715
332,0.002766400808468461,0.020889796316623688
333,0.0027595884166657925,0.020783748477697372
334,0.0027528461068868637,0.020678523927927017
335,0.002746179234236479,0.020576702430844307
336,0.0027395624201744795,0.020479368045926094
337,0.002732975408434868,0.020385948941111565
338,0.0027264482341706753,0.0202938225120306
339,0.002719930838793516,0.020201437175273895
340,0.0027134926058351994,0.020107604563236237
341,0.002707087667658925,0.020010044798254967
342,0.0027007278986275196,0.019908959046006203
343,0.0026944060809910297,0.01980593055486679
344,0.00268818368203938,0.019703466445207596
345,0.0026820458006113768,0.019603922963142395
346,0.002675947267562151,0.01950814574956894
347,0.0026699332520365715,0.019415151327848434
348,0.0026641986332833767,0.019323688000440598
349,0.002658504992723465,0.01923196390271187
350,0.0026529256720095873,0.019138818606734276
351,0.002647492801770568,0.019043993204832077
352,0.0026420368812978268,0.018946047872304916
353,0.002636674325913191,0.01884486712515354
354,0.0026313408743590117,0.01874108985066414
355,0.002626002999022603,0.018635783344507217
356,0.0026206730399280787,0.018530070781707764
357,0.002615390345454216,0.018424738198518753
358,0.0026101532857865095,0.018320757895708084
359,0.002604970009997487,0.018219703808426857
360,0.0025998486671596766,0.018120592460036278
361,0.0025947827380150557,0.018023459240794182
362,0.0025897924788296223,0.017928360030055046
363,0.002584836445748806,0.017836155369877815
364,0.0025799053255468607,0.01774776168167591
365,0.0025749928317964077,0.017663519829511642
366,0.0025701348204165697,0.017583701759576797
367,0.002565327798947692,0.017506811767816544
368,0.00256055174395442,0.017430724576115608
369,0.0025558113120496273,0.017353566363453865
370,0.0025512680877000093,0.017268236726522446
371,0.002546453382819891,0.017184777185320854
372,0.002541868481785059,0.0171055905520916
373,0.002537331311032176,0.017031818628311157
374,0.002532804384827614,0.01696072705090046
375,0.0025284283328801394,0.016887491568922997
376,0.0025241251569241285,0.01680888794362545
377,0.0025198496878147125,0.016724051907658577
378,0.002515597967430949,0.016633911058306694
379,0.0025113923475146294,0.016541527584195137
380,0.0025073825381696224,0.016446102410554886
381,0.0025031031109392643,0.016358185559511185
382,0.0024990197271108627,0.016278794035315514
383,0.0024949624203145504,0.0162053145468235
384,0.0024909349158406258,0.016133535653352737
385,0.0024869367480278015,0.01605973206460476
386,0.0024829800240695477,0.015984345227479935
387,0.0024790747556835413,0.01590832695364952
388,0.0024751550517976284,0.01583194173872471
389,0.002471327781677246,0.015749026089906693
390,0.0024674958549439907,0.015670981258153915
391,0.0024637491442263126,0.015600170008838177
392,0.0024600483011454344,0.015533791854977608
393,0.0024563863407820463,0.015469352714717388
394,0.0024527558125555515,0.015404355712234974
395,0.00244914460927248,0.015336714684963226
396,0.0024455604143440723,0.015266640111804008
397,0.0024420085828751326,0.015197940170764923
398,0.0024383310228586197,0.01513332687318325
399,0.0024346676655113697,0.015074411407113075
400,0.0024309945292770863,0.015019118785858154
401,0.0024273337330669165,0.014966361224651337
402,0.0024237181060016155,0.014914793893694878
403,0.0024201979395002127,0.014858871698379517
404,0.002416605595499277,0.014805572107434273
405,0.0024131094105541706,0.01475581806153059
406,0.0024096635170280933,0.014710096642374992
407,0.0024061850272119045,0.014664746820926666
408,0.0024027605541050434,0.014619034714996815
409,0.0023993453942239285,0.014568755403161049
410,0.0023959465324878693,0.014514414593577385
411,0.002392571186646819,0.014455348253250122
412,0.002389215398579836,0.014393934980034828
413,0.002385897794738412,0.014330379664897919
414,0.002382643986493349,0.014264151453971863
415,0.0023794095031917095,0.014203885570168495
416,0.002376181771978736,0.014144958928227425
417,0.002373476279899478,0.014085319824516773
418,0.002370755188167095,0.01402529887855053
419,0.002367978449910879,0.013967633247375488
420,0.00236517284065485,0.013917418196797371
421,0.002362398197874427,0.013872380368411541
422,0.0023596433456987143,0.013824516907334328
423,0.002356907119974494,0.013771499507129192
424,0.0023543909192085266,0.013704079203307629
425,0.0023515785578638315,0.013632168062031269
426,0.0023489852901548147,0.013561773113906384
427,0.002346422988921404,0.013496642000973225
428,0.0023438550997525454,0.013437114655971527
429,0.002341301180422306,0.013378734700381756
430,0.002338795457035303,0.013321724720299244
431,0.002336467383429408,0.013257129117846489
432,0.0023339777253568172,0.013188731856644154
433,0.0023315914440900087,0.013118443079292774
434,0.00232925103046,0.013050692155957222
435,0.0023269630037248135,0.012990310788154602
436,0.0023248782381415367,0.012932772748172283
437,0.002322800923138857,0.012880546040832996
438,0.0023207576014101505,0.012829883024096489
439,0.0023187058977782726,0.01277683861553669
440,0.0023166353348642588,0.012719638645648956
441,0.0023145347367972136,0.012660753913223743
442,0.002312424825504422,0.012604410760104656
443,0.0023104280699044466,0.01255219429731369
444,0.00230848859064281,0.012498521246016026
445,0.0023065521381795406,0.012453977949917316
446,0.0023046606220304966,0.012420152314007282
447,0.00230278423987329,0.012393803335726261
448,0.002300883876159787,0.012367654591798782
449,0.0022990480065345764,0.012331998907029629
450,0.0022971942089498043,0.012292391620576382
451,0.002295448211953044,0.01225285604596138
452,0.002293696627020836,0.012213010340929031
453,0.0022919015027582645,0.012171411886811256
454,0.0022901238407939672,0.012124491855502129
455,0.0022883813362568617,0.01207360252737999
456,0.0022868679370731115,0.012019575573503971
457,0.002285086316987872,0.011973464861512184
458,0.002283485373482108,0.011936337687075138
459,0.0022819226142019033,0.011906962841749191
460,0.0022802897728979588,0.011880535632371902
461,0.0022786427289247513,0.011852686293423176
462,0.0022769863717257977,0.011819723062217236
463,0.002275303704664111,0.011779384687542915
464,0.0022738848347216845,0.01173956599086523
465,0.0022723241709172726,0.011700616218149662
466,0.0022706654854118824,0.011652253568172455
467,0.002269072225317359,0.011600645259022713
468,0.0022676377557218075,0.011552096344530582
469,0.002266210736706853,0.011511425487697124
470,0.002264748327434063,0.011479814536869526
471,0.0022632344625890255,0.01145545020699501
472,0.002261814661324024,0.011429129168391228
473,0.002260279143229127,0.011403879150748253
474,0.0022588197607547045,0.011378219351172447
475,0.0022573345340788364,0.01135074719786644
476,0.0022558800410479307,0.01131771132349968
477,0.0022546302061527967,0.011293846182525158
478,0.002253227634355426,0.01127285324037075
479,0.0022517985198646784,0.011248520575463772
480,0.002250423189252615,0.01121867261826992
481,0.0022490210831165314,0.011188686825335026
482,0.0022476217709481716,0.011155469343066216
483,0.0022462825290858746,0.011117308400571346
484,0.0022449265234172344,0.011083703488111496
485,0.0022436820436269045,0.011062374338507652
486,0.002242340939119458,0.011039131321012974
487,0.0022411756217479706,0.011005356907844543
488,0.0022398713044822216,0.010968673974275589
489,0.002238641260191798,0.010935257188975811
490,0.0022373758256435394,0.010907805524766445
491,0.00223609060049057,0.010882955975830555
492,0.002234906889498234,0.01085673738270998
493,0.002233650302514434,0.010831362567842007
494,0.002232473809272051,0.010801517404615879
495,0.0022313096560537815,0.010769994929432869
496,0.002230095211416483,0.010736574418842793
497,0.002229040954262018,0.010696250014007092
498,0.0022278055548667908,0.01066060084849596
499,0.0022266756277531385,0.010630764067173004
500,0.0022255440708249807,0.010605758056044579
501,0.00222435942851007,0.010583602823317051
502,0.0022232760675251484,0.010557393543422222
503,0.0022220411337912083,0.010531334206461906
504,0.0022209431044757366,0.010506445541977882
505,0.002219834364950657,0.010485269129276276
506,0.0022188080474734306,0.010460460558533669
507,0.0022178073413670063,0.010431591421365738
508,0.0022167754359543324,0.010402554646134377
509,0.0022156687919050455,0.010372431948781013
510,0.0022145980037748814,0.010345548391342163
511,0.002213465515524149,0.010320725850760937
512,0.002212510211393237,0.010286142118275166
513,0.002211389597505331,0.010251127183437347
514,0.0022103844676166773,0.010219693183898926
515,0.0022093611769378185,0.010190141387283802
516,0.0022084256634116173,0.010169913992285728
517,0.0022074624430388212,0.010156640782952309
518,0.002206421922892332,0.010140346363186836
519,0.0022054226137697697,0.010119345039129257
520,0.002204469172284007,0.010085808113217354
521,0.002203503856435418,0.010054413229227066
522,0.002202537376433611,0.010025649331510067
523,0.002201574621722102,0.010000727139413357
524,0.0022006267681717873,0.00997970812022686
525,0.0021996621508151293,0.009952859953045845
526,0.0021987424697726965,0.009925613179802895
527,0.002197839319705963,0.00990117248147726
528,0.0021969000808894634,0.009878548793494701
529,0.002195994835346937,0.009852882474660873
530,0.0021951135713607073,0.009828567504882812
531,0.0021942351013422012,0.009804198518395424
532,0.0021934215910732746,0.009786509908735752
533,0.002192482352256775,0.009769309312105179
534,0.0021916532423347235,0.009739436209201813
535,0.002190839033573866,0.009709231555461884
536,0.0021899903658777475,0.009682958014309406
537,0.0021891656797379255,0.009659437462687492
538,0.0021882965229451656,0.009635977447032928
539,0.0021874564699828625,0.009609410539269447
540,0.002186656929552555,0.009586229920387268
541,0.0021858352702111006,0.00956652406603098
542,0.0021850073244422674,0.00955057144165039
543,0.0021843176800757647,0.009534811601042747
544,0.0021834406070411205,0.00951151829212904
545,0.0021826934535056353,0.009482181631028652
546,0.0021818778477609158,0.009451459161937237
547,0.002181130228564143,0.00942993350327015
548,0.0021803120616823435,0.00941046979278326
549,0.00217952998355031,0.009393097832798958
550,0.002178806345909834,0.00937441922724247
551,0.0021780994720757008,0.009354615584015846
552,0.0021773504558950663,0.009328888729214668
553,0.002176570938900113,0.009306278079748154
554,0.002175909699872136,0.009284083731472492
555,0.002175192115828395,0.009263411164283752
556,0.0021744186524301767,0.00923994928598404
557,0.002173690591007471,0.009213423356413841
558,0.0021729865111410618,0.009191255085170269
559,0.00217236066237092,0.009179849177598953
560,0.002171591157093644,0.009166441857814789
561,0.002170942258089781,0.009143107570707798
562,0.0021702484227716923,0.009117266163229942
563,0.002169589279219508,0.009096739813685417
564,0.002168920123949647,0.00908413901925087
565,0.002168264938518405,0.009071681648492813
566,0.002167697995901108,0.009049057960510254
567,0.0021669394336640835,0.00902353785932064
568,0.002166324993595481,0.009000202640891075
569,0.0021656560711562634,0.008983573876321316
570,0.0021651352290064096,0.008964166045188904
571,0.002164409263059497,0.008945828303694725
572,0.002163800410926342,0.008931486867368221
573,0.00216316943988204,0.008914222940802574
574,0.00216263672336936,0.008894689381122589
575,0.002162076300010085,0.008874567225575447
576,0.002161498414352536,0.00885513611137867
577,0.0021608956158161163,0.008838051930069923
578,0.00216018408536911,0.008819476701319218
579,0.002159633906558156,0.00879447441548109
580,0.002158964518457651,0.008771656081080437
581,0.002158427145332098,0.008755049668252468
582,0.0021577950101345778,0.008737822063267231
583,0.0021573135163635015,0.008721993304789066
584,0.0021568129304796457,0.008705709129571915
585,0.0021563093177974224,0.008693782612681389
586,0.0021557388827204704,0.008683444932103157
587,0.0021551051177084446,0.008668201044201851
588,0.002154763787984848,0.00864216685295105
589,0.002154013840481639,0.008615185506641865
590,0.0021537139546126127,0.008602673187851906
591,0.002153285313397646,0.008601808920502663
592,0.0021526929922401905,0.00860423780977726
593,0.002152177970856428,0.008594878017902374
594,0.0021517123095691204,0.008569808676838875
595,0.0021511572413146496,0.008538004010915756
596,0.0021505774930119514,0.008505580015480518
597,0.0021500627044588327,0.008481725119054317
598,0.0021496375557035208,0.008464742451906204
599,0.0021491311490535736,0.00845056027173996
600,0.002148713916540146,0.008431616239249706
601,0.0021481409203261137,0.008414358831942081
602,0.00214778701774776,0.008401794359087944
603,0.0021474063396453857,0.008397418074309826
604,0.002146989107131958,0.00839162152260542
605,0.002146562095731497,0.008379430510103703
606,0.0021460815332829952,0.008356016129255295
607,0.0021455574315041304,0.00832812488079071
608,0.00214509479701519,0.008301825262606144
609,0.002144625410437584,0.008283686824142933
610,0.0021441983990371227,0.008273354731500149
611,0.002143789315596223,0.008264119736850262
612,0.0021433562505990267,0.008258728310465813
613,0.0021429797634482384,0.008250182494521141
614,0.002142468700185418,0.00823371671140194
615,0.002142020035535097,0.008215454407036304
616,0.0021415320225059986,0.008199140429496765
617,0.002141101285815239,0.0081874905154109
618,0.0021405795123428106,0.008175652474164963
619,0.0021400691475719213,0.008160175755620003
620,0.0021398004610091448,0.00813695415854454
621,0.0021392523776739836,0.008118917234241962
622,0.0021388139575719833,0.008106229826807976
623,0.002138475188985467,0.0080953948199749
624,0.0021380200050771236,0.008081993088126183
625,0.0021375142969191074,0.008065791800618172
626,0.0021370642352849245,0.008045763708651066
627,0.0021366896107792854,0.008024118840694427
628,0.0021361596882343292,0.00799777451902628
629,0.0021358411759138107,0.007976630702614784
630,0.0021354276686906815,0.00796146783977747
631,0.0021352418698370457,0.007945245131850243
632,0.002134738489985466,0.00792909599840641
633,0.002134535228833556,0.007922030985355377
634,0.002134186215698719,0.007921507582068443
635,0.0021337284706532955,0.007922157645225525
636,0.002133279340341687,0.00791510846465826
637,0.0021329119335860014,0.007897557690739632
638,0.0021325009874999523,0.00787130743265152
639,0.002132261637598276,0.007841523736715317
640,0.0021318222861737013,0.00782580766826868
641,0.002131557557731867,0.007817873731255531
642,0.002131278160959482,0.0078119635581970215
643,0.002130951965227723,0.007806011941283941
644,0.002130615757778287,0.007799079176038504
645,0.0021303670946508646,0.0077926418744027615
646,0.0021299945656210184,0.007783814333379269
647,0.002129723085090518,0.007774295751005411
648,0.0021293885074555874,0.0077681890688836575
649,0.002129052998498082,0.007756645325571299
650,0.0021289850119501352,0.007740914821624756
651,0.0021284641698002815,0.007726232521235943
652,0.0021284637041389942,0.007719216402620077
653,0.0021282872185111046,0.007715177722275257
654,0.0021279766224324703,0.007708789315074682
655,0.002127632964402437,0.007699593901634216
656,0.002127252984791994,0.0076856412924826145
657,0.0021269028075039387,0.007663061376661062
658,0.0021265805698931217,0.007640955038368702
659,0.0021263589151203632,0.007627508137375116
660,0.002126056235283613,0.0076265460811555386
661,0.00212592794559896,0.007622326724231243
662,0.0021255805622786283,0.007613054011017084
663,0.0021253633312880993,0.007605769671499729
664,0.0021252245642244816,0.007604937069118023
665,0.0021249065175652504,0.007605911698192358
666,0.002124680206179619,0.007600886281579733
667,0.0021243884693831205,0.0075830137357115746
668,0.0021240212954580784,0.007553348783403635
669,0.0021237432956695557,0.00753296772018075
670,0.002123625483363867,0.0075236232951283455
671,0.0021232839208096266,0.007520799525082111
672,0.002123084617778659,0.007514467928558588
673,0.0021228052210062742,0.007503884378820658
674,0.002122639212757349,0.007500237785279751
675,0.0021224278025329113,0.007497974671423435
676,0.002122180536389351,0.007494417019188404
677,0.0021219071932137012,0.007489067502319813
678,0.002121665282174945,0.007485685404390097
679,0.0021213393192738295,0.0074744089506566525
680,0.0021211239509284496,0.007456066552549601
681,0.0021209039259701967,0.00743962824344635
682,0.0021206773817539215,0.007430789060890675
683,0.0021206678356975317,0.007430658675730228
684,0.0021203334908932447,0.007431832142174244
685,0.002120084362104535,0.007432082202285528
686,0.002119929064065218,0.007429276593029499
687,0.002119679469615221,0.007421833463013172
688,0.002119386801496148,0.007415384985506535
689,0.002119178418070078,0.007408518344163895
690,0.002118881558999419,0.0073987869545817375
691,0.0021186352241784334,0.007386861834675074
692,0.0021184051875025034,0.007377568632364273
693,0.0021182741038501263,0.007373844739049673
694,0.0021180501207709312,0.007371095009148121
695,0.0021178019233047962,0.007364353630691767
696,0.0021177646704018116,0.00735373655334115
697,0.0021173828281462193,0.007346227765083313
698,0.0021172440610826015,0.007343939505517483
699,0.0021172123961150646,0.007347648032009602
700,0.0021169688552618027,0.007349774241447449
701,0.002116658492013812,0.007341201417148113
702,0.002116522518917918,0.00732830073684454
703,0.0021163891069591045,0.007311756256967783
704,0.0021158752497285604,0.0073008425533771515
705,0.002115716692060232,0.007296476513147354
706,0.0021156154107302427,0.007291889283806086
707,0.0021154736168682575,0.007294159382581711
708,0.002115190029144287,0.007296389900147915
709,0.002115072449669242,0.007288437336683273
710,0.002114803995937109,0.007280018180608749
711,0.002114679664373398,0.007276986725628376
712,0.002114436822012067,0.007273581810295582
713,0.0021143367048352957,0.007264100946485996
714,0.0021140072494745255,0.0072545805014669895
715,0.0021138698793947697,0.007247495464980602
716,0.00211363029666245,0.0072425371035933495
717,0.002113478723913431,0.007239463739097118
718,0.002113281050696969,0.007232516072690487
719,0.002112980466336012,0.007221028208732605
720,0.0021131024695932865,0.007215528748929501
721,0.002112739020958543,0.007209734059870243
722,0.0021125017665326595,0.00720248743891716
723,0.002112491289153695,0.0071986704133450985
724,0.00211232784204185,0.007196592632681131
725,0.00211204681545496,0.007192323915660381
726,0.002111810492351651,0.0071852849796414375
727,0.0021118733566254377,0.007173494901508093
728,0.002111498499289155,0.007160062901675701
729,0.0021113932598382235,0.007161661051213741
730,0.0021112957037985325,0.007172385696321726
731,0.002111053094267845,0.007179065607488155
732,0.002110825851559639,0.007173569407314062
733,0.002110763918608427,0.007154022343456745
734,0.0021103513427078724,0.007138736546039581
735,0.0021104165352880955,0.007142780814319849
736,0.0021102847531437874,0.007156082428991795
737,0.0021100533194839954,0.0071617611683905125
738,0.0021099033765494823,0.007149200886487961
739,0.0021095476113259792,0.007127019111067057
740,0.002109525026753545,0.007110158447176218
741,0.0021092870738357306,0.00710871210321784
742,0.002109147608280182,0.0071174814365804195
743,0.002109020482748747,0.007126864045858383
744,0.0021088276989758015,0.007125696633011103
745,0.002108632819727063,0.007112161722034216
746,0.0021085129119455814,0.007092504762113094
747,0.0021081336308270693,0.007084261626005173
748,0.002108175540342927,0.007090625818818808
749,0.002108067274093628,0.007102289702743292
750,0.002107866806909442,0.007104937918484211
751,0.0021076384000480175,0.007092795334756374
752,0.002107318490743637,0.007072410546243191
753,0.0021071508526802063,0.0070615122094750404
754,0.0021069671493023634,0.007057692855596542
755,0.0021068488713353872,0.007055114023387432
756,0.002106637693941593,0.007053236477077007
757,0.0021064914762973785,0.007049121893942356
758,0.0021064544562250376,0.0070434375666081905
759,0.0021061303559690714,0.007042227778583765
760,0.002106066094711423,0.007051592227071524
761,0.0021059534046798944,0.0070508746430277824
762,0.0021056507248431444,0.007042202167212963
763,0.0021054495591670275,0.0070333280600607395
764,0.002105254214257002,0.007032094988971949
765,0.002105239313095808,0.0070290216244757175
766,0.0021049838978797197,0.00702102854847908
767,0.0021049859933555126,0.007022388279438019
768,0.0021048577036708593,0.007025187369436026
769,0.0021046074107289314,0.007024140562862158
770,0.0021043228916823864,0.007016623858362436
771,0.00210423837415874,0.007000050041824579
772,0.002103808568790555,0.006991169415414333
773,0.0021037310361862183,0.006994483061134815
774,0.002103641163557768,0.0069998824037611485
775,0.0021033468656241894,0.006997964344918728
776,0.002102917293086648,0.006986623164266348
777,0.002102745696902275,0.006970052607357502
778,0.0021024232264608145,0.00696269515901804
779,0.0021021163556724787,0.006971739232540131
780,0.002101785968989134,0.006983498577028513
781,0.0021014800295233727,0.006984578911215067
782,0.002101119142025709,0.006970111280679703
783,0.002101039281114936,0.006951071321964264
784,0.0021005538292229176,0.006940221879631281
785,0.002100239507853985,0.006943481508642435
786,0.002099931240081787,0.006956269033253193
787,0.0020995300728827715,0.006959053687751293
788,0.002099278150126338,0.006943414453417063
789,0.0020988055039197206,0.006928348448127508
790,0.0020984765142202377,0.00692595262080431
791,0.0020981025882065296,0.00693188700824976
792,0.0020976297091692686,0.006935969926416874
793,0.0020973742939531803,0.006933692842721939
794,0.0020971023477613926,0.006929628551006317
795,0.0020967344753444195,0.006928505841642618
796,0.00209633051417768,0.006930870469659567
797,0.0020962022244930267,0.006924460642039776
798,0.0020958275999873877,0.006914561148732901
799,0.002095456700772047,0.00691123167052865
800,0.002095154020935297,0.006910303141921759
801,0.002094752388074994,0.006905762013047934
802,0.0020943160634487867,0.006894223392009735
803,0.0020939442329108715,0.006883354391902685
804,0.0020935735665261745,0.006879632361233234
805,0.002093410352244973,0.006880274973809719
806,0.0020928513258695602,0.006881779991090298
807,0.00209267670288682,0.00688520073890686
808,0.0020924569107592106,0.006889981217682362
809,0.002092087408527732,0.006888295523822308
810,0.0020917674992233515,0.0068794237449765205
811,0.002091864123940468,0.0068650259636342525
812,0.0020915791392326355,0.006856707390397787
813,0.0020912918262183666,0.006858310662209988
814,0.002091258065775037,0.0068666525185108185
815,0.002091089729219675,0.006868843920528889
816,0.002091051312163472,0.00685849180445075
817,0.00209069368429482,0.006848856806755066
818,0.0020906911231577396,0.00685029337182641
819,0.0020905551500618458,0.0068608238361775875
820,0.0020902627147734165,0.0068686543963849545
821,0.002090096939355135,0.0068598962388932705
822,0.002089880406856537,0.006840673740953207
823,0.0020898417569696903,0.006831713020801544
824,0.002089648973196745,0.006834361702203751
825,0.0020894380286335945,0.006837091408669949
826,0.0020893884357064962,0.006835023406893015
827,0.0020893702749162912,0.006827513221651316
828,0.0020890426822006702,0.006822423078119755
829,0.002089116955175996,0.006829492747783661
830,0.002088989829644561,0.00684385234490037
831,0.002088692272081971,0.006850888021290302
832,0.002088560489937663,0.006844642106443644
833,0.0020885872654616833,0.006826178636401892
834,0.00208815885707736,0.006812635809183121
835,0.0020883323159068823,0.006817128509283066
836,0.0020883341785520315,0.006827709265053272
837,0.002088031731545925,0.006830515805631876
838,0.0020877004135400057,0.006817690096795559
839,0.0020880186930298805,0.0068009220995008945
840,0.002087817993015051,0.006793410517275333
841,0.0020873253233730793,0.006805239710956812
842,0.0020871893502771854,0.006820949260145426
843,0.002087028231471777,0.0068252370692789555
844,0.002086973749101162,0.006810220889747143
845,0.0020866270642727613,0.006795682944357395
846,0.002086819615215063,0.0067977034486830235
847,0.0020866745617240667,0.006809624377638102
848,0.002086455700919032,0.0068169934675097466
849,0.0020862449891865253,0.0068083591759204865
850,0.002086037304252386,0.006788177881389856
851,0.0020857895724475384,0.006775982677936554
852,0.002086056862026453,0.006782054901123047
853,0.002085811225697398,0.0067955926060676575
854,0.002085562329739332,0.006798798684030771
855,0.002085520653054118,0.006783895194530487
856,0.0020852298475801945,0.006768879480659962
857,0.002085102256387472,0.006762605160474777
858,0.002084961626678705,0.006763038225471973
859,0.002084760693833232,0.006769765168428421
860,0.0020846244879066944,0.006772854831069708
861,0.002084446605294943,0.00677488511428237
862,0.0020842421799898148,0.006774482782930136
863,0.002084095496684313,0.006770229898393154
864,0.002083939965814352,0.006769447587430477
865,0.002083715982735157,0.006765394471585751
866,0.002083751605823636,0.00675844494253397
867,0.002083527622744441,0.006754000671207905
868,0.0020833939779549837,0.006751260720193386
869,0.002083384897559881,0.006744059268385172
870,0.0020831075962632895,0.006737870629876852
871,0.002083179075270891,0.00674216914921999
872,0.0020830302964895964,0.006752065382897854
873,0.0020828978158533573,0.006755943410098553
874,0.00208280049264431,0.006744469050318003
875,0.0020824798848479986,0.006722936872392893
876,0.002082312246784568,0.006711346562951803
877,0.0020824470557272434,0.006720437668263912
878,0.002082087565213442,0.006730672903358936
879,0.0020821401849389076,0.006735249422490597
880,0.0020820738282054663,0.006734407506883144
881,0.0020818531047552824,0.006730231456458569
882,0.0020816405303776264,0.006726195570081472
883,0.002081493614241481,0.006727817468345165
884,0.002081293845549226,0.006728998385369778
885,0.002081344136968255,0.006728735752403736
886,0.0020811031572520733,0.006728070788085461
887,0.002081245882436633,0.006727863103151321
888,0.0020811401773244143,0.006727970205247402
889,0.002080897567793727,0.00672425702214241
890,0.0020806300453841686,0.006714574061334133
891,0.002080883365124464,0.006701589561998844
892,0.002080636564642191,0.0067009953781962395
893,0.002080210717394948,0.0067117586731910706
894,0.0020801853388547897,0.006726113148033619
895,0.0020800454076379538,0.006725079379975796
896,0.0020800665952265263,0.00670983549207449
897,0.0020798142068088055,0.006696147378534079
898,0.002079661702737212,0.006700725760310888
899,0.0020796353928744793,0.006708902306854725
900,0.0020795357413589954,0.006708420813083649
901,0.0020793844014406204,0.0066930754110217094
902,0.00207935250364244,0.006671333219856024
903,0.002079196274280548,0.006663934793323278
904,0.0020792526192963123,0.006678530480712652
905,0.0020788386464118958,0.006698723882436752
906,0.002078673802316189,0.006700510624796152
907,0.002078938763588667,0.006680309772491455
908,0.0020784097723662853,0.006662109401077032
909,0.0020786961540579796,0.006672067102044821
910,0.0020785070955753326,0.006699120160192251
911,0.002078192075714469,0.006710285786539316
912,0.002078167162835598,0.006688771303743124
913,0.0020777233876287937,0.006665526889264584
914,0.002077678916975856,0.0066594285890460014
915,0.0020776628516614437,0.0066756559535861015
916,0.0020772318821400404,0.006691706366837025
917,0.002077458892017603,0.006687662564218044
918,0.0020771666895598173,0.00667231809347868
919,0.0020769410766661167,0.006661659572273493
920,0.0020768814720213413,0.006661158055067062
921,0.002076699398458004,0.0066717639565467834
922,0.002076526638120413,0.006676536053419113
923,0.0020765182562172413,0.006674130447208881
924,0.0020763964857906103,0.006668137852102518
925,0.002076186705380678,0.006661257706582546
926,0.0020760917104780674,0.006654807366430759
927,0.002075803466141224,0.006658246275037527
928,0.0020757305901497602,0.006666646804660559
929,0.002075683791190386,0.006674686912447214
930,0.0020755226723849773,0.006669091526418924
931,0.002075463067740202,0.006651024334132671
932,0.002075081691145897,0.0066350288689136505
933,0.0020753236021846533,0.006638992577791214
934,0.0020752097479999065,0.006655955221503973
935,0.0020748372189700603,0.006664032582193613
936,0.0020748756360262632,0.006647198460996151
937,0.0020746339578181505,0.006629568990319967
938,0.0020746667869389057,0.006630084477365017
939,0.002074472140520811,0.006641185376793146
940,0.002074266318231821,0.0066498867236077785
941,0.0020741294138133526,0.006639221217483282
942,0.0020738772582262754,0.006623567081987858
943,0.002073748502880335,0.006621597800403833
944,0.0020737333688884974,0.006636942271143198
945,0.00207346654497087,0.006653620861470699
946,0.0020735987927764654,0.006653000600636005
947,0.002073348732665181,0.006641740445047617
948,0.002073273528367281,0.006636294070631266
949,0.002073270035907626,0.006643073167651892
950,0.00207303324714303,0.006646434776484966
951,0.0020728595554828644,0.006638271268457174
952,0.0020728842355310917,0.006618363317102194
953,0.0020724786445498466,0.006604606751352549
954,0.0020726893562823534,0.006612333003431559
955,0.002072479110211134,0.006633522920310497
956,0.0020720739848911762,0.006643196102231741
957,0.0020725366193801165,0.006629236973822117
958,0.0020721671171486378,0.0066130151972174644
959,0.002071757335215807,0.006614468991756439
960,0.002071700757369399,0.0066281831823289394
961,0.0020715140271931887,0.006634576711803675
962,0.002071634866297245,0.006621725857257843
963,0.00207124138250947,0.006604372523725033
964,0.0020713962148875,0.006609372794628143
965,0.0020711899269372225,0.00662575289607048
966,0.002070843009278178,0.00663391500711441
967,0.0020710439421236515,0.006620472762733698
968,0.0020706746727228165,0.006604197435081005
969,0.0020705927163362503,0.0066071501933038235
970,0.0020704835187643766,0.006614391691982746
971,0.002070334041491151,0.0066147372126579285
972,0.0020702476613223553,0.006601214408874512
973,0.0020699631422758102,0.006588313728570938
974,0.002070052782073617,0.0066004348918795586
975,0.0020697074942290783,0.006618323270231485
976,0.0020694895647466183,0.006624080240726471
977,0.0020697249565273523,0.006605365313589573
978,0.002069230657070875,0.006591755896806717
979,0.002069293987005949,0.006596406456083059
980,0.0020692343823611736,0.006611422635614872
981,0.002068981993943453,0.0066172294318675995
982,0.0020689573138952255,0.0066046640276908875
983,0.0020686089992523193,0.006590148899704218
984,0.002068426925688982,0.006586886942386627
985,0.0020684287883341312,0.0065936013124883175
986,0.002068358240649104,0.006608401425182819
987,0.0020681198220700026,0.006619371473789215
988,0.0020680532325059175,0.006613143719732761
989,0.002067751018330455,0.006597941275686026
990,0.002067769877612591,0.006582531146705151
991,0.0020675738342106342,0.006579303648322821
992,0.002067629713565111,0.006593360565602779
993,0.0020674301777035,0.006610077805817127
994,0.0020672341343015432,0.006608988158404827
995,0.002066937508061528,0.006588120013475418
996,0.002066641813144088,0.00657300278544426
997,0.0020668774377554655,0.0065862275660037994
998,0.002066363114863634,0.00660638976842165
999,0.0020663547329604626,0.006607621908187866
1000,0.0020663391333073378,0.006594651844352484
1001,0.0020661489106714725,0.006582335568964481
1002,0.002065882086753845,0.006578262895345688
1003,0.002066022017970681,0.006584384944289923
1004,0.002065858105197549,0.006591876037418842
1005,0.002065381035208702,0.006592466030269861
1006,0.002065691165626049,0.006593299563974142
1007,0.0020658813882619143,0.006600376218557358
1008,0.002065639477223158,0.0066042570397257805
1009,0.002065365668386221,0.006593386176973581
1010,0.002065061591565609,0.006576428655534983
1011,0.0020652327220886946,0.006568253040313721
1012,0.002064851112663746,0.006569463759660721
1013,0.002064703032374382,0.006584354676306248
1014,0.0020648804493248463,0.006606349255889654
1015,0.0020645286422222853,0.006615569349378347
1016,0.002064407104626298,0.006606182549148798
1017,0.0020645768381655216,0.00658529344946146
1018,0.0020640704315155745,0.006577859167009592
1019,0.0020640252623707056,0.006587123032659292
1020,0.002064077416434884,0.006599836051464081
1021,0.002063984517008066,0.006597080733627081
1022,0.0020635887049138546,0.0065764011815190315
1023,0.0020635160617530346,0.006552624516189098
1024,0.002063500927761197,0.006546554155647755
1025,0.0020631819497793913,0.006566145457327366
1026,0.0020630978979170322,0.0065960148349404335
1027,0.002063095336779952,0.006607252173125744
1028,0.002063092775642872,0.006590061821043491
1029,0.002062717918306589,0.006564699113368988
1030,0.0020624189637601376,0.0065563740208745
1031,0.002062462968751788,0.006562083959579468
1032,0.002062231535091996,0.006564495153725147
1033,0.0020619784481823444,0.006564037408679724
1034,0.002062189159914851,0.006570618599653244
1035,0.002061992883682251,0.006580967456102371
1036,0.0020616354886442423,0.0065823630429804325
1037,0.0020616878755390644,0.006568714044988155
1038,0.0020613577216863632,0.0065578194335103035
1039,0.002061371924355626,0.006566406227648258
1040,0.002061312086880207,0.006584460847079754
1041,0.002061158884316683,0.006584999617189169
1042,0.002060739556327462,0.006559757050126791
1043,0.0020604669116437435,0.0065427483059465885
1044,0.0020607232581824064,0.006554656662046909
1045,0.00206039403565228,0.006572704762220383
1046,0.0020602471195161343,0.0065733687952160835
1047,0.0020603849552571774,0.006549636367708445
1048,0.0020599064882844687,0.006532109342515469
1049,0.0020603688899427652,0.006547385361045599
1050,0.0020598864648491144,0.0065762377344071865
1051,0.002059572609141469,0.006582046393305063
1052,0.0020594168454408646,0.006560966372489929
1053,0.0020591786596924067,0.006541389971971512
1054,0.0020592042710632086,0.006537977606058121
1055,0.002058908808976412,0.006556979380548
1056,0.002058723010122776,0.006564329378306866
1057,0.002058794954791665,0.00655735656619072
1058,0.002058501122519374,0.006545396987348795
1059,0.0020585167221724987,0.006543217692524195
1060,0.0020583518780767918,0.006553445942699909
1061,0.002058199141174555,0.0065652416087687016
1062,0.002058167941868305,0.006565759889781475
1063,0.002058064565062523,0.006554529070854187
1064,0.002057658974081278,0.006538014858961105
1065,0.0020578871481120586,0.006526845507323742
1066,0.002057768404483795,0.006528818514198065
1067,0.002057420089840889,0.006543112453073263
1068,0.0020574755035340786,0.006564823444932699
1069,0.0020573451183736324,0.006572685204446316
1070,0.002057149540632963,0.006554876919835806
1071,0.0020569434855133295,0.0065323300659656525
1072,0.0020569225307554007,0.006530373357236385
1073,0.00205651274882257,0.006544855423271656
1074,0.002056695055216551,0.006547756493091583
1075,0.0020566279999911785,0.0065357075072824955
1076,0.0020561350975185633,0.006528131663799286
1077,0.0020561334677040577,0.006536903791129589
1078,0.002055911812931299,0.006548188626766205
1079,0.002055713441222906,0.006551423575729132
1080,0.0020558456890285015,0.00655397167429328
1081,0.0020558354444801807,0.006556876935064793
1082,0.002055611927062273,0.0065549761056900024
1083,0.002055245917290449,0.006542417220771313
1084,0.0020549457985907793,0.00652278820052743
1085,0.002054925076663494,0.006523155607283115
1086,0.0020546256564557552,0.006537139415740967
1087,0.0020544412545859814,0.006546034011989832
1088,0.0020546186715364456,0.006535480264574289
1089,0.0020543462596833706,0.006528263445943594
1090,0.0020543718710541725,0.0065375687554478645
1091,0.002054159063845873,0.0065508573316037655
1092,0.0020540240220725536,0.006550087593495846
1093,0.002053972566500306,0.006529550068080425
1094,0.0020535376388579607,0.006515529938042164
1095,0.0020539509132504463,0.006531159393489361
1096,0.002053634962067008,0.006553506013005972
1097,0.002053423086181283,0.006552156992256641
1098,0.0020534147042781115,0.006524883210659027
1099,0.00205306732095778,0.006510387174785137
1100,0.002053257543593645,0.0065312460064888
1101,0.002052740193903446,0.006555383093655109
1102,0.0020527630113065243,0.006551212631165981
1103,0.0020524607971310616,0.006528805010020733
1104,0.0020522999111562967,0.006516060326248407
1105,0.0020524216815829277,0.006521542556583881
1106,0.002052015857771039,0.006532179657369852
1107,0.0020520961843430996,0.006540815345942974
1108,0.002052099909633398,0.006540740840137005
1109,0.002051771152764559,0.0065295943059027195
1110,0.0020515150390565395,0.006515204906463623
1111,0.0020513678900897503,0.0065179141238331795
1112,0.002051351359114051,0.006536631844937801
1113,0.0020511369220912457,0.006546950899064541
1114,0.0020509385503828526,0.006531192921102047
1115,0.0020507383160293102,0.00651478162035346
1116,0.002050685463473201,0.006515897810459137
1117,0.0020505122374743223,0.006517800502479076
1118,0.0020502686966210604,0.006521841045469046
1119,0.0020502626430243254,0.00652790954336524
1120,0.0020501473918557167,0.006535719148814678
1121,0.00204991502687335,0.006533587817102671
1122,0.0020499490201473236,0.00652227271348238
1123,0.0020496186334639788,0.006510409060865641
1124,0.0020497478544712067,0.006518417038023472
1125,0.002049492672085762,0.006533489562571049
1126,0.002049329224973917,0.006529784295707941
1127,0.00204957602545619,0.0065050735138356686
1128,0.0020491215400397778,0.006492823362350464
1129,0.0020492172334343195,0.006514818873256445
1130,0.0020487173460423946,0.006545227020978928
1131,0.002048937836661935,0.006546846125274897
1132,0.002048623515293002,0.006523233838379383
1133,0.00204853224568069,0.0065118432976305485
1134,0.0020486670546233654,0.006527887191623449
1135,0.002048198599368334,0.006536976434290409
1136,0.002048179041594267,0.006518454756587744
1137,0.002047773450613022,0.006495051085948944
1138,0.002047716872766614,0.006491590291261673
1139,0.00204783258959651,0.006503581069409847
1140,0.002047689165920019,0.006513414438813925
1141,0.0020472719334065914,0.00651892926543951
1142,0.002047286368906498,0.0065263258293271065
1143,0.0020473175682127476,0.006537979934364557
1144,0.0020471748430281878,0.006539769470691681
1145,0.0020469161681830883,0.006528484169393778
1146,0.0020465641282498837,0.006510629318654537
1147,0.002046312438324094,0.006499684415757656
1148,0.0020462286192923784,0.006499850191175938
1149,0.002046177163720131,0.006512531079351902
1150,0.0020460556261241436,0.006512267980724573
1151,0.00204582535661757,0.006509792059659958
1152,0.0020457711070775986,0.006513106636703014
1153,0.0020457087084650993,0.006521665956825018
1154,0.002045540139079094,0.006525806151330471
1155,0.002045301254838705,0.006517291069030762
1156,0.00204548635520041,0.00649511581286788
1157,0.002045236760750413,0.006484368350356817
1158,0.0020449873991310596,0.006495367735624313
1159,0.0020448057912290096,0.006513562053442001
1160,0.002044733613729477,0.006522025913000107
1161,0.0020445846021175385,0.006514874752610922
1162,0.0020444770343601704,0.006507544778287411
1163,0.0020442591048777103,0.006509397178888321
1164,0.0020440486259758472,0.006513427942991257
1165,0.0020440120715647936,0.006511281244456768
1166,0.002043959917500615,0.006507022771984339
1167,0.002043971559032798,0.006514747627079487
1168,0.002043563174083829,0.00652157049626112
1169,0.0020433557219803333,0.006512551102787256
1170,0.0020436602644622326,0.0064945765770971775
1171,0.0020431799348443747,0.006486815400421619
1172,0.002043304266408086,0.006504791788756847
1173,0.0020430993754416704,0.006520149763673544
1174,0.002042847452685237,0.006510464008897543
1175,0.0020430507138371468,0.006489042192697525
1176,0.0020427724812179804,0.006480249110609293
1177,0.0020424933172762394,0.0064947232604026794
1178,0.0020422404631972313,0.006513522006571293
1179,0.002042196225374937,0.006508875638246536
1180,0.0020420807413756847,0.0064939772710204124
1181,0.002041855361312628,0.006489001214504242
1182,0.0020417363848537207,0.00649982038885355
1183,0.0020414325408637524,0.006515747867524624
1184,0.0020414418540894985,0.00652158260345459
1185,0.0020413410384207964,0.006514989770948887
1186,0.0020410562865436077,0.006501958705484867
1187,0.0020411834120750427,0.006488592363893986
1188,0.0020408639684319496,0.006489071063697338
1189,0.0020406462717801332,0.006495996378362179
1190,0.0020407866686582565,0.006497465074062347
1191,0.002040567109361291,0.0064882272854447365
1192,0.0020405552349984646,0.006475064903497696
1193,0.0020403277594596148,0.006477935705333948
1194,0.002040149876847863,0.006506107747554779
1195,0.002039831830188632,0.006526746787130833
1196,0.002040080726146698,0.006513717118650675
1197,0.002039656275883317,0.00648917630314827
1198,0.0020395051687955856,0.006482904311269522
1199,0.002039401326328516,0.0064964755438268185
1200,0.0020391212310642004,0.006502729840576649
1201,0.002038834849372506,0.006499880459159613
1202,0.002038797130808234,0.006493686698377132
1203,0.002038567792624235,0.006488105747848749
1204,0.002038596197962761,0.006489183753728867
1205,0.002038403181359172,0.006488440092653036
1206,0.002038263250142336,0.0064805857837200165
1207,0.0020380488131195307,0.006477151997387409
1208,0.002037992002442479,0.006480698939412832
1209,0.0020378027111291885,0.006491820327937603
1210,0.0020376071333885193,0.006494795437902212
1211,0.002037469297647476,0.006495561450719833
1212,0.0020374886225908995,0.00650064880028367
1213,0.002037284430116415,0.006499225739389658
1214,0.0020371510181576014,0.006488313432782888
1215,0.0020368732511997223,0.006477002054452896
1216,0.002036944730207324,0.0064719743095338345
1217,0.002036898862570524,0.006479708943516016
1218,0.0020363950170576572,0.006495803594589233
1219,0.0020362474024295807,0.006500244140625
1220,0.0020363254006952047,0.006491498555988073
1221,0.0020360492635518312,0.006483942270278931
1222,0.0020359475165605545,0.006476154085248709
1223,0.002035783138126135,0.006475777365267277
1224,0.002035594778135419,0.00648306030780077
1225,0.0020355568267405033,0.006487841717898846
1226,0.002035269746556878,0.006488478276878595
1227,0.002035098150372505,0.006484617479145527
1228,0.0020351167768239975,0.006492912769317627
1229,0.0020348771940916777,0.006493533495813608
1230,0.0020348636899143457,0.006480676122009754
1231,0.002034515608102083,0.006470632739365101
1232,0.0020345179364085197,0.006479140371084213
1233,0.0020343707874417305,0.006485977675765753
1234,0.0020342334173619747,0.006482229568064213
1235,0.0020342422649264336,0.006467202212661505
1236,0.002034079749137163,0.006468559615314007
1237,0.0020339726470410824,0.00648508733138442
1238,0.0020338036119937897,0.0064992280676960945
1239,0.0020336091984063387,0.006491383071988821
1240,0.0020335738081485033,0.006467554718255997
1241,0.0020334278233349323,0.006470712833106518
1242,0.002033173805102706,0.00649311114102602
1243,0.0020329304970800877,0.006506376899778843
1244,0.0020329896360635757,0.0064878324046730995
1245,0.0020326252561062574,0.006470463238656521
1246,0.002032437827438116,0.006463644560426474
1247,0.002032400341704488,0.006467646453529596
1248,0.0020321428310126066,0.006474967114627361
1249,0.0020320380572229624,0.00648500258103013
1250,0.0020318874157965183,0.0064957416616380215
1251,0.002031671814620495,0.006484481506049633
1252,0.002031743060797453,0.006464970763772726
1253,0.002031451789662242,0.006456749979406595
1254,0.002031566808000207,0.006473642773926258
1255,0.0020313295535743237,0.0064917318522930145
1256,0.002031134907156229,0.006483593489974737
1257,0.002031231764703989,0.0064542354084551334
1258,0.0020310007967054844,0.006455791648477316
1259,0.0020307651720941067,0.006483599543571472
1260,0.002030425937846303,0.006502381060272455
1261,0.002030571922659874,0.006484583951532841
1262,0.0020299418829381466,0.006461107172071934
1263,0.0020305009093135595,0.006473671644926071
1264,0.0020300683099776506,0.006500205956399441
1265,0.0020301586482673883,0.006493348628282547
1266,0.0020298678427934647,0.006451320834457874
1267,0.002029570983722806,0.00642058253288269
1268,0.002029813826084137,0.006435564253479242
1269,0.002029397524893284,0.006481417454779148
1270,0.0020291958935558796,0.006497652269899845
1271,0.002029022201895714,0.006472949869930744
1272,0.0020287679508328438,0.006454137619584799
1273,0.0020288305822759867,0.006461141165345907
1274,0.002028366085141897,0.0064788819290697575
1275,0.002028123242780566,0.006481458432972431
1276,0.0020282664336264133,0.0064615472219884396
1277,0.002027852227911353,0.006450667977333069
1278,0.002027954673394561,0.006474205758422613
1279,0.00202743848785758,0.006495237350463867
1280,0.002027577953413129,0.00648235809057951
1281,0.0020272755064070225,0.0064604757353663445
1282,0.002027135342359543,0.006452818401157856
1283,0.0020269486121833324,0.0064554354175925255
1284,0.002026769332587719,0.00645968783646822
1285,0.00202676048502326,0.006464039441198111
1286,0.002026498317718506,0.006467020604759455
1287,0.002026407513767481,0.006465109530836344
1288,0.0020262645557522774,0.006464081816375256
1289,0.002026062924414873,0.006462422665208578
1290,0.0020258459262549877,0.0064602987840771675
1291,0.002025747671723366,0.006459011696279049
1292,0.002025551861152053,0.006454952992498875
1293,0.0020252526737749577,0.006456544157117605
1294,0.0020253027323633432,0.006466561462730169
1295,0.002025044523179531,0.006481280084699392
1296,0.0020248875953257084,0.006473406217992306
1297,0.0020247348584234715,0.006451012101024389
1298,0.002024572342634201,0.006451076827943325
1299,0.0020243481267243624,0.006463466677814722
1300,0.0020242598839104176,0.006471158005297184
1301,0.0020241064485162497,0.00646256422623992
1302,0.0020240782760083675,0.00645727664232254
1303,0.0020238268189132214,0.006457233335822821
1304,0.0020236014388501644,0.006458541844040155
1305,0.002023408655077219,0.006461997516453266
1306,0.002023362787440419,0.006453884299844503
1307,0.0020232335664331913,0.00644756481051445
1308,0.002023042179644108,0.006452640052884817
1309,0.002023113891482353,0.006450127810239792
1310,0.0020228473003953695,0.006446976214647293
1311,0.0020227523054927588,0.006462509743869305
1312,0.0020225350745022297,0.00647290563210845
1313,0.0020223294850438833,0.006464520934969187
1314,0.0020225082989782095,0.006444641388952732
1315,0.002022205386310816,0.006440687924623489
1316,0.002022105734795332,0.00646440451964736
1317,0.0020218887366354465,0.0064747268334031105
1318,0.002021810505539179,0.006454990711063147
1319,0.002021753927692771,0.006426136940717697
1320,0.0020216244738548994,0.0064351907931268215
1321,0.0020212694071233273,0.00647030770778656
1322,0.0020209518261253834,0.006485073361545801
1323,0.0020212221425026655,0.006458025425672531
1324,0.0020204379688948393,0.0064365314319729805
1325,0.00202115997672081,0.006461077369749546
1326,0.0020203026942908764,0.0064885555766522884
1327,0.0020203846506774426,0.006468451581895351
1328,0.0020202009472995996,0.006421856582164764
1329,0.002019940409809351,0.006414057221263647
1330,0.0020197771955281496,0.006437619216740131
1331,0.00201956438831985,0.0064553311094641685
1332,0.0020197147969156504,0.0064438385888934135
1333,0.0020191362127661705,0.006433731410652399
1334,0.0020192842930555344,0.0064485645852983
1335,0.0020191618241369724,0.006463681347668171
1336,0.0020187494810670614,0.006464762147516012
1337,0.002018882893025875,0.0064625428058207035
1338,0.002019017469137907,0.006468033883720636
1339,0.002018512925133109,0.0064602261409163475
1340,0.0020183026790618896,0.0064337351359426975
1341,0.00201811664737761,0.006422781385481358
1342,0.00201794202439487,0.0064390250481665134
1343,0.0020176423713564873,0.006455675698816776
1344,0.002017802093178034,0.006446448154747486
1345,0.002017328981310129,0.006434215698391199
1346,0.0020176030229777098,0.006448695901781321
1347,0.0020172481890767813,0.006464787758886814
1348,0.0020169836934655905,0.006453304085880518
1349,0.002016967162489891,0.006421069148927927
1350,0.0020165483001619577,0.006419544108211994
1351,0.002016348298639059,0.006442063953727484
1352,0.0020165692549198866,0.006447909865528345
1353,0.0020163781009614468,0.006435040384531021
1354,0.002015701262280345,0.006439824588596821
1355,0.00201615272089839,0.0064786216244101524
1356,0.0020158973056823015,0.006494085304439068
1357,0.0020160945132374763,0.006461869925260544
1358,0.002015266101807356,0.006420571357011795
1359,0.002015145029872656,0.006414589937776327
1360,0.0020150088239461184,0.006435160990804434
1361,0.00201478716917336,0.006453567650169134
1362,0.0020148162730038166,0.00643964996561408
1363,0.0020143853034824133,0.006423124112188816
1364,0.0020144260488450527,0.0064270892180502415
1365,0.002014224650338292,0.006438002921640873
1366,0.002013889607042074,0.006434781942516565
1367,0.0020142309367656708,0.0064379326067864895
1368,0.00201432011090219,0.006448264233767986
1369,0.0020137361716479063,0.006452769041061401
1370,0.002013326855376363,0.006439796648919582
1371,0.00201395689509809,0.006419842597097158
1372,0.0020134160295128822,0.006423042621463537
1373,0.002012695651501417,0.006442713085561991
1374,0.0020133766811341047,0.006463339086622
1375,0.002013134304434061,0.006462006829679012
1376,0.002012755023315549,0.0064437612891197205
1377,0.0020128623582422733,0.006424214690923691
1378,0.0020123254507780075,0.006425683852285147
1379,0.0020121592096984386,0.006444775965064764
1380,0.0020121613051742315,0.006452920846641064
1381,0.002011806471273303,0.006433832459151745
1382,0.0020114725921303034,0.006404695101082325
1383,0.002011578995734453,0.006407447159290314
1384,0.002011187607422471,0.0064479513093829155
1385,0.0020107459276914597,0.006463618017733097
1386,0.002010901225730777,0.006442229263484478
1387,0.002010717522352934,0.006427024491131306
1388,0.0020105161238461733,0.006430434994399548
1389,0.0020099845714867115,0.006433266215026379
1390,0.0020097955130040646,0.006427493877708912
1391,0.0020098688546568155,0.00643512699753046
1392,0.002009668620303273,0.006443135440349579
1393,0.002009396208450198,0.006434519775211811
1394,0.002009150804951787,0.0064253536984324455
1395,0.002009024377912283,0.006416166666895151
1396,0.002008932875469327,0.006420212797820568
1397,0.0020087198354303837,0.00642693554982543
1398,0.0020086292643100023,0.006417763419449329
1399,0.0020084709394723177,0.006419985089451075
1400,0.00200855010189116,0.006443580146878958
1401,0.0020081934053450823,0.006454821676015854
1402,0.0020080350805073977,0.006430353969335556
1403,0.0020079712849110365,0.006397980265319347
1404,0.0020079188980162144,0.006406483240425587
1405,0.002007662085816264,0.006446818821132183
1406,0.0020073738414794207,0.006455346010625362
1407,0.0020076457876712084,0.006414366420358419
1408,0.002006938448175788,0.006392413284629583
1409,0.0020071258768439293,0.0064171114936470985
1410,0.002006655326113105,0.006435403134673834
1411,0.0020067968871444464,0.006419321987777948
1412,0.0020062250550836325,0.006411381997168064
1413,0.002006136579439044,0.006427337881177664
1414,0.0020058252848684788,0.006431824527680874
1415,0.0020056578796356916,0.006424557417631149
1416,0.002005703281611204,0.006426025182008743
1417,0.002005625981837511,0.006430395878851414
1418,0.002005351474508643,0.006423021666705608
1419,0.002004913054406643,0.006398516707122326
1420,0.0020047673024237156,0.006394668016582727
1421,0.0020047216676175594,0.006412598304450512
1422,0.002004347275942564,0.006423338316380978
1423,0.0020044133998453617,0.006425279192626476
1424,0.0020041216630488634,0.006428124848753214
1425,0.0020038275979459286,0.006423152983188629
1426,0.0020042292308062315,0.006405840627849102
1427,0.0020036697387695312,0.006402689963579178
1428,0.002003688830882311,0.006422752980142832
1429,0.0020034920889884233,0.0064369686879217625
1430,0.002003201749175787,0.006417718715965748
1431,0.0020028932485729456,0.006401844322681427
1432,0.0020028227008879185,0.006411058362573385
1433,0.00200241943821311,0.006426316685974598
1434,0.0020023139659315348,0.006418704986572266
1435,0.0020023565739393234,0.006392467767000198
1436,0.0020020727533847094,0.006394677795469761
1437,0.0020023882389068604,0.006431461777538061
1438,0.0020017405040562153,0.006440597586333752
1439,0.0020018774084746838,0.006402570754289627
1440,0.0020014778710901737,0.006378746125847101
1441,0.0020015777554363012,0.0063985115848481655
1442,0.00200077285990119,0.006418789271265268
1443,0.002000753302127123,0.006413483060896397
1444,0.002000839915126562,0.006413955241441727
1445,0.0020005549304187298,0.006422700826078653
1446,0.002000059699639678,0.006412736140191555
1447,0.002000418957322836,0.0063916342332959175
1448,0.002000264823436737,0.006395528558641672
1449,0.001999923726543784,0.006424808409065008
1450,0.001999562606215477,0.00643343199044466
1451,0.0019996969494968653,0.00640662619844079
1452,0.0019992110319435596,0.006385306362062693
1453,0.001999079715460539,0.006392528768628836
1454,0.001998773543164134,0.00640700152143836
1455,0.001998703693971038,0.006400373764336109
1456,0.0019984832033514977,0.006392491050064564
1457,0.001998418476432562,0.006399407051503658
1458,0.001998272491618991,0.006406763102859259
1459,0.0019979625940322876,0.006411369889974594
1460,0.00199774163775146,0.006403651088476181
1461,0.0019976552575826645,0.006402983330190182
1462,0.0019975057803094387,0.006408794783055782
1463,0.0019971898291260004,0.0064018345437943935
1464,0.0019969320856034756,0.006397579796612263
1465,0.0019968790002167225,0.006392861716449261
1466,0.001996539067476988,0.0063978517428040504
1467,0.001996440114453435,0.006394869647920132
1468,0.0019962305668741465,0.0063965655863285065
1469,0.0019960354547947645,0.006404461804777384
1470,0.0019959197379648685,0.006414600647985935
1471,0.001995872240513563,0.0064098588190972805
1472,0.0019956680480390787,0.00638566305860877
1473,0.0019952142611145973,0.006377745419740677
1474,0.00199500541202724,0.0063824765384197235
1475,0.001994828227907419,0.006396146956831217
1476,0.001994719263166189,0.006390594877302647
1477,0.0019946107640862465,0.006379324942827225
1478,0.0019943411462008953,0.00638378132134676
1479,0.0019943160004913807,0.006396362092345953
1480,0.001993877347558737,0.006412941962480545
1481,0.001994143472984433,0.006417102180421352
1482,0.001994046149775386,0.006409677676856518
1483,0.0019936012104153633,0.006391490809619427
1484,0.0019935984164476395,0.006376076489686966
1485,0.0019932608120143414,0.0063790371641516685
1486,0.001993047771975398,0.006396793760359287
1487,0.0019930126145482063,0.0064025940373539925
1488,0.0019927776884287596,0.006383365485817194
1489,0.0019923332147300243,0.006377618759870529
1490,0.001992235891520977,0.006392830051481724
1491,0.0019918950274586678,0.006408290471881628
1492,0.001991697819903493,0.006401523947715759
1493,0.0019918871112167835,0.006380782462656498
1494,0.00199158675968647,0.0063856556080281734
1495,0.0019914675503969193,0.006413233932107687
1496,0.001991246361285448,0.006411448121070862
1497,0.001991078956052661,0.006379067897796631
1498,0.0019909567199647427,0.006349768489599228
1499,0.001990681979805231,0.006365988403558731
1500,0.001990752760320902,0.006403360515832901
1501,0.0019906037487089634,0.0064055435359478
1502,0.001990201650187373,0.0063765994273126125
1503,0.001989944837987423,0.006373343523591757
1504,0.001989905256778002,0.00639897957444191
1505,0.0019900877960026264,0.006398758850991726
1506,0.001989618642255664,0.006373194511979818
1507,0.00198957696557045,0.006371346302330494
1508,0.0019893061835318804,0.00639360910281539
1509,0.001988829579204321,0.006399945355951786
1510,0.001988752279430628,0.006381947547197342
1511,0.0019886894151568413,0.0063807228580117226
1512,0.001988613046705723,0.006391970906406641
1513,0.001988178351894021,0.006384960375726223
1514,0.0019878805615007877,0.006360677070915699
1515,0.001987665658816695,0.006355420686304569
1516,0.001987443771213293,0.006381669081747532
1517,0.001987091265618801,0.006394175346940756
1518,0.001987369265407324,0.006371854338794947
1519,0.0019867639057338238,0.006361422128975391
1520,0.001986711984500289,0.006377357058227062
1521,0.001986505463719368,0.006400424987077713
1522,0.0019862870685756207,0.0063926042057573795
1523,0.0019861033651977777,0.006370185874402523
1524,0.0019859939347952604,0.00636542122811079
1525,0.0019856062717735767,0.0063748834654688835
1526,0.0019862523768097162,0.006371417548507452
1527,0.00198566191829741,0.006361233536154032
1528,0.001985061913728714,0.0063666170462965965
1529,0.0019849627278745174,0.0063852714374661446
1530,0.0019851215183734894,0.006387657485902309
1531,0.0019848705269396305,0.006373952142894268
1532,0.001984629314392805,0.006373107433319092
1533,0.0019843834452331066,0.006383864674717188
1534,0.0019838877487927675,0.006377400364726782
1535,0.001984423492103815,0.006350323557853699
1536,0.0019839194137603045,0.006350423209369183
1537,0.001983481924980879,0.00638415664434433
1538,0.0019831168465316296,0.006397523917257786
1539,0.001983172493055463,0.00638546422123909
1540,0.0019827894866466522,0.006374838296324015
1541,0.0019828001968562603,0.006367398891597986
1542,0.0019825154449790716,0.006365588400512934
1543,0.0019823783077299595,0.006358024664223194
1544,0.001982190180569887,0.006343835033476353
1545,0.0019818514119833708,0.00634541641920805
1546,0.0019817573484033346,0.006361628416925669
1547,0.0019814593251794577,0.0063773468136787415
1548,0.001981207635253668,0.006393107585608959
1549,0.0019811752717942,0.006389358080923557
1550,0.0019808404613286257,0.006371085532009602
1551,0.001980604836717248,0.006350426468998194
1552,0.0019804448820650578,0.006352926138788462
1553,0.001980351284146309,0.006376451347023249
1554,0.0019802465103566647,0.006375151686370373
1555,0.00197992823086679,0.006341966800391674
1556,0.001979916589334607,0.006344124674797058
1557,0.0019795906264334917,0.0063687888905406
1558,0.0019792220555245876,0.006377208046615124
1559,0.0019790511578321457,0.0063593401573598385
1560,0.0019788378849625587,0.006343531422317028
1561,0.001978643238544464,0.00636702636256814
1562,0.0019785654731094837,0.006392909679561853
1563,0.0019785340409725904,0.006379443220794201
1564,0.0019780886359512806,0.006343396846204996
1565,0.0019780267030000687,0.006326393689960241
1566,0.0019780464936047792,0.006360252853482962
1567,0.0019775039982050657,0.006385416723787785
1568,0.001977620180696249,0.006364817265421152
1569,0.0019768846686929464,0.006336838938295841
1570,0.0019772842060774565,0.006357662379741669
1571,0.001976460451260209,0.006382969208061695
1572,0.001977053238078952,0.006358040031045675
1573,0.0019762017764151096,0.006327974610030651
1574,0.0019769370555877686,0.006352091673761606
1575,0.0019759393762797117,0.00639058044180274
1576,0.001976365689188242,0.006369876209646463
1577,0.0019752925727516413,0.0063324859365820885
1578,0.0019765703473240137,0.006360272876918316
1579,0.0019753759261220694,0.006397639401257038
1580,0.0019756341353058815,0.006359109189361334
1581,0.001975119346752763,0.006296556442975998
1582,0.0019752983935177326,0.0063163661397993565
1583,0.0019749251659959555,0.006391630508005619
1584,0.0019747402984648943,0.006398775614798069
1585,0.001974906073883176,0.006330856587737799
1586,0.0019743861630558968,0.006321651395410299
1587,0.00197418755851686,0.006367343012243509
1588,0.0019739794079214334,0.006372509989887476
1589,0.001973878825083375,0.0063302055932581425
1590,0.001973250415176153,0.0063285259529948235
1591,0.001973055535927415,0.006370491348206997
1592,0.0019727167673408985,0.006387490779161453
1593,0.001972492318600416,0.006360013969242573
1594,0.001972328405827284,0.0063547007739543915
1595,0.0019725009333342314,0.006369436625391245
1596,0.001971706748008728,0.006365712732076645
1597,0.0019719223491847515,0.0063287862576544285
1598,0.0019713114015758038,0.006310661789029837
1599,0.0019717426039278507,0.00634494936093688
1600,0.0019711158238351345,0.006372087635099888
1601,0.001971176592633128,0.006341507192701101
1602,0.001970489276573062,0.006317224353551865
1603,0.001970726065337658,0.0063440511003136635
1604,0.001970545621588826,0.006362720392644405
1605,0.0019705421291291714,0.006338770035654306
1606,0.001969829434528947,0.006332847289741039
1607,0.0019695397932082415,0.006364092230796814
1608,0.0019695148803293705,0.006380562670528889
1609,0.001969368429854512,0.006364502012729645
1610,0.001968862023204565,0.0063575864769518375
1611,0.0019687337335199118,0.006364444736391306
1612,0.0019682464189827442,0.006352079100906849
1613,0.0019687428139150143,0.006310435477644205
1614,0.001968070399016142,0.006301793269813061
1615,0.0019683842547237873,0.006340041756629944
1616,0.001967696938663721,0.006360532250255346
1617,0.0019680941477417946,0.006335581187158823
1618,0.001967251766473055,0.006323772016912699
1619,0.001967733958736062,0.006367296911776066
1620,0.001967033604159951,0.006393551826477051
1621,0.0019671334885060787,0.0063542858697474
1622,0.0019667402375489473,0.006312513258308172
1623,0.0019669574685394764,0.006335883401334286
1624,0.001966259442269802,0.006387439556419849
1625,0.001966404728591442,0.00637394841760397
1626,0.001965812873095274,0.006313257850706577
1627,0.0019656438380479813,0.006297801621258259
1628,0.001965817529708147,0.0063536204397678375
1629,0.0019648827146738768,0.0063882870599627495
1630,0.0019653555937111378,0.0063489824533462524
1631,0.0019647195003926754,0.006310680415481329
1632,0.0019651814363896847,0.006342404522001743
1633,0.001963893184438348,0.0063797892071306705
1634,0.0019643388222903013,0.006358332931995392
1635,0.0019637453369796276,0.006316041108220816
1636,0.0019637118093669415,0.006312995217740536
1637,0.0019636384677141905,0.006352708674967289
1638,0.0019633970223367214,0.006357062608003616
1639,0.00196294067427516,0.00633236626163125
1640,0.001963323447853327,0.006337388418614864
1641,0.0019629455637186766,0.006363315973430872
1642,0.0019624431151896715,0.006358099635690451
1643,0.001962685491889715,0.006311462260782719
1644,0.001961692702025175,0.0063058361411094666
1645,0.001962432637810707,0.006347534246742725
1646,0.001961696660146117,0.0063622817397117615
1647,0.001961826579645276,0.006323863752186298
1648,0.00196122657507658,0.006314813159406185
1649,0.001961023546755314,0.0063475556671619415
1650,0.0019607802387326956,0.006355122663080692
1651,0.001960683148354292,0.006335513200610876
1652,0.001960525754839182,0.006350691430270672
1653,0.0019597450736910105,0.006369214504957199
1654,0.001960166497156024,0.006340775638818741
1655,0.0019594579935073853,0.006315778009593487
1656,0.001960149733349681,0.0063552251085639
1657,0.0019593904726207256,0.00638057803735137
1658,0.001959545072168112,0.006334491074085236
1659,0.0019586768466979265,0.006283454596996307
1660,0.0019589667208492756,0.006310911383479834
1661,0.0019582719542086124,0.006367730442434549
1662,0.001958502922207117,0.006351643707603216
1663,0.001958106877282262,0.006296589970588684
1664,0.001958178821951151,0.00631343200802803
1665,0.0019571701996028423,0.0063575319945812225
1666,0.001957128057256341,0.006357308477163315
1667,0.001956942258402705,0.0063178883865475655
1668,0.0019567993003875017,0.006310734897851944
1669,0.00195649778470397,0.006352725438773632
1670,0.00195638881996274,0.006378484424203634
1671,0.0019563953392207623,0.006349669303745031
1672,0.0019556772895157337,0.006316208280622959
1673,0.001956434454768896,0.006317049264907837
1674,0.001955662854015827,0.0063446746207773685
1675,0.0019551957957446575,0.006350321229547262
1676,0.0019551797304302454,0.006329705473035574
1677,0.0019547981210052967,0.006315597798675299
1678,0.001955319894477725,0.006313723977655172
1679,0.0019548912532627583,0.006325242575258017
1680,0.001954005565494299,0.0063413516618311405
1681,0.001954834209755063,0.006357344798743725
1682,0.001954398350790143,0.006357269827276468
1683,0.0019539527129381895,0.006342718843370676
1684,0.0019537988118827343,0.006326127797365189
1685,0.00195324351079762,0.0063358792103827
1686,0.0019530283752828836,0.006345241330564022
1687,0.0019534011371433735,0.006345098372548819
1688,0.0019527291879057884,0.006331230513751507
1689,0.0019521990325301886,0.006329725496470928
1690,0.001952245831489563,0.006333621684461832
1691,0.001951656537130475,0.006333998404443264
1692,0.0019515843596309423,0.00632806122303009
1693,0.0019514188170433044,0.006295680999755859
1694,0.0019512943690642715,0.006290175952017307
1695,0.0019511410500854254,0.006314142607152462
1696,0.0019505929667502642,0.006347887217998505
1697,0.0019506817916408181,0.006372583564370871
1698,0.0019505632808431983,0.0063688745722174644
1699,0.001950040110386908,0.006353450007736683
1700,0.001949880039319396,0.006343542132526636
1701,0.0019494574517011642,0.006350131239742041
1702,0.0019493259023874998,0.006370384246110916
1703,0.0019490845734253526,0.006366935558617115
1704,0.0019490973791107535,0.006343620829284191
1705,0.001948641031049192,0.006348941475152969
1706,0.0019483717624098063,0.006376633886247873
1707,0.0019480253104120493,0.0063791098073124886
1708,0.0019477687310427427,0.006357080303132534
1709,0.0019477710593491793,0.006346073932945728
1710,0.0019475214648991823,0.006370416842401028
1711,0.001946984208188951,0.00639114435762167
1712,0.0019468979444354773,0.006375358905643225
1713,0.0019465123768895864,0.00633938517421484
1714,0.0019468336831778288,0.006347869988530874
1715,0.0019459680188447237,0.006366918794810772
1716,0.0019463881617411971,0.006333903409540653
1717,0.0019456965383142233,0.006313619669526815
1718,0.0019463805947452784,0.006345485802739859
1719,0.0019455685978755355,0.006356147117912769
1720,0.0019452798878774047,0.006309713236987591
1721,0.0019449082901701331,0.006301648914813995
1722,0.00194462388753891,0.006333041004836559
1723,0.0019448327366262674,0.006327676121145487
1724,0.001944343326613307,0.006311626639217138
1725,0.0019440322648733854,0.006332211196422577
1726,0.0019431791733950377,0.0063664293847978115
1727,0.0019431256223469973,0.006365357898175716
1728,0.0019429657841101289,0.006332262419164181
1729,0.0019426565850153565,0.006314591504633427
1730,0.0019426792860031128,0.006325899623334408
1731,0.0019423447083681822,0.006314728409051895
1732,0.0019425696227699518,0.006273026578128338
1733,0.0019425454083830118,0.006281087640672922
1734,0.0019418594893068075,0.006330953445285559
1735,0.0019415996503084898,0.006327134557068348
1736,0.0019416045397520065,0.006276933941990137
1737,0.0019413003465160728,0.006281261797994375
1738,0.0019407529616728425,0.006324815563857555
1739,0.0019405573839321733,0.006329193711280823
1740,0.0019407154759392142,0.006310740951448679
1741,0.0019407192012295127,0.006309540010988712
1742,0.0019402181496843696,0.006300866603851318
1743,0.0019399352604523301,0.006270749028772116
1744,0.0019393593538552523,0.006257197353988886
1745,0.0019394748378545046,0.00626827497035265
1746,0.0019391641253605485,0.006293689366430044
1747,0.0019390148809179664,0.006311693694442511
1748,0.0019390418892726302,0.006305993534624577
1749,0.0019386165076866746,0.006280162837356329
1750,0.0019382231403142214,0.006272695958614349
1751,0.0019381539896130562,0.00628774706274271
1752,0.0019383085891604424,0.00628839572891593
1753,0.0019378259312361479,0.006287126336246729
1754,0.00193779484834522,0.006309048272669315
1755,0.0019376635318621993,0.006314310245215893
1756,0.0019374260446056724,0.00627392390742898
1757,0.0019367740023881197,0.006234482396394014
1758,0.001937040826305747,0.0062603093683719635
1759,0.0019365117186680436,0.006271143909543753
1760,0.0019363968167454004,0.0062498003244400024
1761,0.0019362339517101645,0.0062653482891619205
1762,0.0019358511781319976,0.006280140019953251
1763,0.0019357630517333746,0.0062596737407147884
1764,0.0019355599069967866,0.006251437123864889
1765,0.0019354118267074227,0.006268024444580078
1766,0.0019354202086105943,0.006266436073929071
1767,0.001935208449140191,0.006254576146602631
1768,0.0019347965717315674,0.006269159726798534
1769,0.0019342850428074598,0.006282630376517773
1770,0.001934612519107759,0.006261137314140797
1771,0.0019340503495186567,0.006258893758058548
1772,0.001934236497618258,0.006299448665231466
1773,0.0019343083258718252,0.006283750291913748
1774,0.0019338488345965743,0.006228582002222538
1775,0.0019332030788064003,0.0062053874135017395
1776,0.001933455467224121,0.006247579585760832
1777,0.0019333107629790902,0.0062580714002251625
1778,0.0019330078503116965,0.0062347473576664925
1779,0.0019329905044287443,0.0062636323273181915
1780,0.0019322916632518172,0.006297064013779163
1781,0.0019327042391523719,0.00626140832901001
1782,0.0019315944518893957,0.006248049437999725
1783,0.0019315009703859687,0.006270991172641516
1784,0.0019312112126499414,0.0062903487123548985
1785,0.0019312708172947168,0.00626117829233408
1786,0.0019307691836729646,0.006257377564907074
1787,0.0019309971248731017,0.006272795610129833
1788,0.0019304681336507201,0.0062811002135276794
1789,0.001930317492224276,0.006239393260329962
1790,0.0019298491533845663,0.006205874495208263
1791,0.001930211903527379,0.006214050110429525
1792,0.001929780817590654,0.006228395737707615
1793,0.0019294467056170106,0.0062401085160672665
1794,0.0019291875651106238,0.006243758834898472
1795,0.0019290812779217958,0.0062650637701153755
1796,0.0019287070026621222,0.006277330219745636
1797,0.0019289286574348807,0.006244230084121227
1798,0.0019283061847090721,0.006242860108613968
1799,0.0019289711490273476,0.006298881955444813
1800,0.001928203389979899,0.0062927440740168095
1801,0.0019283220171928406,0.006221991032361984
1802,0.0019285191083326936,0.006239443086087704
1803,0.0019279448315501213,0.006305867340415716
1804,0.001928757643327117,0.006264704279601574
1805,0.0019274670630693436,0.006177644245326519
1806,0.0019276977982372046,0.006185208447277546
1807,0.0019270738121122122,0.006259869784116745
1808,0.001926864730194211,0.006276947446167469
1809,0.0019269122276455164,0.006227943580597639
1810,0.0019261924317106605,0.006222647149115801
1811,0.0019266620511189103,0.006259529385715723
1812,0.0019261973211541772,0.006264914758503437
1813,0.0019255559891462326,0.0062556019984185696
1814,0.0019262915011495352,0.006289257667958736
1815,0.0019254961516708136,0.006308203097432852
1816,0.001925559714436531,0.006260271184146404
1817,0.0019249307224527001,0.006217035930603743
1818,0.0019249946344643831,0.006251695100218058
1819,0.0019247547024860978,0.0062501998618245125
1820,0.0019244290888309479,0.006204159464687109
1821,0.0019245470175519586,0.006220221519470215
1822,0.001924038864672184,0.006250692997127771
1823,0.0019243366550654173,0.006206491030752659
1824,0.0019233208149671555,0.006188095547258854
1825,0.0019235629588365555,0.006225462071597576
1826,0.001923413248732686,0.00623598787933588
1827,0.0019233294297009706,0.006228709127753973
1828,0.0019226757576689124,0.0062700011767446995
1829,0.0019225759897381067,0.006326892413198948
1830,0.0019229494500905275,0.006304038222879171
1831,0.0019220352405682206,0.006239754613488913
1832,0.0019219138193875551,0.006225610617548227
1833,0.0019214199855923653,0.006258871406316757
1834,0.001921364339068532,0.006257797125726938
1835,0.0019208953017368913,0.0062071168795228004
1836,0.0019207375589758158,0.006181010510772467
1837,0.001920828246511519,0.006228909362107515
1838,0.0019205795833840966,0.00626610592007637
1839,0.0019213997293263674,0.0062226527370512486
1840,0.0019201093818992376,0.00618633721023798
1841,0.0019201623508706689,0.006207288708537817
1842,0.001919751986861229,0.006242251023650169
1843,0.0019194023916497827,0.006256077438592911
1844,0.0019190979655832052,0.006249371450394392
1845,0.0019189423182979226,0.006237580440938473
1846,0.0019188228761777282,0.006259473972022533
1847,0.001918551861308515,0.006284947507083416
1848,0.0019182872492820024,0.006258106324821711
1849,0.0019180927192792296,0.006216664332896471
1850,0.0019179650116711855,0.006233556196093559
1851,0.0019175468478351831,0.0062440731562674046
1852,0.0019174322951585054,0.0062156724743545055
1853,0.0019178878283128142,0.0062264930456876755
1854,0.0019172767642885447,0.0062425327487289906
1855,0.0019170548766851425,0.006200985051691532
1856,0.0019165461417287588,0.00619351863861084
1857,0.001916398061439395,0.006201806478202343
1858,0.0019165051635354757,0.006199288181960583
1859,0.0019161623204126954,0.006195036228746176
1860,0.0019155375193804502,0.006223833654075861
1861,0.001916244043968618,0.006277160253375769
1862,0.0019162825774401426,0.00626323651522398
1863,0.0019155389163643122,0.0062088011763989925
1864,0.0019152059685438871,0.006196086294949055
1865,0.0019152102759107947,0.006248017773032188
1866,0.00191497930791229,0.00626811757683754
1867,0.0019147706916555762,0.0062522501684725285
1868,0.00191434845328331,0.006233213469386101
1869,0.0019142335513606668,0.00622412608936429
1870,0.001914339722134173,0.006195711903274059
1871,0.0019137579947710037,0.006190386600792408
1872,0.0019146573031321168,0.006231551058590412
1873,0.0019131663721054792,0.006242113187909126
1874,0.0019129158463329077,0.00623867055401206
1875,0.0019130563596263528,0.006242812145501375
1876,0.0019126327242702246,0.006271996535360813
1877,0.0019126664847135544,0.006260965019464493
1878,0.001912284060381353,0.006205180659890175
1879,0.0019120356300845742,0.006207427009940147
1880,0.0019122250378131866,0.0062616243958473206
1881,0.0019117991905659437,0.006241587456315756
1882,0.0019113197922706604,0.006194918416440487
1883,0.0019115183968096972,0.006214811000972986
1884,0.0019108718261122704,0.006236752029508352
1885,0.0019109419081360102,0.006218885537236929
1886,0.0019103474915027618,0.006225472781807184
1887,0.0019096499308943748,0.006236600689589977
1888,0.0019102089572697878,0.006208139471709728
1889,0.0019097987096756697,0.006221137009561062
1890,0.0019098113989457488,0.006259899586439133
1891,0.0019094888120889664,0.006230921484529972
1892,0.001909033628180623,0.006181385368108749
1893,0.0019093637820333242,0.006217086687684059
1894,0.001908392645418644,0.006271945778280497
1895,0.0019091566791757941,0.006232121959328651
1896,0.0019083693623542786,0.006199654191732407
1897,0.0019086413085460663,0.006233237683773041
1898,0.001908161910250783,0.006234524771571159
1899,0.0019075449090451002,0.006217035464942455
1900,0.0019078518962487578,0.00623601209372282
1901,0.0019070825073868036,0.006246811710298061
1902,0.001907526166178286,0.006215028464794159
1903,0.0019071327988058329,0.006211793981492519
1904,0.001906567602418363,0.0062691522762179375
1905,0.0019062005449086428,0.006275548133999109
1906,0.0019062708597630262,0.00623945239931345
1907,0.0019059512997046113,0.0062386286444962025
1908,0.0019060280174016953,0.0062333326786756516
1909,0.00190532801207155,0.006221355404704809
1910,0.0019056240562349558,0.006215461064130068
1911,0.0019048206740990281,0.0062287235632538795
1912,0.0019055511802434921,0.006209024228155613
1913,0.0019050713162869215,0.006209220737218857
1914,0.0019044417422264814,0.006251725368201733
1915,0.0019042456988245249,0.006235464476048946
1916,0.0019039461622014642,0.006212425883859396
1917,0.0019038639729842544,0.006213842425495386
1918,0.0019036181038245559,0.006235393695533276
1919,0.0019036803860217333,0.006210516672581434
1920,0.0019032545387744904,0.006204242818057537
1921,0.0019027851521968842,0.0062225884757936
1922,0.0019024231005460024,0.006243625655770302
1923,0.0019026442896574736,0.006249042693525553
1924,0.001902294927276671,0.006229258142411709
1925,0.001901919604279101,0.006199768744409084
1926,0.0019018597668036819,0.006218671798706055
1927,0.0019018871244043112,0.00621104147285223
1928,0.0019013438140973449,0.0061950539238750935
1929,0.001901982701383531,0.006237443536520004
1930,0.0019011538242921233,0.00625368719920516
1931,0.0019015533616766334,0.006211110856384039
1932,0.0019008193630725145,0.006217136979103088
1933,0.0019006853690370917,0.006236153654754162
1934,0.0019005354261025786,0.00622915755957365
1935,0.0019004996865987778,0.006254361476749182
1936,0.0019000896718353033,0.006252584047615528
1937,0.0018999312305822968,0.006240540184080601
1938,0.0018994364654645324,0.006219149101525545
1939,0.0018995354184880853,0.006185623817145824
1940,0.001899409107863903,0.006192770786583424
1941,0.0018988419324159622,0.0062292637303471565
1942,0.0018987685907632113,0.0062501742504537106
1943,0.0018989269156008959,0.006230555474758148
1944,0.0018984221387654543,0.006196858827024698
1945,0.0018984874477609992,0.006191783118993044
1946,0.0018981046741828322,0.006196323316544294
1947,0.001897746347822249,0.006210281979292631
1948,0.0018974033882841468,0.006205553188920021
1949,0.0018976975698024035,0.0062195491045713425
1950,0.001897134119644761,0.0062275901436805725
1951,0.001897332607768476,0.006185988895595074
1952,0.0018972540274262428,0.006196671165525913
1953,0.0018968814983963966,0.006258999463170767
1954,0.0018967579817399383,0.006278591696172953
1955,0.0018967029172927141,0.006233186926692724
1956,0.0018962057074531913,0.006213161628693342
1957,0.0018964806804433465,0.006216316483914852
1958,0.0018965651979669929,0.006197647657245398
1959,0.0018959190929308534,0.0062101068906486034
1960,0.0018949862569570541,0.006243336480110884
1961,0.001895573572255671,0.00626918813213706
1962,0.001895837252959609,0.006241043098270893
1963,0.0018949119839817286,0.006203421391546726
1964,0.0018942164024338126,0.0061893039382994175
1965,0.0018956925487145782,0.006169327534735203
1966,0.0018953746184706688,0.006164697930216789
1967,0.0018942387541756034,0.006187525112181902
1968,0.0018938150024041533,0.00623722467571497
1969,0.0018940428271889687,0.006224756129086018
1970,0.001893289154395461,0.0061724744737148285
1971,0.0018935451516881585,0.0061659677885472775
1972,0.0018938485300168395,0.006203614640980959
1973,0.0018935103435069323,0.006226910278201103
1974,0.0018926691263914108,0.006242480129003525
1975,0.0018925576005131006,0.006242406088858843
1976,0.00189281499478966,0.006224245298653841
1977,0.0018921388546004891,0.006222211290150881
1978,0.0018933169776573777,0.006223252043128014
1979,0.0018915908876806498,0.006204258184880018
1980,0.0018915688851848245,0.006193512585014105
1981,0.0018918029963970184,0.0062380703166127205
1982,0.0018914558459073305,0.006219810806214809
1983,0.0018907723715528846,0.006159460637718439
1984,0.0018912358209490776,0.0061697522178292274
1985,0.0018911559600383043,0.006228061392903328
1986,0.0018908350029960275,0.006238184869289398
1987,0.0018901426810771227,0.006219941657036543
1988,0.0018901948351413012,0.006226647645235062
1989,0.0018896401161327958,0.006219475530087948
1990,0.0018899863352999091,0.006172782275825739
1991,0.0018893424421548843,0.006190824322402477
1992,0.001889532431960106,0.006246285978704691
1993,0.0018895706161856651,0.006203150376677513
1994,0.0018883573357015848,0.00619125971570611
1995,0.0018884179880842566,0.006221328862011433
1996,0.0018879728158935905,0.006237313617020845
1997,0.0018880892312154174,0.0061845178715884686
1998,0.0018880196148529649,0.006165132857859135
1999,0.001888022175990045,0.006196614354848862
2000,0.0018872630316764116,0.006201223470270634
2001,0.0018877480179071426,0.006201302632689476
2002,0.0018871420761570334,0.006195656023919582
2003,0.0018874614033848047,0.006183826830238104
2004,0.001886641955934465,0.006202711723744869
2005,0.0018872336950153112,0.006233145482838154
2006,0.001886757672764361,0.006209519691765308
2007,0.0018863793229684234,0.006168168503791094
2008,0.0018870681524276733,0.00621675793081522
2009,0.001885468838736415,0.006253167055547237
2010,0.0018874272936955094,0.006220201961696148
2011,0.0018858298426494002,0.006200314965099096
2012,0.0018857211107388139,0.006182044744491577
2013,0.001884730183519423,0.006179277319461107
2014,0.001885493635199964,0.006196147296577692
2015,0.0018850195920094848,0.006189289968460798
2016,0.0018851186614483595,0.0061667924746870995
2017,0.0018850069027394056,0.006211689207702875
2018,0.0018840914126485586,0.006276650819927454
2019,0.0018847545143216848,0.006226933095604181
2020,0.0018836276140064,0.00618670042604208
2021,0.0018844336736947298,0.006239295471459627
2022,0.0018832515925168991,0.006255229003727436
2023,0.0018839624244719744,0.006167416460812092
2024,0.0018834524089470506,0.00616464763879776
2025,0.0018827344756573439,0.0062006572261452675
2026,0.0018831186462193727,0.006180391646921635
2027,0.0018826309824362397,0.006188166327774525
2028,0.0018825087463483214,0.00621758121997118
2029,0.0018823202699422836,0.006193120963871479
2030,0.0018814851064234972,0.006199195049703121
2031,0.001881342614069581,0.006226884666830301
2032,0.0018811788177117705,0.006239693611860275
2033,0.0018810557667165995,0.006242257077246904
2034,0.0018807083833962679,0.006219278555363417
2035,0.0018806501757353544,0.006222209893167019
2036,0.001880295225419104,0.006184159778058529
2037,0.0018799642566591501,0.006192366126924753
2038,0.0018798582023009658,0.006194689776748419
2039,0.001879319897852838,0.006194617599248886
2040,0.0018798254895955324,0.006224210374057293
2041,0.0018793309573084116,0.0062214164063334465
2042,0.001879461808130145,0.006152537651360035
2043,0.0018791959155350924,0.006182761862874031
2044,0.0018787086009979248,0.006211930885910988
2045,0.0018788626184687018,0.006187972147017717
2046,0.0018783316481858492,0.006218554452061653
2047,0.0018781354883685708,0.006274127401411533
2048,0.0018785580759868026,0.006216290406882763
2049,0.0018776154611259699,0.006148948799818754
2050,0.0018787393346428871,0.006209356710314751
2051,0.001878185197710991,0.006207486614584923
2052,0.001877540023997426,0.006164513528347015
2053,0.0018776284996420145,0.006223653443157673
2054,0.00187664944678545,0.006234829314053059
2055,0.0018761942628771067,0.006207022350281477
2056,0.0018759092781692743,0.0061791399493813515
2057,0.001876238500699401,0.006214114837348461
2058,0.001876169117167592,0.006196722388267517
2059,0.001875764923170209,0.006167171988636255
2060,0.0018760852981358767,0.006230051629245281
2061,0.0018752142786979675,0.006228573154658079
2062,0.0018756281351670623,0.006165176630020142
2063,0.0018752325559034944,0.006198905408382416
2064,0.001874851412139833,0.006256413646042347
2065,0.0018755333730950952,0.006182522512972355
2066,0.0018745262641459703,0.006175265647470951
2067,0.001874029403552413,0.0062158252112567425
2068,0.001873720670118928,0.006202643737196922
2069,0.0018735997145995498,0.006199930794537067
2070,0.001873076194897294,0.006216675974428654
2071,0.0018730784067884088,0.0062115988694131374
2072,0.0018730554729700089,0.006169992499053478
2073,0.0018727935384958982,0.0061822254210710526
2074,0.0018724905094131827,0.006193720735609531
2075,0.0018723057582974434,0.0061866240575909615
2076,0.0018722254317253828,0.0062227011658251286
2077,0.0018715538317337632,0.006229896564036608
2078,0.0018715567421168089,0.006225345190614462
2079,0.0018711518496274948,0.006216287147253752
2080,0.001871216343715787,0.006209976971149445
2081,0.0018709292635321617,0.0061974553391337395
2082,0.001870472333393991,0.006198517046868801
2083,0.0018709551077336073,0.0062087359838187695
2084,0.001870491891168058,0.006185824517160654
2085,0.0018705108668655157,0.0061486889608204365
2086,0.0018704846734181046,0.006191611289978027
2087,0.0018699243664741516,0.006242321338504553
2088,0.0018701411318033934,0.00618891092017293
2089,0.0018697238992899656,0.006203315686434507
2090,0.0018692348385229707,0.00623739929869771
2091,0.0018691066652536392,0.0062078265473246574
2092,0.0018689625430852175,0.006219550035893917
2093,0.00186828151345253,0.006219531409442425
2094,0.0018678961787372828,0.006212170235812664
2095,0.0018684417009353638,0.006224908400326967
2096,0.00186812540050596,0.00620220648124814
2097,0.0018676475156098604,0.006153958383947611
2098,0.001867866376414895,0.0061831409111619
2099,0.0018671216676011682,0.006225782446563244
2100,0.0018679701024666429,0.006157565396279097
2101,0.0018673281883820891,0.006189954467117786
2102,0.0018667395925149322,0.006285735405981541
2103,0.0018679536879062653,0.006215586327016354
2104,0.0018666671821847558,0.006205194629728794
2105,0.001866112812422216,0.006262541748583317
2106,0.0018675647443160415,0.006185784004628658
2107,0.0018659632187336683,0.006157246418297291
2108,0.0018660664791241288,0.006234300322830677
2109,0.0018652634462341666,0.006250124424695969
2110,0.0018656542524695396,0.006171421613544226
2111,0.0018663499504327774,0.0062102461233735085
2112,0.0018642483046278358,0.006229686550796032
2113,0.001865926431491971,0.006145836319774389
2114,0.0018653182778507471,0.006166456732898951
2115,0.001864608726464212,0.00626063859090209
2116,0.0018641824135556817,0.0062519824132323265
2117,0.0018642684444785118,0.006239746697247028
2118,0.0018644746160134673,0.006253066472709179
2119,0.0018633917206898332,0.006193979177623987
2120,0.0018635683227330446,0.006150752305984497
2121,0.0018632502760738134,0.006172247231006622
2122,0.001862676814198494,0.006186060141772032
2123,0.0018620876362547278,0.00618651881814003
2124,0.0018622919451445341,0.006186528597027063
2125,0.0018622648203745484,0.006224780343472958
2126,0.001861461205407977,0.006216646172106266
2127,0.001861798926256597,0.006211624015122652
2128,0.0018616421148180962,0.006226347293704748
2129,0.001861502998508513,0.006236728746443987
2130,0.001860541058704257,0.006236341316252947
2131,0.0018612064886838198,0.006260731257498264
2132,0.001860602991655469,0.006221060641109943
2133,0.0018604157958179712,0.006151559762656689
2134,0.0018605634104460478,0.006193660665303469
2135,0.0018593918066471815,0.006243983283638954
2136,0.0018594434950500727,0.006225020159035921
2137,0.0018588071689009666,0.006208211649209261
2138,0.0018592297565191984,0.006213193293660879
2139,0.0018584958743304014,0.0062284572049975395
2140,0.0018592898268252611,0.006224577780812979
2141,0.001857688301242888,0.006187560502439737
2142,0.0018585484940558672,0.006155152805149555
2143,0.0018582241609692574,0.00620438065379858
2144,0.001857773051597178,0.006255428306758404
2145,0.0018580842297524214,0.0061966003850102425
2146,0.0018570920219644904,0.006169584114104509
2147,0.0018577188020572066,0.006255687214434147
2148,0.0018566136714071035,0.006264417432248592
2149,0.0018576178699731827,0.00622158870100975
2150,0.0018562444020062685,0.006221725605428219
2151,0.0018567070364952087,0.006190876010805368
2152,0.0018565140198916197,0.006173036061227322
2153,0.0018561292672529817,0.006215846166014671
2154,0.001855482580140233,0.006251753307878971
2155,0.0018553432310000062,0.006207992322742939
2156,0.0018555119168013334,0.006169686559587717
2157,0.0018550760578364134,0.006241518538445234
2158,0.0018559141317382455,0.006180590018630028
2159,0.0018539957236498594,0.006166511215269566
2160,0.0018545256461948156,0.0062524303793907166
2161,0.0018543327460065484,0.006258193403482437
2162,0.0018538214499130845,0.006177824921905994
2163,0.0018532846588641405,0.006191693712025881
2164,0.0018530404195189476,0.006244542542845011
2165,0.0018530931556597352,0.006221740506589413
2166,0.0018526263302192092,0.006241864524781704
2167,0.0018525337800383568,0.006234932690858841
2168,0.0018521103775128722,0.006152861751616001
2169,0.0018524762708693743,0.006183194927871227
2170,0.0018517517019063234,0.0061852517537772655
2171,0.0018517691642045975,0.006160714663565159
2172,0.0018515202682465315,0.006222873460501432
2173,0.001850586966611445,0.006278963293880224
2174,0.0018509471556171775,0.006211336236447096
2175,0.001851163455285132,0.006248938385397196
2176,0.0018499616999179125,0.006254510022699833
2177,0.0018498466815799475,0.0062090251594781876
2178,0.0018502399325370789,0.0062478212639689445
2179,0.0018489190842956305,0.006226812954992056
2180,0.0018489544745534658,0.006205438170582056
2181,0.001848684623837471,0.006179081276059151
2182,0.001848591142334044,0.006193625275045633
2183,0.001848483458161354,0.00617895508185029
2184,0.0018479044083505869,0.006192526780068874
2185,0.0018478231504559517,0.00625758757814765
2186,0.0018480743747204542,0.006230750121176243
2187,0.0018473516684025526,0.006235144101083279
2188,0.0018471067305654287,0.0062446072697639465
2189,0.0018469307105988264,0.006225256714969873
2190,0.0018463777378201485,0.006260942667722702
2191,0.001846784958615899,0.006269457750022411
2192,0.0018463542219251394,0.006203668192028999
2193,0.0018461300060153008,0.006176629103720188
2194,0.0018458369886502624,0.0062061939388513565
2195,0.0018456621328368783,0.006219028495252132
2196,0.001845373772084713,0.006166791543364525
2197,0.001845413469709456,0.006208397913724184
2198,0.0018448682967573404,0.006269092205911875
2199,0.0018455346580594778,0.006200694013386965
2200,0.001845122897066176,0.006217882968485355
2201,0.001843840815126896,0.006248554680496454
2202,0.0018439270788803697,0.006231505423784256
2203,0.0018437942489981651,0.0062658516690135
2204,0.0018434980884194374,0.006232128012925386
2205,0.0018434679368510842,0.006181919947266579
2206,0.0018433013465255499,0.006210177205502987
2207,0.0018424097215756774,0.006241390481591225
2208,0.0018428271869197488,0.006231478415429592
2209,0.0018419725820422173,0.006196817383170128
2210,0.0018425367306917906,0.0061820754781365395
2211,0.0018420983105897903,0.006217966787517071
2212,0.0018420119304209948,0.006239831913262606
2213,0.001841792487539351,0.00627181027084589
2214,0.0018414556980133057,0.006233353167772293
2215,0.0018412884091958404,0.006192200817167759
2216,0.0018406698945909739,0.006243984680622816
2217,0.0018414289224892855,0.006235146429389715
2218,0.0018395970109850168,0.006213304121047258
2219,0.0018406439339742064,0.006207501981407404
2220,0.0018399053951725364,0.006244436837732792
2221,0.0018401804845780134,0.006247156299650669
2222,0.0018402714049443603,0.006201307754963636
2223,0.0018385211005806923,0.006175694055855274
2224,0.00184069259557873,0.006173119880259037
2225,0.0018396724481135607,0.006213999353349209
2226,0.0018396492814645171,0.006252694875001907
2227,0.0018382042180746794,0.006286896765232086
2228,0.001838493742980063,0.006323784589767456
2229,0.0018387555610388517,0.006258795969188213
2230,0.0018373463535681367,0.006186557933688164
2231,0.001838990836404264,0.006253852508962154
2232,0.001837794086895883,0.006235178560018539
2233,0.0018369026947766542,0.00620520394295454
2234,0.0018373379716649652,0.006213263608515263
2235,0.0018372349441051483,0.006180640310049057
2236,0.0018364794086664915,0.006184328347444534
2237,0.001836114563047886,0.006245167460292578
2238,0.0018367534503340721,0.006205822341144085
2239,0.001835473463870585,0.006229022052139044
2240,0.001836578594520688,0.006317739374935627
2241,0.0018367363372817636,0.006233043037354946
2242,0.001834474503993988,0.00621656933799386
2243,0.001834972994402051,0.006253362633287907
2244,0.0018350034952163696,0.006233650259673595
2245,0.0018342748517170548,0.006247795186936855
2246,0.0018337408546358347,0.006281692534685135
2247,0.0018337555229663849,0.006210363004356623
2248,0.001833189046010375,0.00616257730871439
2249,0.0018331930041313171,0.006232330575585365
2250,0.0018341206014156342,0.0061750756576657295
2251,0.0018326665740460157,0.006180397234857082
2252,0.001832886366173625,0.0062880320474505424
2253,0.0018319746013730764,0.00628808606415987
2254,0.0018314240733161569,0.006275254301726818
2255,0.0018310556188225746,0.006286315619945526
2256,0.0018316302448511124,0.0062176259234547615
2257,0.0018312993925064802,0.006247268989682198
2258,0.0018304961267858744,0.0062995837070047855
2259,0.0018305139383301139,0.006276210304349661
2260,0.0018296980997547507,0.006230674684047699
2261,0.0018297521164640784,0.00622835848480463
2262,0.0018286316189914942,0.006220847833901644
2263,0.001829687156714499,0.006222039461135864
2264,0.0018282567616552114,0.006181212142109871
2265,0.0018289086874574423,0.006229543127119541
2266,0.0018277891213074327,0.006289569195359945
2267,0.0018287894781678915,0.006296815816313028
2268,0.0018283214885741472,0.006270605139434338
2269,0.001827319385483861,0.006245761178433895
2270,0.0018271219450980425,0.0062747313641011715
2271,0.0018268268322572112,0.006250602193176746
2272,0.0018269236898049712,0.006265806499868631
2273,0.0018260052893310785,0.006213477812707424
2274,0.0018262898083776236,0.00621248222887516
2275,0.001825606101192534,0.006200482603162527
2276,0.0018251860747113824,0.0062110149301588535
2277,0.00182514195330441,0.006275209132581949
2278,0.0018255558097735047,0.006249622907489538
2279,0.0018245615065097809,0.006274089217185974
2280,0.001824269420467317,0.006287111435085535
2281,0.0018242050427943468,0.006279511842876673
2282,0.0018238418269902468,0.006307017058134079
2283,0.0018239605706185102,0.006256939377635717
2284,0.0018229590496048331,0.006258532404899597
2285,0.0018226498505100608,0.00621845293790102
2286,0.0018222719663754106,0.006218298338353634
2287,0.0018216969911009073,0.006246793083846569
2288,0.0018230581190437078,0.006178214680403471
2289,0.0018218636978417635,0.006207252386957407
2290,0.0018220372730866075,0.006288246251642704
2291,0.0018231512513011694,0.006192013621330261
2292,0.001822256250306964,0.006233248393982649
2293,0.0018211817368865013,0.006274213083088398
2294,0.0018214164301753044,0.006225251127034426
2295,0.0018208802212029696,0.006293267011642456
2296,0.0018202399369329214,0.006294086575508118
2297,0.001819921308197081,0.006256801541894674
2298,0.0018195252632722259,0.006290187127888203
2299,0.0018192861462011933,0.006305367685854435
2300,0.0018195383017882705,0.006213503889739513
2301,0.001819366356357932,0.006239691283553839
2302,0.0018181040650233626,0.006227119360119104
2303,0.0018181533087044954,0.006209133192896843
2304,0.0018179540056735277,0.006268045399338007
2305,0.0018185663502663374,0.006229446269571781
2306,0.0018170211696997285,0.006248424760997295
2307,0.0018169388640671968,0.006284128874540329
2308,0.0018169231479987502,0.0062622250989079475
2309,0.001816368312574923,0.0063284835778176785
2310,0.001816502190195024,0.006358695682138205
2311,0.0018165160436183214,0.006264968775212765
2312,0.0018152320990338922,0.006240235175937414
2313,0.0018152454867959023,0.006288836244493723
2314,0.0018148776143789291,0.006259898655116558
2315,0.001814270974136889,0.006266643758863211
2316,0.001814026152715087,0.006269465200603008
2317,0.0018136730650439858,0.006261663977056742
2318,0.0018136182334274054,0.006234331522136927
2319,0.0018131446558982134,0.006267017684876919
2320,0.0018131735268980265,0.00630250433459878
2321,0.0018130738753825426,0.006240478251129389
2322,0.0018137432634830475,0.006284806877374649
2323,0.0018125397618860006,0.006243589334189892
2324,0.0018119404558092356,0.006236362736672163
2325,0.0018117300933226943,0.006314173340797424
2326,0.0018121667671948671,0.006316180340945721
2327,0.0018111892277374864,0.0062565929256379604
2328,0.0018117210129275918,0.0062517570331692696
2329,0.0018117573345080018,0.006284513510763645
2330,0.0018115934217348695,0.0062767453491687775
2331,0.0018100279849022627,0.006312320940196514
2332,0.0018111083190888166,0.006371104624122381
2333,0.0018114866688847542,0.006259385496377945
2334,0.001809690147638321,0.006212066393345594
2335,0.0018096379935741425,0.006209051236510277
2336,0.0018101647729054093,0.006203900091350079
2337,0.001809238689020276,0.006273619830608368
2338,0.0018081441521644592,0.006325078662484884
2339,0.00180892797652632,0.0063486648723483086
2340,0.00180843286216259,0.006290657911449671
2341,0.0018076369306072593,0.006247685290873051
2342,0.0018082059687003493,0.006284674163907766
2343,0.0018074484542012215,0.006289300508797169
2344,0.0018065680051222444,0.006306855473667383
2345,0.001807691529393196,0.006345411296933889
2346,0.0018080463632941246,0.006253189407289028
2347,0.00180536019615829,0.006197131238877773
2348,0.0018075058469548821,0.006207948084920645
2349,0.001808665692806244,0.006230406928807497
2350,0.0018075630068778992,0.006261812057346106
2351,0.0018061104929074645,0.006354740355163813
2352,0.001804762752726674,0.006391126662492752
2353,0.0018077654531225562,0.00637565553188324
2354,0.001806622021831572,0.006299547851085663
2355,0.001804149360395968,0.006199372000992298
2356,0.0018051397055387497,0.006220482289791107
2357,0.0018044427270069718,0.006255108863115311
2358,0.0018033260712400079,0.006255527026951313
2359,0.0018040478462353349,0.00634788628667593
2360,0.0018039628630504012,0.006311354693025351
2361,0.0018019989365711808,0.006258806679397821
2362,0.0018023557495325804,0.006297992076724768
2363,0.00180254562292248,0.006316578481346369
2364,0.001801860285922885,0.006341176573187113
2365,0.001800823607482016,0.0063691153191030025
2366,0.0018014457309618592,0.006372193340212107
2367,0.0018003961304202676,0.006286288611590862
2368,0.0017999106785282493,0.006238841917365789
2369,0.0018006318714469671,0.006290253251791
2370,0.0018004734301939607,0.006277161650359631
2371,0.001798937446437776,0.0063081905245780945
2372,0.001800303696654737,0.006383385509252548
2373,0.001800545142032206,0.006256029009819031
2374,0.0017983391880989075,0.006242231000214815
2375,0.0017991556087508798,0.006349409464746714
2376,0.0017997609684243798,0.006303890608251095
2377,0.0017973778303712606,0.0063415402546525
2378,0.001798395300284028,0.00644204905256629
2379,0.001800190657377243,0.006267280783504248
2380,0.0017968077445402741,0.006248519755899906
2381,0.001796834752894938,0.006363159976899624
2382,0.0017993279034271836,0.0062442971393466
2383,0.0017973814392462373,0.006303264759480953
2384,0.0017948694294318557,0.006342103239148855
2385,0.0017948625609278679,0.006293861661106348
2386,0.001797359436750412,0.006391326896846294
2387,0.0017957387026399374,0.006314744707196951
2388,0.0017949508037418127,0.006246638484299183
2389,0.0017967730527743697,0.0063879587687551975
2390,0.001795858726836741,0.006366443820297718
2391,0.0017935836222022772,0.006339798215776682
2392,0.001793544040992856,0.006371394731104374
2393,0.0017937461379915476,0.0062641846016049385
2394,0.001793482108041644,0.006291615776717663
2395,0.0017929740715771914,0.006342973560094833
2396,0.0017924727872014046,0.006282241549342871
2397,0.0017919890815392137,0.006348001305013895
2398,0.0017914616037160158,0.006307709030807018
2399,0.0017911542672663927,0.006323929876089096
2400,0.0017911199247464538,0.006304103881120682
2401,0.0017906203866004944,0.006327071227133274
2402,0.001790722250007093,0.00638422230258584
2403,0.0017904468113556504,0.006301075220108032
2404,0.0017912298208102584,0.006349152885377407
2405,0.0017897601937875152,0.006300552748143673
2406,0.0017886364366859198,0.00628874683752656
2407,0.0017883538966998458,0.006373087875545025
2408,0.0017892823088914156,0.006306227296590805
2409,0.0017878180369734764,0.006346217356622219
2410,0.0017880738014355302,0.006445419974625111
2411,0.0017902724212035537,0.006293655373156071
2412,0.0017890181625261903,0.006360671017318964
2413,0.0017860591178759933,0.006428765598684549
2414,0.0017872664611786604,0.006308304611593485
2415,0.0017872343305498362,0.006326631642878056
2416,0.0017860566731542349,0.006307155825197697
2417,0.0017855580663308501,0.006237073801457882
2418,0.001787089160643518,0.0063621886074543
2419,0.0017871663440018892,0.00628594309091568
2420,0.001785094616934657,0.006306775845587254
2421,0.0017841493245214224,0.006360185798257589
2422,0.0017840869259089231,0.006332365330308676
2423,0.0017834492027759552,0.0063809724524617195
2424,0.0017825989052653313,0.006421953439712524
2425,0.0017827702686190605,0.0063812704756855965
2426,0.0017816496547311544,0.00632626935839653
2427,0.0017822037916630507,0.006372573785483837
2428,0.0017838903004303575,0.006285744719207287
2429,0.0017819734057411551,0.006320248357951641
2430,0.0017807666445150971,0.006415250711143017
2431,0.0017840858781710267,0.00627908855676651
2432,0.001783469459041953,0.006374436430633068
2433,0.001781022408977151,0.006361094769090414
2434,0.001780068501830101,0.006311668548732996
2435,0.001781063387170434,0.006430281791836023
2436,0.0017830189317464828,0.006308902055025101
2437,0.0017799657071009278,0.006346589885652065
2438,0.0017797050531953573,0.006460854317992926
2439,0.0017838950734585524,0.006258697248995304
2440,0.0017832964658737183,0.00635960977524519
2441,0.0017797074979171157,0.006344436667859554
2442,0.0017783620860427618,0.006273276172578335
2443,0.0017804969102144241,0.006442056503146887
2444,0.0017782017821446061,0.006412445101886988
2445,0.0017770929262042046,0.006367613561451435
2446,0.0017762063071131706,0.006400067359209061
2447,0.0017786866519600153,0.006282348185777664
2448,0.0017787886317819357,0.006329971365630627
2449,0.0017766377422958612,0.0064275236800313
2450,0.0017763624200597405,0.006385906133800745
2451,0.0017771392595022917,0.006449794862419367
2452,0.0017762823263183236,0.006386008113622665
2453,0.001773927127942443,0.0062586357817053795
2454,0.001775385462678969,0.006291097495704889
2455,0.0017744796350598335,0.006299670785665512
2456,0.001773602096363902,0.0063222115859389305
2457,0.0017744718352332711,0.006428965833038092
2458,0.0017750082770362496,0.0063429237343370914
2459,0.0017727300291880965,0.0063862367533147335
2460,0.0017725651850923896,0.006373333744704723
2461,0.0017728747334331274,0.006354162003844976
2462,0.001772662391886115,0.006445280276238918
2463,0.0017716732108965516,0.0064399754628539085
2464,0.0017726775258779526,0.006419098470360041
2465,0.0017717111622914672,0.006355103105306625
2466,0.0017704203492030501,0.006264335010200739
2467,0.001771165058016777,0.00632189866155386
2468,0.0017702259356155992,0.006338456179946661
2469,0.0017687252257019281,0.006364892236888409
2470,0.0017683764453977346,0.0063722706399858
2471,0.001768047921359539,0.006337459199130535
2472,0.0017686676001176238,0.006405764725059271
2473,0.0017689220840111375,0.006393386982381344
2474,0.0017676141578704119,0.006394953932613134
2475,0.0017678339499980211,0.006360013037919998
2476,0.0017668248619884253,0.006360988132655621
2477,0.0017669161316007376,0.006395651958882809
2478,0.0017666693311184645,0.006389291491359472
2479,0.0017670110100880265,0.006310976110398769
2480,0.0017668965738266706,0.0063182273879647255
2481,0.0017664988990873098,0.006370434071868658
2482,0.0017664360348135233,0.006369637791067362
2483,0.0017653333488851786,0.006450488232076168
2484,0.0017661515157669783,0.006401608232408762
2485,0.0017648078501224518,0.006422757171094418
2486,0.0017636878183111548,0.006384324282407761
2487,0.0017628229688853025,0.006359445862472057
2488,0.0017630904912948608,0.006406213156878948
2489,0.001761940075084567,0.006387692876160145
2490,0.0017630159854888916,0.0063856011256575584
2491,0.0017614711541682482,0.006328036077320576
2492,0.001763142878189683,0.006301850080490112
2493,0.0017628336790949106,0.0063944244757294655
2494,0.0017617803532630205,0.00638230238109827
2495,0.0017621353035792708,0.006419479846954346
2496,0.00176156684756279,0.006363142281770706
2497,0.0017598634585738182,0.0063057951629161835
2498,0.0017606888432055712,0.006396090146154165
2499,0.0017604231834411621,0.006366446614265442
2500,0.0017589794006198645,0.006385398097336292
2501,0.0017596384277567267,0.006368906702846289
2502,0.0017583046574145555,0.006389673799276352
2503,0.0017587341135367751,0.006403432693332434
2504,0.0017574753146618605,0.006412677466869354
2505,0.0017590399365872145,0.006327973213046789
2506,0.0017579849809408188,0.006389030255377293
2507,0.0017587257316336036,0.006332306656986475
2508,0.0017567106988281012,0.006354552693665028
2509,0.0017559971893206239,0.0064537180587649345
2510,0.001758713275194168,0.006322490982711315
2511,0.0017584951128810644,0.006417642347514629
2512,0.0017568115144968033,0.006349506787955761
2513,0.0017548247706145048,0.006322002969682217
2514,0.0017553886864334345,0.006448458880186081
2515,0.00175543874502182,0.006391743663698435
2516,0.0017564250156283379,0.006433721631765366
2517,0.0017544727306813002,0.00638160016387701
2518,0.0017539383843541145,0.006283699069172144
2519,0.0017558641266077757,0.00640969630330801
2520,0.0017543975263834,0.006369654089212418
2521,0.0017537653911858797,0.006397321820259094
2522,0.0017519056564196944,0.006397023797035217
2523,0.001752406358718872,0.006296074483543634
2524,0.001753923250362277,0.006409511901438236
2525,0.001752193784341216,0.00641099875792861
2526,0.0017510134493932128,0.006396324373781681
2527,0.0017528682947158813,0.006502175237983465
2528,0.00175379472784698,0.006312371231615543
2529,0.0017531331395730376,0.0063980743288993835
2530,0.0017493285704404116,0.006432815454900265
2531,0.0017497374210506678,0.006326674018055201
2532,0.0017494972562417388,0.006369465496391058
2533,0.0017497461521998048,0.006311176810413599
2534,0.0017486294964328408,0.006328515708446503
2535,0.0017484442796558142,0.006433350034058094
2536,0.0017486134311184287,0.006390911526978016
2537,0.0017470435705035925,0.0063637918792665005
2538,0.0017470356542617083,0.006454344838857651
2539,0.0017513625789433718,0.006284306291490793
2540,0.0017503879498690367,0.006408941000699997
2541,0.0017460525268688798,0.0064544775523245335
2542,0.0017472751205787063,0.0063719116151332855
2543,0.0017472222680225968,0.006411994341760874
2544,0.0017461298266425729,0.006331117358058691
2545,0.001745459041558206,0.006370370741933584
2546,0.0017443153774365783,0.006450931075960398
2547,0.001743939472362399,0.006416766904294491
2548,0.0017457582289353013,0.006493179593235254
2549,0.0017438955837860703,0.0063926056027412415
2550,0.0017434380715712905,0.006417621858417988
2551,0.0017434958135709167,0.006375741213560104
2552,0.0017425988335162401,0.006391278002411127
2553,0.0017412879969924688,0.006470956839621067
2554,0.0017432136228308082,0.006428651511669159
2555,0.001741585903801024,0.006349337287247181
2556,0.0017408976564183831,0.006322421133518219
2557,0.001741758780553937,0.006361925508826971
2558,0.001740852603688836,0.006387922912836075
2559,0.0017389632994309068,0.006442244164645672
2560,0.001739421277306974,0.006377848330885172
2561,0.0017388075357303023,0.006369671784341335
2562,0.001738687977194786,0.006397261284291744
2563,0.0017384974053129554,0.006369750946760178
2564,0.001738005317747593,0.0063939704559743404
2565,0.0017386134713888168,0.006325151771306992
2566,0.0017381353536620736,0.006405034568160772
2567,0.0017371218418702483,0.00644115824252367
2568,0.0017373042646795511,0.006427678279578686
2569,0.0017365269595757127,0.006395354866981506
2570,0.0017370659625157714,0.0063461377285420895
2571,0.0017375752795487642,0.006418297532945871
2572,0.001736809266731143,0.006420745514333248
2573,0.001735150464810431,0.006473942194133997
2574,0.0017356047173961997,0.006517876870930195
2575,0.0017359222983941436,0.006363547407090664
2576,0.0017355416202917695,0.006372439209371805
2577,0.0017347389366477728,0.006403717212378979
2578,0.001734072109684348,0.006361520383507013
2579,0.001735777361318469,0.006473866757005453
2580,0.0017360143829137087,0.006322813220322132
2581,0.0017330488190054893,0.006327047012746334
2582,0.0017322435742244124,0.006433187983930111
2583,0.0017337460303679109,0.0063455067574977875
2584,0.0017353268340229988,0.0064773596823215485
2585,0.0017340665217489004,0.006358870770782232
2586,0.0017314668511971831,0.006417731288820505
2587,0.001730149844661355,0.006491128355264664
2588,0.0017334906151518226,0.006312422454357147
2589,0.00173657457344234,0.006504388991743326
2590,0.0017364922678098083,0.006341426633298397
2591,0.00173140037804842,0.00638885423541069
2592,0.0017285343492403626,0.006484524812549353
2593,0.0017308784881606698,0.0063446625135838985
2594,0.0017298178281635046,0.006391106639057398
2595,0.0017305556684732437,0.006325195077806711
2596,0.0017302464693784714,0.00637831911444664
2597,0.0017285061767324805,0.006494279019534588
2598,0.0017277684528380632,0.006471388973295689
2599,0.0017307333182543516,0.006558944471180439
2600,0.0017295477446168661,0.006373284850269556
2601,0.0017269462114199996,0.006327006034553051
2602,0.001727547263726592,0.0063989064656198025
2603,0.0017280776519328356,0.006330004893243313
2604,0.0017268111696466804,0.006465586367994547
2605,0.0017268949886783957,0.006488470826297998
2606,0.001726086949929595,0.00635173823684454
2607,0.0017257870640605688,0.00642650481313467
2608,0.001725731766782701,0.006405604537576437
2609,0.0017241232562810183,0.006405920721590519
2610,0.0017232175450772047,0.006529286503791809
2611,0.0017265884671360254,0.006354125682264566
2612,0.0017288748640567064,0.006496649235486984
2613,0.0017262758919969201,0.006337125785648823
2614,0.001722215674817562,0.006360399536788464
2615,0.0017218058928847313,0.006374781485646963
2616,0.001721591455861926,0.006344685796648264
2617,0.0017220821464434266,0.006465586367994547
2618,0.001720947795547545,0.006434320472180843
2619,0.001721054082736373,0.006471256725490093
2620,0.0017196715343743563,0.006386013235896826
2621,0.0017196886474266648,0.0063352519646286964
2622,0.0017205486074090004,0.006442411337047815
2623,0.001720569794997573,0.006394579075276852
2624,0.0017195937689393759,0.006482033524662256
2625,0.0017188753699883819,0.00640439335256815
2626,0.0017175888642668724,0.006444585509598255
2627,0.0017168649937957525,0.006466352846473455
2628,0.0017187362536787987,0.006312804762274027
2629,0.0017207417404279113,0.006485282443463802
2630,0.0017191583756357431,0.0063956184312701225
2631,0.0017187244957312942,0.006420185323804617
2632,0.0017160797724500299,0.006397132761776447
2633,0.0017179144779220223,0.0062975650653243065
2634,0.0017214796971529722,0.006499358918517828
2635,0.0017193559324368834,0.0064253732562065125
2636,0.0017175946850329638,0.006527259014546871
2637,0.0017156159738078713,0.006459827534854412
2638,0.0017142693977802992,0.006323958281427622
2639,0.0017179613932967186,0.006481043063104153
2640,0.0017186899203807116,0.006349344737827778
2641,0.0017155524110421538,0.006440368480980396
2642,0.001713856472633779,0.006515304557979107
2643,0.001716296887025237,0.0062990388832986355
2644,0.001721138833090663,0.006536201573908329
2645,0.0017246741335839033,0.006317707244306803
2646,0.001716735539957881,0.006387247238308191
2647,0.0017137911636382341,0.006548216100782156
2648,0.0017180374125018716,0.006369141396135092
2649,0.0017183193704113364,0.006544201634824276
2650,0.001712681376375258,0.006479897536337376
2651,0.001710787764750421,0.006368833128362894
2652,0.0017097688978537917,0.006383778993040323
2653,0.0017144981538876891,0.006215873174369335
2654,0.0017155861714854836,0.0063828034326434135
2655,0.0017115760128945112,0.006419011391699314
2656,0.0017088325694203377,0.006453754846006632
2657,0.001713860547170043,0.006611938588321209
2658,0.001714517129585147,0.006353981792926788
2659,0.0017116389935836196,0.006420462392270565
2660,0.001709825941361487,0.006458961870521307
2661,0.0017095353687182069,0.006394306663423777
2662,0.0017101329285651445,0.006604068912565708
2663,0.0017132980283349752,0.006401282735168934
2664,0.0017117541283369064,0.006489825900644064
2665,0.0017073762137442827,0.006378050893545151
2666,0.0017049427842721343,0.006360132247209549
2667,0.0017045957501977682,0.00648460304364562
2668,0.001704989350400865,0.006396578159183264
2669,0.0017043345142155886,0.00640522176399827
2670,0.001704201102256775,0.006398194469511509
2671,0.0017044361447915435,0.006435827352106571
2672,0.0017034418415278196,0.006522157229483128
2673,0.001702080830000341,0.0065223039127886295
2674,0.0017042970284819603,0.0065412744879722595
2675,0.001702351844869554,0.00636920565739274
2676,0.0017023764085024595,0.0063315024599432945
2677,0.0017031205352395773,0.006395735777914524
2678,0.0017023535910993814,0.006371793337166309
2679,0.0017008822178468108,0.006500943563878536
2680,0.0017015660414472222,0.006396603770554066
2681,0.0017010221490636468,0.006462663412094116
2682,0.0017013238975778222,0.006363776512444019
2683,0.001701228553429246,0.006444730795919895
2684,0.0016992392484098673,0.0065023028291761875
2685,0.0016979867359623313,0.006477798335254192
2686,0.001702119829133153,0.0065694535151124
2687,0.00170198455452919,0.0063279764726758
2688,0.0016991312149912119,0.006354943849146366
2689,0.0016980443615466356,0.006405130960047245
2690,0.0016978196799755096,0.00636123213917017
2691,0.0016988522838801146,0.006553175393491983
2692,0.0017017095815390348,0.006374350283294916
2693,0.0017001789528876543,0.00652859453111887
2694,0.00169566145632416,0.006508775986731052
2695,0.0016957505140453577,0.006430076900869608
2696,0.0016952797304838896,0.006462438963353634
2697,0.001697490573860705,0.006291391793638468
2698,0.0016988388961181045,0.006451399065554142
2699,0.0016959260683506727,0.006410940550267696
2700,0.001693988568149507,0.0064616636373102665
2701,0.0016924425726756454,0.006435511168092489
2702,0.001692165620625019,0.006432422902435064
2703,0.0016929886769503355,0.00636619608849287
2704,0.0016931243008002639,0.006433009169995785
2705,0.0016918433830142021,0.006452652625739574
2706,0.0016905684024095535,0.006467630621045828
2707,0.0016909933183342218,0.006412182003259659
2708,0.001690445700660348,0.006463339086622
2709,0.0016902417410165071,0.006426261272281408
2710,0.0016893474385142326,0.0064642345532774925
2711,0.0016906025120988488,0.00638444721698761
2712,0.0016901667695492506,0.006486985832452774
2713,0.001689581898972392,0.006451093591749668
2714,0.001688415533863008,0.006400279700756073
2715,0.0016895055305212736,0.006533051375299692
2716,0.001693694619461894,0.006321956869214773
2717,0.0016964215319603682,0.00655872980132699
2718,0.001700483844615519,0.0063141947612166405
2719,0.0016937225591391325,0.00647198548540473
2720,0.0016883512726053596,0.006533966399729252
2721,0.0016878893366083503,0.0064106350764632225
2722,0.0016962928930297494,0.00662334356456995
2723,0.0017000061925500631,0.006281306501477957
2724,0.0016983591485768557,0.006457477807998657
2725,0.0016888771206140518,0.006446386221796274
2726,0.0016855088761076331,0.006382686551660299
2727,0.001692827558144927,0.006675393786281347
2728,0.001701342174783349,0.0063275969587266445
2729,0.0017027665162459016,0.006588246673345566
2730,0.0016964143142104149,0.006368571426719427
2731,0.0016867158701643348,0.006433635018765926
2732,0.0016838632291182876,0.0066498443484306335
2733,0.0016892366111278534,0.00644329097121954
2734,0.001697818748652935,0.00665335264056921
2735,0.001691995421424508,0.006362363696098328
2736,0.0016862584743648767,0.006402031984180212
2737,0.001685479306615889,0.006417912431061268
2738,0.0016848554369062185,0.0063963597640395164
2739,0.0016837648581713438,0.006642874330282211
2740,0.0016861537005752325,0.006569656077772379
2741,0.0016844032797962427,0.006487397011369467
2742,0.0016792205860838294,0.006445608101785183
2743,0.0016839768504723907,0.006291759200394154
2744,0.0016873186687007546,0.006433396600186825
2745,0.001684008864685893,0.006475784815847874
2746,0.0016800661105662584,0.006522667594254017
2747,0.0016820315504446626,0.006653112825006247
2748,0.0016840591561049223,0.006523425225168467
2749,0.001682201400399208,0.006491947919130325
2750,0.0016787005588412285,0.006410668138414621
2751,0.001677449094131589,0.006326077040284872
2752,0.00167851522564888,0.00641172518953681
2753,0.0016771561931818724,0.006435506045818329
2754,0.001678443280979991,0.006544289644807577
2755,0.0016788251232355833,0.006499672774225473
2756,0.0016768031055107713,0.006503059528768063
2757,0.0016782168531790376,0.006514792330563068
2758,0.0016780173173174262,0.006566735915839672
2759,0.0016754254465922713,0.006612774915993214
2760,0.0016764530446380377,0.006619902793318033
2761,0.0016763610765337944,0.006458648946136236
2762,0.0016732607036828995,0.006405278109014034
2763,0.0016735572135075927,0.00640574935823679
2764,0.0016730312490835786,0.006393812596797943
2765,0.0016729716444388032,0.0065038176253438
2766,0.001674185274168849,0.006414732430130243
2767,0.0016740355640649796,0.006567788776010275
2768,0.0016763523453846574,0.00643612165004015
2769,0.0016755327815189958,0.006575989071279764
2770,0.0016722275177016854,0.0065960632637143135
2771,0.0016708557959645987,0.00651888083666563
2772,0.0016741275321692228,0.00661063427105546
2773,0.0016774125397205353,0.006294152233749628
2774,0.0016797514399513602,0.006481975317001343
2775,0.0016820095479488373,0.006262145936489105
2776,0.0016757569974288344,0.006392178125679493
2777,0.001670739846304059,0.006575027946382761
2778,0.0016732905060052872,0.006469900719821453
2779,0.001678273780271411,0.006744906306266785
2780,0.0016766706248745322,0.006518630776554346
2781,0.001671007601544261,0.006507956888526678
2782,0.0016692511271685362,0.006388423033058643
2783,0.0016704041045159101,0.0063766054809093475
2784,0.0016696408856660128,0.006512233521789312
2785,0.0016681387787684798,0.006490726955235004
2786,0.0016685680020600557,0.006521199829876423
2787,0.001665980787947774,0.006463089492172003
2788,0.0016675241058692336,0.0064253658056259155
2789,0.001668691635131836,0.006537135690450668
2790,0.0016673387726768851,0.0065095750615000725
2791,0.00166546949185431,0.006607661489397287
2792,0.0016662890557199717,0.006570735014975071
2793,0.0016644245479255915,0.006393262185156345
2794,0.0016650814795866609,0.0064328438602387905
2795,0.0016657909145578742,0.006399998906999826
2796,0.0016648141900077462,0.006468490697443485
2797,0.0016634322237223387,0.006557989865541458
2798,0.001665423042140901,0.00653440598398447
2799,0.001662018708884716,0.0064580379985272884
2800,0.0016628429293632507,0.006439276039600372
2801,0.001664087176322937,0.006498420145362616
2802,0.0016638176748529077,0.00649984460324049
2803,0.0016630224417895079,0.006571953184902668
2804,0.0016617669025436044,0.00658947741612792
2805,0.0016624567797407508,0.006517814006656408
2806,0.001659881672821939,0.006393875926733017
2807,0.001660246984101832,0.006442639976739883
2808,0.0016608170699328184,0.0063919671811163425
2809,0.0016616262728348374,0.006499148905277252
2810,0.001660575158894062,0.006414639763534069
2811,0.0016593734035268426,0.006483527831733227
2812,0.001658744178712368,0.006582758389413357
2813,0.0016586945857852697,0.0065412200056016445
2814,0.0016610377933830023,0.006641906686127186
2815,0.0016618752852082253,0.006399313919246197
2816,0.0016629267483949661,0.006554380990564823
2817,0.0016611540922895074,0.006408475339412689
2818,0.0016573357861489058,0.006498606409877539
2819,0.0016570677980780602,0.0065345363691449165
2820,0.0016584886470809579,0.0063372948206961155
2821,0.001659805653616786,0.006507072597742081
2822,0.0016655430663377047,0.00632249703630805
2823,0.0016633846098557115,0.006537161767482758
2824,0.0016582657117396593,0.00657605892047286
2825,0.0016568474238738418,0.006519163493067026
2826,0.0016598983202129602,0.0066491058096289635
2827,0.001660435227677226,0.006409291177988052
2828,0.0016584929544478655,0.0064781359396874905
2829,0.0016548484563827515,0.006384352687746286
2830,0.0016530565917491913,0.006380611099302769
2831,0.0016539506614208221,0.0065171243622899055
2832,0.0016587870195508003,0.006329177413135767
2833,0.0016654481878504157,0.006672941148281097
2834,0.001671296893619001,0.006372225936502218
2835,0.0016684342408552766,0.006709803827106953
2836,0.0016650122124701738,0.006498493254184723
2837,0.0016555000329390168,0.0066140322014689445
2838,0.0016501577338203788,0.006692050490528345
2839,0.0016539912903681397,0.006445369683206081
2840,0.0016543830279260874,0.0065134740434587
2841,0.0016582140233367682,0.006247181911021471
2842,0.0016586948186159134,0.0064216009341180325
2843,0.0016537245828658342,0.006449246313422918
2844,0.0016506502870470285,0.0064797899685800076
2845,0.0016522698570042849,0.006679785903543234
2846,0.0016542976954951882,0.00651632621884346
2847,0.0016527697443962097,0.006607369519770145
2848,0.0016490531852468848,0.006478630937635899
2849,0.0016470898408442736,0.006418631412088871
2850,0.0016488495748490095,0.006509353406727314
2851,0.0016538172494620085,0.006302008870989084
2852,0.0016603190451860428,0.006630591116845608
2853,0.0016647910233587027,0.006368421949446201
2854,0.0016618858790025115,0.006678621284663677
2855,0.0016563624376431108,0.006497638765722513
2856,0.0016484849620610476,0.006591202225536108
2857,0.0016458065947517753,0.006659471429884434
2858,0.001648109988309443,0.006449180189520121
2859,0.0016476195305585861,0.006526546087116003
2860,0.0016465720254927874,0.006425558123737574
2861,0.0016442220658063889,0.006477396935224533
2862,0.0016442429041489959,0.006554972380399704
2863,0.0016462092753499746,0.006383965723216534
2864,0.001652477658353746,0.006651288364082575
2865,0.0016590070445090532,0.006332044489681721
2866,0.0016595895867794752,0.006668148096650839
2867,0.0016525627579540014,0.006520292721688747
2868,0.0016447787638753653,0.006563407368957996
2869,0.001641102833673358,0.006560592912137508
2870,0.0016418450977653265,0.006455590482801199
2871,0.0016429271781817079,0.006588742136955261
2872,0.0016426693182438612,0.006491964217275381
2873,0.0016446802765130997,0.0065847523510456085
2874,0.0016424276400357485,0.006428133696317673
2875,0.00164270238019526,0.006561747752130032
2876,0.0016450064722448587,0.006426655687391758
2877,0.0016437474405393004,0.00661695608869195
2878,0.001640001661144197,0.006600480526685715
2879,0.0016404993366450071,0.006591209210455418
2880,0.00163857894949615,0.006494075991213322
2881,0.0016387898940593004,0.006409534253180027
2882,0.0016401329776272178,0.0065272534266114235
2883,0.001639840891584754,0.006466926075518131
2884,0.0016391091048717499,0.006610168609768152
2885,0.0016410673270002007,0.006440908648073673
2886,0.0016410259995609522,0.006595960818231106
2887,0.0016383801121264696,0.006486587226390839
2888,0.0016372280661016703,0.006516532506793737
2889,0.001636457396671176,0.006426003761589527
2890,0.001636238768696785,0.006508135236799717
2891,0.0016347455093637109,0.006548626814037561
2892,0.0016364690382033587,0.006576455198228359
2893,0.0016339172143489122,0.006509069353342056
2894,0.0016349941724911332,0.006629839539527893
2895,0.0016400037566199899,0.0064296298660337925
2896,0.0016424860805273056,0.0066871256567537785
2897,0.0016399696469306946,0.006516601890325546
2898,0.0016385272610932589,0.006621163338422775
2899,0.001635719439946115,0.006438286509364843
2900,0.001634980202652514,0.006538909859955311
2901,0.0016331676160916686,0.006512447260320187
2902,0.0016324486350640655,0.0064385621808469296
2903,0.0016355070983991027,0.00666060671210289
2904,0.0016439368482679129,0.006366297602653503
2905,0.0016487222164869308,0.006714023649692535
2906,0.0016449596732854843,0.006460824515670538
2907,0.001638483488932252,0.0065827080979943275
2908,0.001633504405617714,0.006450934801250696
2909,0.0016315423417836428,0.006496350280940533
2910,0.0016294477973133326,0.006595782935619354
2911,0.0016307074110955,0.006511032581329346
2912,0.0016292165964841843,0.006506355945020914
2913,0.001631335006095469,0.006429007742553949
2914,0.0016321440925821662,0.0065651037730276585
2915,0.0016301373252645135,0.006551098078489304
2916,0.001629048609174788,0.006646287627518177
2917,0.0016298016998916864,0.006466662045568228
2918,0.001631073304452002,0.006605545524507761
2919,0.001630599843338132,0.0064531066454946995
2920,0.0016310981009155512,0.006555906496942043
2921,0.0016303621232509613,0.006404944695532322
2922,0.0016301516443490982,0.006588977761566639
2923,0.001628042897209525,0.006537184119224548
2924,0.0016258260002359748,0.00650888541713357
2925,0.0016269102925434709,0.0066789002157747746
2926,0.001636561588384211,0.006379426922649145
2927,0.0016463638748973608,0.0068032569251954556
2928,0.001647415803745389,0.0064637064933776855
2929,0.001644295989535749,0.0067331185564398766
2930,0.0016383444890379906,0.006407542619854212
2931,0.0016316476976498961,0.006551798433065414
2932,0.001630905782803893,0.006401201244443655
2933,0.001627342775464058,0.00647374102845788
2934,0.0016250039916485548,0.00660873856395483
2935,0.0016263157594949007,0.006518040783703327
2936,0.0016295710811391473,0.006733392830938101
2937,0.0016302618896588683,0.006496871821582317
2938,0.0016299483831971884,0.006593691650778055
2939,0.0016300065908581018,0.0063509149476885796
2940,0.0016301029827445745,0.006531767547130585
2941,0.0016249436885118484,0.006550665013492107
2942,0.0016219245735555887,0.006596596445888281
2943,0.001621931092813611,0.006602349225431681
2944,0.001622069044969976,0.00646630022674799
2945,0.001625106087885797,0.006664925254881382
2946,0.0016261276323348284,0.006507026497274637
2947,0.0016265849117189646,0.006689933128654957
2948,0.0016278040129691362,0.006439926568418741
2949,0.0016272012144327164,0.006627448834478855
2950,0.001623349031433463,0.006516413297504187
2951,0.0016215338837355375,0.006566789932549
2952,0.0016192069742828608,0.006507879588752985
2953,0.001618661917746067,0.006587414536625147
2954,0.0016205704305320978,0.006513865198940039
2955,0.0016204521525651217,0.0066838013008236885
2956,0.001619894988834858,0.006600617431104183
2957,0.0016224810387939215,0.006673609372228384
2958,0.0016203268896788359,0.0064459266141057014
2959,0.0016213699709624052,0.006588629446923733
2960,0.0016278056427836418,0.0063535301014781
2961,0.0016275260131806135,0.006602414883673191
2962,0.0016214301576837897,0.006590949837118387
2963,0.0016174750635400414,0.006665053777396679
2964,0.001620071241632104,0.00672246515750885
2965,0.0016208849847316742,0.006412097252905369
2966,0.0016281543066725135,0.006682533770799637
2967,0.0016325045144185424,0.006376340985298157
2968,0.001628479571081698,0.0066503300331532955
2969,0.0016278751427307725,0.006439549382776022
2970,0.0016219280660152435,0.006663373205810785
2971,0.00161982630379498,0.006530533544719219
2972,0.00161644141189754,0.006661991123110056
2973,0.001613696338608861,0.0066518462263047695
2974,0.001614459790289402,0.006479875184595585
2975,0.0016194519121199846,0.006718922406435013
2976,0.0016238961834460497,0.006426681764423847
2977,0.0016272803768515587,0.006692787166684866
2978,0.001629323116503656,0.006358155515044928
2979,0.0016265504527837038,0.006651239935308695
2980,0.001617895090021193,0.006589299533516169
2981,0.0016131987795233727,0.006657464895397425
2982,0.0016111826989799738,0.006628428585827351
2983,0.0016123022651299834,0.0064887902699410915
2984,0.0016165949637070298,0.006693738047033548
2985,0.001617566915228963,0.006516675464808941
2986,0.0016169724985957146,0.006702577229589224
2987,0.001618953188881278,0.006425017956644297
2988,0.0016190198948606849,0.006649911403656006
2989,0.0016152734169736505,0.0065011195838451385
2990,0.0016135567566379905,0.0065929703414440155
2991,0.0016109300777316093,0.006506427191197872
2992,0.001610197126865387,0.006600707769393921
2993,0.0016078364569693804,0.006677066441625357
2994,0.0016093722078949213,0.00663731386885047
2995,0.001608210033737123,0.006600657943636179
2996,0.0016093129524961114,0.0065333605743944645
2997,0.0016098851338028908,0.006633245851844549
2998,0.0016082357615232468,0.006603839807212353
2999,0.001609745784662664,0.006660181097686291
3000,0.0016094138845801353,0.006486567202955484
3001,0.0016102634835988283,0.006636417470872402
3002,0.0016097396146506071,0.006500063929706812
3003,0.0016098549822345376,0.006653313525021076
3004,0.0016105088870972395,0.006498381495475769
3005,0.0016102042282000184,0.006708099041134119
3006,0.0016085354145616293,0.006614065729081631
3007,0.0016099034110084176,0.006682912353426218
3008,0.001607295824214816,0.006503844168037176
3009,0.0016078989719972014,0.006615622900426388
3010,0.001613286673091352,0.006426057778298855
3011,0.0016139441868290305,0.006717503070831299
3012,0.001610724488273263,0.00660429522395134
3013,0.0016112960875034332,0.0067668212577700615
3014,0.0016090262215584517,0.006511481013149023
3015,0.0016096433391794562,0.006665104068815708
3016,0.0016081392532214522,0.006500812713056803
3017,0.0016052620485424995,0.006622571498155594
3018,0.0016047783428803086,0.006607521325349808
3019,0.001603987766429782,0.006490100175142288
3020,0.0016046935925260186,0.006641873624175787
3021,0.0016049366677179933,0.006581994704902172
3022,0.0016037896275520325,0.006763473153114319
3023,0.0016044573858380318,0.006662457250058651
3024,0.0016010936815291643,0.006568319164216518
3025,0.001602266333065927,0.0065423185005784035
3026,0.0016033857828006148,0.006542886607348919
3027,0.0016023644711822271,0.006597994826734066
3028,0.0016009606188163161,0.006636868230998516
3029,0.0016006284859031439,0.006675367709249258
3030,0.0016032110434025526,0.006630901247262955
3031,0.0016004260396584868,0.00646574329584837
3032,0.0016030756523832679,0.00661744549870491
3033,0.001605442725121975,0.0064855157397687435
3034,0.001604476710781455,0.006754923611879349
3035,0.001605181023478508,0.006606116890907288
3036,0.0016021676128730178,0.006628270260989666
3037,0.001599744544364512,0.006529221776872873
3038,0.0015999047318473458,0.006628755480051041
3039,0.0015982177574187517,0.00665722182020545
3040,0.001599227311089635,0.006723182741552591
3041,0.0015983011107891798,0.006580493412911892
3042,0.0015977255534380674,0.006601212080568075
3043,0.0015984202036634088,0.006589969154447317
3044,0.001597503898665309,0.00661978404968977
3045,0.0015964407939463854,0.0066850981675088406
3046,0.0015984673518687487,0.006627599708735943
3047,0.0015952445100992918,0.006545150186866522
3048,0.0015978992450982332,0.006533212028443813
3049,0.0015985264908522367,0.006633891724050045
3050,0.0015976339345797896,0.006634026765823364
3051,0.0015967956278473139,0.006809624843299389
3052,0.0016014460707083344,0.00662213796749711
3053,0.0015967031940817833,0.0065745823085308075
3054,0.001597844297066331,0.006399729289114475
3055,0.0016016250010579824,0.0065584308467805386
3056,0.001599496928974986,0.0065554967150092125
3057,0.0015963505720719695,0.006756003946065903
3058,0.0015975754940882325,0.006729612592607737
3059,0.0015978554729372263,0.006744525395333767
3060,0.00159555918071419,0.006598837673664093
3061,0.0015926563646644354,0.006544105708599091
3062,0.0015919379657134414,0.006500941701233387
3063,0.0015936860581859946,0.006551311817020178
3064,0.001594052417203784,0.006539465393871069
3065,0.0015968471998348832,0.006797007285058498
3066,0.001601492753252387,0.006533551961183548
3067,0.0016068399418145418,0.006919801235198975
3068,0.0016214201459661126,0.00646021356806159
3069,0.0016268554609268904,0.006944972090423107
3070,0.0016228379681706429,0.006512392312288284
3071,0.001612083287909627,0.006765987724065781
3072,0.0016015606233850121,0.006542898714542389
3073,0.00159496592823416,0.006471666507422924
3074,0.0015946116764098406,0.006580023560672998
3075,0.001598891569301486,0.006361385341733694
3076,0.0016032494604587555,0.006698933430016041
3077,0.0016039086040109396,0.006512111518532038
3078,0.0015993562992662191,0.006794222630560398
3079,0.0015933305257931352,0.00673449132591486
3080,0.0015903180465102196,0.00672139972448349
3081,0.0015885712346062064,0.006599492393434048
3082,0.0015888072084635496,0.006613792385905981
3083,0.0015886997571215034,0.006588504649698734
3084,0.0015899122226983309,0.006669687572866678
3085,0.001589472172781825,0.006529130972921848
3086,0.0015908703207969666,0.006709575653076172
3087,0.0015901854494586587,0.006656191311776638
3088,0.0015887590125203133,0.006822577677667141
3089,0.0015894535463303328,0.006717802491039038
3090,0.001585301710292697,0.006592898163944483
3091,0.001587244332768023,0.00670291343703866
3092,0.0015919909346848726,0.006501185707747936
3093,0.0015978331211954355,0.006835527718067169
3094,0.00161107222083956,0.006425024475902319
3095,0.0016274098306894302,0.007039912045001984
3096,0.0016547177219763398,0.00633843382820487
3097,0.001661131507717073,0.007025323808193207
3098,0.0016406445065513253,0.006519765593111515
3099,0.001606800826266408,0.006762675940990448
3100,0.0015867311740294099,0.006785544101148844
3101,0.0015892356168478727,0.0064810821786522865
3102,0.0016069567063823342,0.00687320064753294
3103,0.0016365315532311797,0.006229095626622438
3104,0.0016464523505419493,0.006802061107009649
3105,0.0016235230723395944,0.006499832030385733
3106,0.001591854146681726,0.006673610303550959
3107,0.0015843159053474665,0.00697316974401474
3108,0.0016013700515031815,0.00654988270252943
3109,0.0016246780287474394,0.007015914656221867
3110,0.0016445079818367958,0.006283807102590799
3111,0.0016376670682802796,0.006703519728034735
3112,0.0016048252582550049,0.0065755583345890045
3113,0.0015840170672163367,0.006553911603987217
3114,0.0015955620910972357,0.007041125558316708
3115,0.0016178932273760438,0.006548549048602581
3116,0.0016293872613459826,0.006945738103240728
3117,0.0016239183023571968,0.006355789490044117
3118,0.0016058229375630617,0.006561055779457092
3119,0.0015885813627392054,0.006681887898594141
3120,0.0015874432865530252,0.006545425858348608
3121,0.0016011802945286036,0.007073688320815563
3122,0.0016103337984532118,0.006672781892120838
3123,0.0016073003644123673,0.006865998264402151
3124,0.001594367204234004,0.006493040826171637
3125,0.0015865206951275468,0.006477887276560068
3126,0.00158721546176821,0.00666374247521162
3127,0.0015895955730229616,0.006549076177179813
3128,0.0015901947626844049,0.006914827972650528
3129,0.0015884584281593561,0.006771807558834553
3130,0.0015867690090090036,0.006769309286028147
3131,0.0015798516105860472,0.006593071855604649
3132,0.001579084200784564,0.006517638452351093
3133,0.0015811249613761902,0.0065787420608103275
3134,0.0015808980679139495,0.006582334637641907
3135,0.0015786722069606185,0.006746905855834484
3136,0.001578192925080657,0.006780239287763834
3137,0.0015804904978722334,0.006763492710888386
3138,0.0015764400595799088,0.006627959199249744
3139,0.0015771783655509353,0.0066834366880357265
3140,0.001577393733896315,0.006639060564339161
3141,0.0015761457616463304,0.006731527391821146
3142,0.0015760113019496202,0.006752316839993
3143,0.0015759195666760206,0.006593046244233847
3144,0.0015764121199026704,0.00667717307806015
3145,0.0015765121206641197,0.006662474479526281
3146,0.001574128633365035,0.006758245639503002
3147,0.001575159258209169,0.0067872582003474236
3148,0.0015746131539344788,0.0066250949166715145
3149,0.001578251481987536,0.006801671348512173
3150,0.0015860015992075205,0.006477669812738895
3151,0.0015885349130257964,0.006732379086315632
3152,0.0015818877145648003,0.006628972478210926
3153,0.0015739568043500185,0.006678818725049496
3154,0.0015740233939141035,0.006839282810688019
3155,0.0015796578954905272,0.0065821027383208275
3156,0.001586072496138513,0.006764454301446676
3157,0.0015900693833827972,0.006377312354743481
3158,0.0015923387836664915,0.006690921727567911
3159,0.0015822064597159624,0.006620134226977825
3160,0.0015714267501607537,0.006703744642436504
3161,0.0015748320147395134,0.006924896501004696
3162,0.0015857627149671316,0.006514938082545996
3163,0.0015984425554051995,0.006895182188600302
3164,0.0016108317067846656,0.006383342202752829
3165,0.0016005535144358873,0.006708931177854538
3166,0.0015793483471497893,0.00671178987249732
3167,0.00157215038780123,0.006613692734390497
3168,0.0015831533819437027,0.006974080111831427
3169,0.0015951369423419237,0.006543735507875681
3170,0.001596414134837687,0.00682294275611639
3171,0.0015949879307299852,0.006399399600923061
3172,0.0015840986743569374,0.006558038294315338
3173,0.001574703142978251,0.00671212887391448
3174,0.001575720845721662,0.006598218344151974
3175,0.0015838822582736611,0.006995093077421188
3176,0.0015863882144913077,0.006696286145597696
3177,0.001582288183271885,0.006780811585485935
3178,0.0015744274714961648,0.006517482455819845
3179,0.0015721902018412948,0.006549467798322439
3180,0.0015706414123997092,0.006636237259954214
3181,0.001570365740917623,0.006602882407605648
3182,0.0015711488667875528,0.0068521141074597836
3183,0.0015717509668320417,0.006732684560120106
3184,0.001574796624481678,0.00679006427526474
3185,0.0015699932118877769,0.006566271185874939
3186,0.0015706050908192992,0.006672418676316738
3187,0.0015687666600570083,0.0066636791452765465
3188,0.0015653020236641169,0.006744705140590668
3189,0.001569180516526103,0.006856651045382023
3190,0.0015701852971687913,0.006599432323127985
3191,0.0015705175464972854,0.006748281419277191
3192,0.0015723012620583177,0.0066227903589606285
3193,0.0015690315049141645,0.006719218101352453
3194,0.001564409933052957,0.006834664382040501
3195,0.001567416125908494,0.006712472997605801
3196,0.0015672610606998205,0.0067108250223100185
3197,0.0015673839952796698,0.006493072956800461
3198,0.001570387976244092,0.006658569909632206
3199,0.0015690738800913095,0.006603290792554617
3200,0.0015644509112462401,0.006729871034622192
3201,0.0015630589332431555,0.006793181411921978
3202,0.001564412610605359,0.006668990012258291
3203,0.0015629755798727274,0.006620562635362148
3204,0.00156359001994133,0.0066273510456085205
3205,0.001563755446113646,0.00661897799000144
3206,0.0015618496108800173,0.006754142232239246
3207,0.0015636601019650698,0.006704135797917843
3208,0.0015622994396835566,0.006645780056715012
3209,0.0015619326150044799,0.006617153529077768
3210,0.0015626249369233847,0.006676357239484787
3211,0.0015619781333953142,0.006715060211718082
3212,0.0015612344723194838,0.006771274842321873
3213,0.0015613839495927095,0.0066406987607479095
3214,0.0015650518471375108,0.006781277246773243
3215,0.001570865511894226,0.00651684170588851
3216,0.0015755454078316689,0.006855206098407507
3217,0.0015745783457532525,0.006630436517298222
3218,0.001571906148456037,0.006833368446677923
3219,0.0015696013579145074,0.006570905447006226
3220,0.0015664031961932778,0.006709236651659012
3221,0.0015616768505424261,0.006649029906839132
3222,0.0015578240854665637,0.0066781737841665745
3223,0.001561278710141778,0.0067870961502194405
3224,0.0015647958498448133,0.006536915898323059
3225,0.0015715763438493013,0.006887747906148434
3226,0.001587003469467163,0.006469462998211384
3227,0.0015880074352025986,0.006899463944137096
3228,0.001574688358232379,0.00669661071151495
3229,0.0015608699759468436,0.0067600891925394535
3230,0.0015575905563309789,0.0068851979449391365
3231,0.0015655902680009604,0.006548269186168909
3232,0.0015780687099322677,0.006856375373899937
3233,0.001594566972926259,0.006315995939075947
3234,0.0015996277797967196,0.006776238791644573
3235,0.0015816983068361878,0.0065943351946771145
3236,0.0015620136400684714,0.0067392392084002495
3237,0.0015586322406306863,0.007005797233432531
3238,0.0015704259276390076,0.006650008261203766
3239,0.0015843926230445504,0.006978912744671106
3240,0.0015969168161973357,0.006346960552036762
3241,0.0015970250824466348,0.006717400159686804
3242,0.0015792722115293145,0.006582998670637608
3243,0.0015597945312038064,0.006665807217359543
3244,0.0015595396980643272,0.007025077007710934
3245,0.0015738727524876595,0.006660177372395992
3246,0.001589668681845069,0.0069782426580786705
3247,0.0015923602040857077,0.006363575346767902
3248,0.0015876621473580599,0.006648532114923
3249,0.0015710343141108751,0.0065879314206540585
3250,0.0015571553958579898,0.006632668431848288
3251,0.0015611399430781603,0.0070649259723722935
3252,0.0015756136272102594,0.006704883184283972
3253,0.0015861630672588944,0.006985504180192947
3254,0.0015850221971049905,0.006425068713724613
3255,0.0015806782757863402,0.0066839540377259254
3256,0.0015653714071959257,0.006612455006688833
3257,0.001555380062200129,0.0066124387085437775
3258,0.0015598877798765898,0.0070246802642941475
3259,0.001571976812556386,0.006693010218441486
3260,0.0015828765463083982,0.006991242524236441
3261,0.00157860666513443,0.006485573016107082
3262,0.0015733931213617325,0.006732780486345291
3263,0.0015597317833453417,0.006664408836513758
3264,0.0015528843505308032,0.006634858436882496
3265,0.0015602821949869394,0.007014727685600519
3266,0.0015800076071172953,0.006526109762489796
3267,0.0015967655926942825,0.007001732941716909
3268,0.0016010759864002466,0.006438483949750662
3269,0.0015809384640306234,0.006722281686961651
3270,0.0015570472460240126,0.00679145660251379
3271,0.0015567702939733863,0.006587824318557978
3272,0.0015742117539048195,0.007025512866675854
3273,0.0015831019263714552,0.006567882839590311
3274,0.001570180058479309,0.006726783700287342
3275,0.0015540496679022908,0.006648907903581858
3276,0.0015524433692917228,0.006465882062911987
3277,0.0015617696335539222,0.006792472209781408
3278,0.0015651441644877195,0.0065646907314658165
3279,0.0015572956763207912,0.006805171258747578
3280,0.00155014474876225,0.006806747522205114
3281,0.0015500979498028755,0.006707935128360987
3282,0.0015475612599402666,0.006765326950699091
3283,0.001548677566461265,0.006665658205747604
3284,0.0015479212161153555,0.006770588457584381
3285,0.001548035186715424,0.006751242093741894
3286,0.001547039719298482,0.006631765514612198
3287,0.0015477447304874659,0.006741522345691919
3288,0.0015481847804039717,0.006710869260132313
3289,0.0015458938432857394,0.006851962301880121
3290,0.0015475194668397307,0.006811067461967468
3291,0.001544865546748042,0.00662834569811821
3292,0.0015473507810384035,0.006680408027023077
3293,0.0015495112165808678,0.006603404879570007
3294,0.0015477739507332444,0.006712289061397314
3295,0.0015457564732059836,0.006774296518415213
3296,0.001546014565974474,0.006727683357894421
3297,0.0015467222547158599,0.006780743598937988
3298,0.0015456581022590399,0.0066277035512030125
3299,0.0015457654371857643,0.00664359237998724
3300,0.0015438325935974717,0.006623055785894394
3301,0.001544508384540677,0.0066401115618646145
3302,0.0015440310817211866,0.006652838084846735
3303,0.0015453025698661804,0.006813862826675177
3304,0.001548288157209754,0.006691453512758017
3305,0.0015517004067078233,0.006946544162929058
3306,0.0015567345544695854,0.00665143970400095
3307,0.0015565775102004409,0.006924040615558624
3308,0.001551228342577815,0.006693578325212002
3309,0.0015479472931474447,0.006748801562935114
3310,0.0015448509948328137,0.006585878785699606
3311,0.0015434628585353494,0.006645028945058584
3312,0.0015413742512464523,0.006704793311655521
3313,0.0015410800697281957,0.006700984202325344
3314,0.001545738778077066,0.006838484201580286
3315,0.0015472127124667168,0.006586656905710697
3316,0.0015525403432548046,0.006885138340294361
3317,0.001551876775920391,0.006677308119833469
3318,0.0015488701174035668,0.0068771084770560265
3319,0.0015466554323211312,0.0066467709839344025
3320,0.0015446797478944063,0.006756628397852182
3321,0.0015394112560898066,0.006708940956741571
3322,0.0015397706301882863,0.006664366461336613
3323,0.0015387546736747026,0.0066506811417639256
3324,0.0015412481734529138,0.006604653783142567
3325,0.0015424026641994715,0.00679288525134325
3326,0.0015416586538776755,0.006748225539922714
3327,0.0015426365425810218,0.006846013478934765
3328,0.0015427570324391127,0.00660721305757761
3329,0.0015435328241437674,0.006759326905012131
3330,0.001544253434985876,0.006597734056413174
3331,0.0015412503853440285,0.006729464046657085
3332,0.0015378313837572932,0.006750802043825388
3333,0.0015378159005194902,0.00672700721770525
3334,0.001535789924673736,0.006739374250173569
3335,0.0015365991275757551,0.006723078899085522
3336,0.0015371204353868961,0.006768348161131144
3337,0.0015379341784864664,0.006765874568372965
3338,0.0015369780594483018,0.006663184612989426
3339,0.0015386154409497976,0.0067994496785104275
3340,0.0015454606618732214,0.006537414155900478
3341,0.0015511566307395697,0.006911375559866428
3342,0.0015520178712904453,0.00665074959397316
3343,0.0015539047308266163,0.006925220135599375
3344,0.0015518307918682694,0.006573016755282879
3345,0.0015503772301599383,0.00684438506141305
3346,0.0015461711445823312,0.006643492728471756
3347,0.0015389613108709455,0.0067836819216609
3348,0.001535058137960732,0.006793618202209473
3349,0.0015362717676907778,0.006575051695108414
3350,0.0015484391478821635,0.006903637200593948
3351,0.001566956751048565,0.006433527916669846
3352,0.0015758726513013244,0.0069679999724030495
3353,0.001567738363519311,0.006634225137531757
3354,0.0015485729090869427,0.006839504931122065
3355,0.0015364782884716988,0.006846126168966293
3356,0.0015374842332676053,0.006582803092896938
3357,0.0015505397459492087,0.006863838527351618
3358,0.0015715978806838393,0.006325033959001303
3359,0.0015827541938051581,0.0068525634706020355
3360,0.0015671250876039267,0.0066137188114225864
3361,0.0015415162779390812,0.006855961866676807
3362,0.00153524917550385,0.007006546948105097
3363,0.0015440670540556312,0.006645753048360348
3364,0.0015447370242327452,0.0068099587224423885
3365,0.0015569840325042605,0.006373832933604717
3366,0.0015604391228407621,0.0067249080166220665
3367,0.0015465306350961328,0.006682731211185455
3368,0.0015348781598731875,0.006809346377849579
3369,0.0015372992493212223,0.006996570620685816
3370,0.0015442038420587778,0.006693188101053238
3371,0.0015463975723832846,0.006814075168222189
3372,0.0015418760012835264,0.006477727089077234
3373,0.0015383617719635367,0.006602996028959751
3374,0.0015351192560046911,0.006642133928835392
3375,0.001532682334072888,0.006739136762917042
3376,0.001531744608655572,0.006864382419735193
3377,0.0015324708074331284,0.006771553307771683
3378,0.0015367144951596856,0.007019727025181055
3379,0.0015465380856767297,0.006663373671472073
3380,0.001550615532323718,0.0069823130033910275
3381,0.001546594430692494,0.006666233297437429
3382,0.0015441769501194358,0.006804021541029215
3383,0.0015398366376757622,0.006524947937577963
3384,0.0015370937762781978,0.006681387312710285
3385,0.001532119931653142,0.006656819023191929
3386,0.001528979861177504,0.006707984022796154
3387,0.0015285677509382367,0.006708356086164713
3388,0.00152815249748528,0.006768613122403622
3389,0.001529047847725451,0.0068153575994074345
3390,0.0015275037148967385,0.006815304514020681
3391,0.001528073800727725,0.006798265967518091
3392,0.0015281145460903645,0.0066146207973361015
3393,0.0015318348305299878,0.006801817566156387
3394,0.0015411344356834888,0.006522932555526495
3395,0.0015430415514856577,0.006857316941022873
3396,0.0015377290546894073,0.0067238835617899895
3397,0.0015323173720389605,0.006866820156574249
3398,0.0015298558864742517,0.0066621736623346806
3399,0.0015280947554856539,0.006713748909533024
3400,0.001526934327557683,0.006662759929895401
3401,0.0015248202253133059,0.00670758867636323
3402,0.0015243615489453077,0.006763480603694916
3403,0.0015275983605533838,0.006593254394829273
3404,0.0015316514763981104,0.006868538912385702
3405,0.0015345846768468618,0.006655809935182333
3406,0.0015389820327982306,0.006956797093153
3407,0.0015418471302837133,0.0065828487277030945
3408,0.0015464664902538061,0.006954173557460308
3409,0.0015535787679255009,0.006541511509567499
3410,0.001547853578813374,0.006891340017318726
3411,0.0015344424173235893,0.006756422109901905
3412,0.0015247964765876532,0.0067683020606637
3413,0.0015251418808475137,0.006926956120878458
3414,0.0015345991123467684,0.006575293838977814
3415,0.0015457650879397988,0.006883750203996897
3416,0.0015637908363714814,0.0063156140968203545
3417,0.0015712970634922385,0.0068102991208434105
3418,0.0015551806427538395,0.006583130452781916
3419,0.0015310528688132763,0.006819417234510183
3420,0.0015226064715534449,0.0070499638095498085
3421,0.0015368680469691753,0.0066953799687325954
3422,0.001542738638818264,0.006913552526384592
3423,0.0015515710692852736,0.006388553883880377
3424,0.001554933493025601,0.006737809628248215
3425,0.001542356563732028,0.006634374614804983
3426,0.001527089043520391,0.0067646699026227
3427,0.0015255478210747242,0.006964994128793478
3428,0.0015360764227807522,0.006650671362876892
3429,0.0015446599572896957,0.006900848355144262
3430,0.0015447922050952911,0.006469221320003271
3431,0.0015390824992209673,0.006698138080537319
3432,0.001529811997897923,0.006603253073990345
3433,0.0015220659552142024,0.006731619592756033
3434,0.0015195586020126939,0.006845215801149607
3435,0.0015198682667687535,0.006836931221187115
3436,0.0015188338002189994,0.006865558680146933
3437,0.0015223168302327394,0.006750710308551788
3438,0.001523197046481073,0.006901049520820379
3439,0.0015218891203403473,0.006791796535253525
3440,0.0015242027584463358,0.006864485330879688
3441,0.0015248582931235433,0.006552594248205423
3442,0.0015287840506061912,0.006742945406585932
3443,0.0015371493063867092,0.0064279548823833466
3444,0.0015368765452876687,0.006766433361917734
3445,0.001528982655145228,0.006707228720188141
3446,0.0015202992362901568,0.006839510053396225
3447,0.0015200257766991854,0.006932371761649847
3448,0.0015234581660479307,0.006694444455206394
3449,0.001525669707916677,0.006834708154201508
3450,0.001526710344478488,0.006563676055520773
3451,0.001523349666967988,0.006701748818159103
3452,0.001518596545793116,0.006672186311334372
3453,0.0015174582367762923,0.006714976392686367
3454,0.0015166869852691889,0.006684540305286646
3455,0.00151805579662323,0.0066335625015199184
3456,0.0015208476688712835,0.006812400184571743
3457,0.001518480246886611,0.006745134945958853
3458,0.0015233609592542052,0.006904477719217539
3459,0.0015244802925735712,0.0065754493698477745
3460,0.0015327053843066096,0.00686114514246583
3461,0.0015451004728674889,0.006456530187278986
3462,0.0015461320290341973,0.0068922825157642365
3463,0.0015339631354436278,0.0067225294187664986
3464,0.0015214771265164018,0.006881294306367636
3465,0.001517745666205883,0.006931339856237173
3466,0.0015204900410026312,0.006645815912634134
3467,0.001525903819128871,0.006840218789875507
3468,0.0015332235489040613,0.006445883773267269
3469,0.0015344017883762717,0.006781772710382938
3470,0.0015308114234358072,0.006563830189406872
3471,0.0015309704467654228,0.006890150718390942
3472,0.0015276360791176558,0.006640230771154165
3473,0.001522716716863215,0.006853140890598297
3474,0.0015246826224029064,0.00671854242682457
3475,0.0015209958655759692,0.006867184303700924
3476,0.0015151513507589698,0.006921347230672836
3477,0.0015146683435887098,0.006795876659452915
3478,0.0015179149340838194,0.006886751390993595
3479,0.001520971767604351,0.006579756736755371
3480,0.001520646852441132,0.00666999164968729
3481,0.0015188927063718438,0.006438869051635265
3482,0.0015182463685050607,0.006629892624914646
3483,0.0015150390099734068,0.006645032670348883
3484,0.0015136867295950651,0.006810957100242376
3485,0.0015115182613953948,0.006770285777747631
3486,0.0015126032521948218,0.006836550775915384
3487,0.0015133204869925976,0.006983260158449411
3488,0.0015116945141926408,0.006912194192409515
3489,0.001519169076345861,0.007003660313785076
3490,0.0015216405736282468,0.006520418915897608
3491,0.0015275056939572096,0.0067311548627913
3492,0.0015286714769899845,0.006448245607316494
3493,0.0015218309126794338,0.006717844866216183
3494,0.0015121579635888338,0.006748264189809561
3495,0.0015127018559724092,0.006782586686313152
3496,0.001508495188318193,0.006774439010769129
3497,0.001507264794781804,0.006732306443154812
3498,0.0015091690002009273,0.006799472961574793
3499,0.0015078304568305612,0.006785259582102299
3500,0.001507710898295045,0.006822096649557352
3501,0.0015081411693245173,0.006762713193893433
3502,0.0015070321969687939,0.00664286594837904
3503,0.0015102243050932884,0.006819806061685085
3504,0.0015215317253023386,0.006544949021190405
3505,0.0015305562410503626,0.007039764430373907
3506,0.001553170382976532,0.006509388796985149
3507,0.0015609271358698606,0.007090204395353794
3508,0.0015524454647675157,0.006617214530706406
3509,0.0015303356340155005,0.006852623075246811
3510,0.0015122343320399523,0.006762956269085407
3511,0.0015086433850228786,0.006583141628652811
3512,0.0015172300627455115,0.0068832216784358025
3513,0.0015277194324880838,0.006528295576572418
3514,0.001530590932816267,0.006911004427820444
3515,0.001526768202893436,0.006611195392906666
3516,0.001520595047622919,0.0068480768240988255
3517,0.0015190758276730776,0.006560205481946468
3518,0.001517326571047306,0.006821778602898121
3519,0.0015117358416318893,0.006733438931405544
3520,0.0015108996303752065,0.0068787382915616035
3521,0.001507745822891593,0.006724759936332703
3522,0.0015056070405989885,0.006739499978721142
3523,0.001505439286120236,0.006792335771024227
3524,0.0015044363681226969,0.006754008121788502
3525,0.0015043444000184536,0.0068925111554563046
3526,0.0015091081149876118,0.00668953126296401
3527,0.0015051787486299872,0.006690713576972485
3528,0.0015071294037625194,0.0065742237493395805
3529,0.0015085521154105663,0.006726340390741825
3530,0.0015069519868120551,0.006791426334530115
3531,0.0015057475538924336,0.006875425577163696
3532,0.0015063438331708312,0.006893421523272991
3533,0.0015060420846566558,0.0067575410939753056
3534,0.001503820065408945,0.006730447057634592
3535,0.0015033890958875418,0.0065843588672578335
3536,0.001504435669630766,0.006674647331237793
3537,0.0015038313576951623,0.006674506701529026
3538,0.001503852428868413,0.006704763974994421
3539,0.0015054557006806135,0.006916356738656759
3540,0.0015103115001693368,0.006670324597507715
3541,0.0015219353372231126,0.007090308703482151
3542,0.0015414049848914146,0.006547889206558466
3543,0.0015484187752008438,0.0070523349568247795
3544,0.001540597528219223,0.00660600746050477
3545,0.0015227097319439054,0.006864037364721298
3546,0.001507198205217719,0.006746756844222546
3547,0.0015015482204034925,0.006661582738161087
3548,0.001507348963059485,0.006797068752348423
3549,0.0015201095957309008,0.00636125635355711
3550,0.0015402690041810274,0.0068933116272091866
3551,0.0015459449496120214,0.006526269018650055
3552,0.0015332316979765892,0.007025310304015875
3553,0.0015163683565333486,0.006866426207125187
3554,0.0015096660936251283,0.006866068579256535
3555,0.0015023085288703442,0.006740844342857599
3556,0.0015019248239696026,0.006647358648478985
3557,0.0015021730214357376,0.006744007579982281
3558,0.001500699669122696,0.006674375385046005
3559,0.0015043558087199926,0.006852400489151478
3560,0.0015095261624082923,0.006555476691573858
3561,0.0015172744169831276,0.0068786791525781155
3562,0.0015308114234358072,0.0064502595923841
3563,0.0015344712883234024,0.006935396231710911
3564,0.0015227601397782564,0.0067271888256073
3565,0.0015076877316460013,0.006950266659259796
3566,0.0015009327325969934,0.006961697246879339
3567,0.001502487575635314,0.006700548343360424
3568,0.0015087735373526812,0.006853157188743353
3569,0.0015255771577358246,0.006330077536404133
3570,0.0015403684228658676,0.0068233320489525795
3571,0.0015378762036561966,0.006556283682584763
3572,0.0015181424096226692,0.006945133209228516
3573,0.0015017446130514145,0.006941901054233313
3574,0.001503434730693698,0.006802054587751627
3575,0.0014980747364461422,0.006772899534553289
3576,0.0014984405133873224,0.006556718610227108
3577,0.0015016418183222413,0.006686799228191376
3578,0.0015005094464868307,0.006671984679996967
3579,0.0014963233843445778,0.006855820771306753
3580,0.0014946262817829847,0.0068993293680250645
3581,0.0014950986951589584,0.006707450840622187
3582,0.0014997987309470773,0.006902614142745733
3583,0.0015073580434545875,0.00657151872292161
3584,0.0015131306136026978,0.006905938498675823
3585,0.001524286693893373,0.006487987004220486
3586,0.0015243152156472206,0.006917454302310944
3587,0.0015112407272681594,0.006724892649799585
3588,0.001498053316026926,0.006864392664283514
3589,0.0014933033380657434,0.006897513754665852
3590,0.001499252044595778,0.006566853728145361
3591,0.0015163173666223884,0.006988488137722015
3592,0.0015331882750615478,0.006486015859991312
3593,0.0015330855967476964,0.006954506039619446
3594,0.0015239778440445662,0.006594089325517416
3595,0.0015050297370180488,0.006807250436395407
3596,0.00149249448440969,0.00678887078538537
3597,0.0014919799286872149,0.006652331445366144
3598,0.001492944429628551,0.006773649249225855
3599,0.0014957587700337172,0.006662664003670216
3600,0.0014953322242945433,0.0069018094800412655
3601,0.0015007423935458064,0.006676244083791971
3602,0.0015042031882330775,0.006998776458203793
3603,0.0015045946929603815,0.006723268888890743
3604,0.0015058519784361124,0.0068849241361021996
3605,0.0015027518384158611,0.006527414079755545
3606,0.0015027534682303667,0.006746993400156498
3607,0.0015001366846263409,0.0066060470417141914
3608,0.0014987718313932419,0.006814389489591122
3609,0.0014975195517763495,0.00667589670047164
3610,0.0014964849688112736,0.0068765683099627495
3611,0.0014991875505074859,0.006687532179057598
3612,0.0014995383098721504,0.006913319230079651
3613,0.0014968434115871787,0.006779418792575598
3614,0.0014928595628589392,0.006815428379923105
3615,0.0014898856170475483,0.006776751484721899
3616,0.0014925409341230989,0.006606828421354294
3617,0.0014930664328858256,0.006697149481624365
3618,0.0014924942515790462,0.006574003957211971
3619,0.0014938365202397108,0.006766759790480137
3620,0.0014974393416196108,0.006568531040102243
3621,0.0015002649743109941,0.0069066560827195644
3622,0.0014998245751485229,0.006737901829183102
3623,0.0014996144454926252,0.006992618553340435
3624,0.0015006143366917968,0.006657838821411133
3625,0.0015019323909655213,0.006945324596017599
3626,0.001499124919064343,0.006719853729009628
3627,0.0014980332925915718,0.006903820671141148
3628,0.0014958037063479424,0.006612555123865604
3629,0.0014969753101468086,0.006807891186326742
3630,0.0015044213505461812,0.006503558252006769
3631,0.0015056573320180178,0.006833790801465511
3632,0.001499545993283391,0.006707536987960339
3633,0.0014924098504707217,0.006858916487544775
3634,0.0014887565048411489,0.006909969262778759
3635,0.00148943648673594,0.006725064013153315
3636,0.0014916214859113097,0.0068636187352240086
3637,0.0014951988123357296,0.006571599282324314
3638,0.0014986321330070496,0.006851161364465952
3639,0.0015118721639737487,0.006477717310190201
3640,0.0015133246779441833,0.006900906562805176
3641,0.0015031176153570414,0.006724304053932428
3642,0.0014998877886682749,0.006978542543947697
3643,0.0014962361892685294,0.006680148653686047
3644,0.001495820819400251,0.006837454624474049
3645,0.001500551006756723,0.0065301330760121346
3646,0.00150109373498708,0.006811302155256271
3647,0.001493778545409441,0.0067332349717617035
3648,0.0014862241223454475,0.006857163272798061
3649,0.0014860813971608877,0.006872782949358225
3650,0.0014859248185530305,0.00669475644826889
3651,0.0014865942066535354,0.006741567049175501
3652,0.001487513305619359,0.006532886531203985
3653,0.0014884049305692315,0.006705376319587231
3654,0.0014963161665946245,0.006497324910014868
3655,0.0014980004634708166,0.006916514132171869
3656,0.0014950028853490949,0.006801552139222622
3657,0.001498821540735662,0.007104921154677868
3658,0.0014989705523476005,0.006693495903164148
3659,0.0015011972282081842,0.006956548895686865
3660,0.0015020138816908002,0.006604944821447134
3661,0.0014961572596803308,0.006853521801531315
3662,0.001499709440395236,0.0065179988741874695
3663,0.0014955472433939576,0.006799608469009399
3664,0.00148861575871706,0.006707451306283474
3665,0.0014847941929474473,0.006821586284786463
3666,0.0014824640238657594,0.006701869424432516
3667,0.0014813353773206472,0.006777768488973379
3668,0.0014803508529439569,0.006781565956771374
3669,0.0014800677308812737,0.006774171255528927
3670,0.0014790676068514585,0.006808976177126169
3671,0.001481193001382053,0.0067292763851583
3672,0.0014782941434532404,0.006680455058813095
3673,0.0014795877505093813,0.006782206706702709
3674,0.0014869209844619036,0.006570321507751942
3675,0.0014964190777391195,0.006998586468398571
3676,0.0015160065377131104,0.006516127847135067
3677,0.0015303418040275574,0.007091183215379715
3678,0.0015335071366280317,0.006551027297973633
3679,0.001518693519756198,0.006944695953279734
3680,0.0015014999080449343,0.00662227813154459
3681,0.0014848524006083608,0.0066929473541677
3682,0.0014790077693760395,0.006825705524533987
3683,0.001483639352954924,0.006620422936975956
3684,0.001499199541285634,0.007007885724306107
3685,0.0015251690056174994,0.006408410612493753
3686,0.0015427048783749342,0.007025427184998989
3687,0.0015327261062338948,0.006577991880476475
3688,0.001508051180280745,0.006950894836336374
3689,0.0014850310981273651,0.006879766471683979
3690,0.0014803096419200301,0.006749989930540323
3691,0.00147929135710001,0.0067982180044054985
3692,0.0014836444752290845,0.006560248322784901
3693,0.001486132270656526,0.006784489843994379
3694,0.0014825237449258566,0.006718182470649481
3695,0.0014795695897191763,0.006873884703963995
3696,0.0014756820164620876,0.006903443485498428
3697,0.0014797205803915858,0.006770449224859476
3698,0.0014766902895644307,0.006703895982354879
3699,0.0014779887860640883,0.006703623570501804
3700,0.0014780092751607299,0.006710672285407782
3701,0.001479509868659079,0.006816432811319828
3702,0.0014798393240198493,0.006665769033133984
3703,0.0014862840762361884,0.006939244456589222
3704,0.0014983724104240537,0.00656282901763916
3705,0.0015070533845573664,0.007056677248328924
3706,0.0015045171603560448,0.006702703423798084
3707,0.0014930330216884613,0.006970944348722696
3708,0.001486912602558732,0.006774903740733862
3709,0.0014793691225349903,0.006711237132549286
3710,0.001474900869652629,0.006707406137138605
3711,0.001483905827626586,0.006377826444804668
3712,0.0014986756723374128,0.006816318724304438
3713,0.0015030469512566924,0.006563466973602772
3714,0.0014972289791330695,0.007030424661934376
3715,0.0014886765275150537,0.006845698691904545
3716,0.0014839417999610305,0.006923221983015537
3717,0.001476972596719861,0.006656144745647907
3718,0.0014772446593269706,0.006714050658047199
3719,0.001475625904276967,0.006693683564662933
3720,0.0014722782652825117,0.0067421868443489075
3721,0.0014729414833709598,0.006923603359609842
3722,0.0014796886825934052,0.006625328212976456
3723,0.0014935192884877324,0.006954471580684185
3724,0.001509771915152669,0.006425673607736826
3725,0.0015171944396570325,0.006930351257324219
3726,0.001505561638623476,0.006638108287006617
3727,0.0014859494986012578,0.0069240378215909
3728,0.0014735414879396558,0.006907179020345211
3729,0.0014721102779731154,0.006742448545992374
3730,0.0014806486433371902,0.006929825991392136
3731,0.0014866729034110904,0.006512439344078302
3732,0.0014929667813703418,0.006810738705098629
3733,0.0015072085661813617,0.006378656718879938
3734,0.0015056924894452095,0.006861727684736252
3735,0.001488142879679799,0.0067527517676353455
3736,0.001474438002333045,0.006913402583450079
3737,0.0014721639454364777,0.007028774358332157
3738,0.0014838718343526125,0.006555332336574793
3739,0.0015089598018676043,0.007033056579530239
3740,0.0015273790340870619,0.006429746747016907
3741,0.001519621699117124,0.006900588981807232
3742,0.0014965701848268509,0.006618103943765163
3743,0.001474762917496264,0.006759919226169586
3744,0.0014684817288070917,0.006876334547996521
3745,0.0014792107976973057,0.006531243212521076
3746,0.0015040487051010132,0.0070863873697817326
3747,0.0015232730656862259,0.006551259662955999
3748,0.001515797572210431,0.007051716558635235
3749,0.0014977591345086694,0.006730545312166214
3750,0.001473532640375197,0.00678287586197257
3751,0.0014661693712696433,0.006886507384479046
3752,0.001476373872719705,0.00654630595818162
3753,0.00148779375012964,0.006865824107080698
3754,0.0015047740889713168,0.006448045372962952
3755,0.0015050440561026335,0.006941135041415691
3756,0.0014903026167303324,0.006789740175008774
3757,0.001475261989980936,0.006936401128768921
3758,0.001471279887482524,0.006991723086684942
3759,0.00147535209544003,0.0066415248438715935
3760,0.0014819992939010262,0.006860018707811832
3761,0.001488761743530631,0.0064515843987464905
3762,0.0014876576606184244,0.006714353803545237
3763,0.001474719145335257,0.006689100060611963
3764,0.0014701668405905366,0.006814187858253717
3765,0.001468371832743287,0.006796685047447681
3766,0.0014659229200333357,0.006718956865370274
3767,0.0014711051480844617,0.006956671830266714
3768,0.0014733035350218415,0.006769421044737101
3769,0.001475960249081254,0.006983852479606867
3770,0.0014818105846643448,0.00660331454128027
3771,0.0014847225975245237,0.00691000372171402
3772,0.0014801074285060167,0.006654661148786545
3773,0.0014742526691406965,0.0067849429324269295
3774,0.001469096285291016,0.006570533849298954
3775,0.0014676331775262952,0.006699020508676767
3776,0.0014656425919383764,0.006736498326063156
3777,0.0014637315180152655,0.006791147403419018
3778,0.0014644216280430555,0.006775679998099804
3779,0.0014641588786616921,0.006841220892965794
3780,0.00146370695438236,0.006845181342214346
3781,0.0014633077662438154,0.006819769740104675
3782,0.0014638828579336405,0.006675186101347208
3783,0.0014644821640104055,0.006785411387681961
3784,0.001464376924559474,0.006710778921842575
3785,0.0014648425858467817,0.006874171085655689
3786,0.0014719782629981637,0.0066021159291267395
3787,0.0014759651385247707,0.0068807960487902164
3788,0.0014729721006006002,0.00666680047288537
3789,0.0014735590666532516,0.006885891314595938
3790,0.0014741423074156046,0.006611337419599295
3791,0.0014746456872671843,0.006901204586029053
3792,0.0014699014136567712,0.0067695751786231995
3793,0.00146765005774796,0.006903516594320536
3794,0.0014654325786978006,0.006690481211990118
3795,0.001465673791244626,0.006856996566057205
3796,0.0014625394251197577,0.006735370494425297
3797,0.0014625436160713434,0.006788355764001608
3798,0.0014615602558478713,0.006615477614104748
3799,0.0014619999565184116,0.006759823765605688
3800,0.0014604338211938739,0.006709699984639883
3801,0.0014610327780246735,0.006799164228141308
3802,0.0014641555026173592,0.006629981100559235
3803,0.0014646524796262383,0.006879105232656002
3804,0.0014655528357252479,0.006711350288242102
3805,0.0014713489217683673,0.006943098269402981
3806,0.001474631717428565,0.0065761045552790165
3807,0.0014802932273596525,0.006943269167095423
3808,0.0014835031470283866,0.006609955336898565
3809,0.0014813216403126717,0.006937442813068628
3810,0.0014866862911731005,0.006511833518743515
3811,0.001484040403738618,0.0068863010965287685
3812,0.0014717519516125321,0.006709632463753223
3813,0.0014600229915231466,0.006805809680372477
3814,0.0014565255260095,0.006933905184268951
3815,0.001464222208596766,0.006637821905314922
3816,0.0014690352836623788,0.006847442127764225
3817,0.001482505351305008,0.006460277829319239
3818,0.0014847635757178068,0.006869610399007797
3819,0.0014738484751433134,0.006760335527360439
3820,0.0014627896016463637,0.006935052573680878
3821,0.001463240711018443,0.006905090995132923
3822,0.0014610501239076257,0.006640763487666845
3823,0.0014620822621509433,0.006737471558153629
3824,0.0014686513459309936,0.006442921701818705
3825,0.0014705474022775888,0.006706841289997101
3826,0.0014651825185865164,0.006670498754829168
3827,0.0014645705232396722,0.006886883173137903
3828,0.001462655607610941,0.006731888744980097
3829,0.0014613119419664145,0.006838642060756683
3830,0.0014598132111132145,0.006847592536360025
3831,0.001458294689655304,0.006806367542594671
3832,0.0014575583627447486,0.006900650914758444
3833,0.0014574660453945398,0.00672516506165266
3834,0.0014571601059287786,0.006809894926846027
3835,0.0014612609520554543,0.006644749082624912
3836,0.0014586535980924964,0.0067163920029997826
3837,0.0014550370397046208,0.006611721124500036
3838,0.0014542876742780209,0.006602883338928223
3839,0.0014567237813025713,0.006848846562206745
3840,0.0014579537091776729,0.006752324756234884
3841,0.0014584064483642578,0.006945406086742878
3842,0.0014633017126470804,0.006736528128385544
3843,0.0014649713411927223,0.006988158915191889
3844,0.0014625114854425192,0.006777136120945215
3845,0.0014579150592908263,0.006854271050542593
3846,0.0014539987314492464,0.0067106857895851135
3847,0.0014533044304698706,0.006652274634689093
3848,0.0014526561135426164,0.006615441292524338
3849,0.001452236552722752,0.006577293388545513
3850,0.0014513218775391579,0.006694840732961893
3851,0.0014504088321700692,0.0067155854776501656
3852,0.0014529997715726495,0.006896268576383591
3853,0.0014567675534635782,0.0066937669180333614
3854,0.0014676855644211173,0.007089728023856878
3855,0.0014883686089888215,0.006549235433340073
3856,0.0015018342528492212,0.007113843224942684
3857,0.0014988399343565106,0.006603141315281391
3858,0.001486009918153286,0.00698611605912447
3859,0.0014705227222293615,0.0066742016933858395
3860,0.0014618684072047472,0.006747642066329718
3861,0.0014544330770149827,0.006544894073158503
3862,0.0014524208381772041,0.006672516465187073
3863,0.001450025592930615,0.006686401553452015
3864,0.0014508262975141406,0.006775671150535345
3865,0.0014473216142505407,0.006934489123523235
3866,0.0014490975299850106,0.0068084909580647945
3867,0.0014546458842232823,0.006932439748197794
3868,0.0014610509388148785,0.006521736271679401
3869,0.0014725750079378486,0.006901630200445652
3870,0.0014768157852813601,0.006587032228708267
3871,0.0014674437697976828,0.006993301212787628
3872,0.0014607533812522888,0.00678121205419302
3873,0.0014603078598156571,0.006889659911394119
3874,0.0014539605472236872,0.0065728602930903435
3875,0.0014545212034136057,0.006767717655748129
3876,0.0014550572959706187,0.0066315168514847755
3877,0.0014492576010525227,0.00684446981176734
3878,0.0014456089120358229,0.0068619451485574245
3879,0.0014444731641560793,0.006749559193849564
3880,0.001446297625079751,0.006818776484578848
3881,0.0014474980998784304,0.00668676570057869
3882,0.0014477652730420232,0.006835612468421459
3883,0.0014471702743321657,0.0067352368496358395
3884,0.0014456367352977395,0.006821996532380581
3885,0.001444783410988748,0.0067136818543076515
3886,0.0014427562709897757,0.006627282593399286
3887,0.0014443399850279093,0.006783418357372284
3888,0.0014477167278528214,0.006621275097131729
3889,0.001450499752536416,0.006920219864696264
3890,0.0014524064026772976,0.006698390934616327
3891,0.001461135339923203,0.0069998339749872684
3892,0.0014710479881614447,0.006516521330922842
3893,0.0014889489393681288,0.007110529579222202
3894,0.0015006691683083773,0.00656850403174758
3895,0.001500186393968761,0.007152661681175232
3896,0.0015086522325873375,0.006518120411783457
3897,0.0014973768265917897,0.007030685897916555
3898,0.0014733176212757826,0.00670749694108963
3899,0.0014517648378387094,0.006844920571893454
3900,0.001442142529413104,0.006845570169389248
3901,0.001444947556592524,0.006571074482053518
3902,0.0014547846512869,0.006858308799564838
3903,0.0014643226750195026,0.006482812575995922
3904,0.0014651743695139885,0.006880417466163635
3905,0.0014559905976057053,0.006701232399791479
3906,0.0014445276465266943,0.006912709679454565
3907,0.001441675005480647,0.006872633006423712
3908,0.0014377001207321882,0.0067311497405171394
3909,0.001437291270121932,0.006713797803968191
3910,0.001439860207028687,0.0066402629017829895
3911,0.0014415041077882051,0.006797872483730316
3912,0.0014447197318077087,0.00665054377168417
3913,0.0014531416818499565,0.0070211938582360744
3914,0.0014676677528768778,0.006613843142986298
3915,0.0014855340123176575,0.00720002269372344
3916,0.0015143309719860554,0.006476158741861582
3917,0.0015166269149631262,0.007080600596964359
3918,0.0014928984455764294,0.006642593536525965
3919,0.0014585903845727444,0.006894555874168873
3920,0.0014431171584874392,0.006842610891908407
3921,0.0014400618383660913,0.0065611423924565315
3922,0.0014508870663121343,0.006857704371213913
3923,0.0014690039679408073,0.006423135753720999
3924,0.0014719914179295301,0.00688460236415267
3925,0.001459817634895444,0.006655116565525532
3926,0.0014436447527259588,0.006879068911075592
3927,0.0014347389806061983,0.006957295350730419
3928,0.0014357140753418207,0.00677494565024972
3929,0.0014465802814811468,0.007023989222943783
3930,0.001465700101107359,0.006461313460022211
3931,0.0014833769528195262,0.006993304006755352
3932,0.0014781224308535457,0.006614419631659985
3933,0.0014584001619368792,0.006979002617299557
3934,0.0014373667072504759,0.0068801031447947025
3935,0.0014376870822161436,0.006750901695340872
3936,0.0014318961184471846,0.006669093854725361
3937,0.0014389215502887964,0.0064924778416752815
3938,0.001445720554329455,0.0068167103454470634
3939,0.001442530658096075,0.006767753511667252
3940,0.0014408270362764597,0.007061214651912451
3941,0.0014407399576157331,0.006903207395225763
3942,0.0014367761323228478,0.006762547884136438
3943,0.0014322120696306229,0.006663498934358358
3944,0.001432969351299107,0.0064628697000443935
3945,0.00143690116237849,0.006632436066865921
3946,0.0014358100015670061,0.006587698124349117
3947,0.001431049546226859,0.006857930216938257
3948,0.001428846619091928,0.00685611879453063
3949,0.0014316500164568424,0.006922206841409206
3950,0.001428877585567534,0.006710974033921957
3951,0.0014337992761284113,0.006872380618005991
3952,0.0014309559483081102,0.006740462966263294
3953,0.001427104463800788,0.006840820424258709
3954,0.001425421331077814,0.006833658553659916
3955,0.0014252621913328767,0.006626648362725973
3956,0.0014289934188127518,0.006764618214219809
3957,0.0014297511661425233,0.006638103164732456
3958,0.0014289680402725935,0.006808607839047909
3959,0.001424034358933568,0.006806024815887213
3960,0.0014221139717847109,0.006804293487221003
3961,0.0014231083914637566,0.006841742899268866
3962,0.0014264999190345407,0.006588630378246307
3963,0.001434501027688384,0.0068590366281569
3964,0.0014384044334292412,0.006586313247680664
3965,0.001439002575352788,0.006933968514204025
3966,0.0014363938244059682,0.006692808121442795
3967,0.001438727369531989,0.006864489056169987
3968,0.0014388138661161065,0.006479382514953613
3969,0.0014442522078752518,0.006836004555225372
3970,0.0014431392773985863,0.006577423308044672
3971,0.0014344187220558524,0.006888926029205322
3972,0.001424380112439394,0.006816611625254154
3973,0.001424513990059495,0.006807766854763031
3974,0.0014188105706125498,0.006661352701485157
3975,0.0014219721779227257,0.006654997821897268
3976,0.0014223569305613637,0.006780302617698908
3977,0.001422134111635387,0.006773779634386301
3978,0.0014210108201950788,0.00694859866052866
3979,0.0014220360899344087,0.006794419139623642
3980,0.001425023889169097,0.006788184400647879
3981,0.0014243990881368518,0.00645358394831419
3982,0.00143241451587528,0.00670764222741127
3983,0.001432793796993792,0.006596797611564398
3984,0.0014285612851381302,0.0069380467757582664
3985,0.0014214934781193733,0.0068944841623306274
3986,0.0014189498033374548,0.006874367594718933
3987,0.0014177127741277218,0.006816814187914133
3988,0.001420818967744708,0.00648257602006197
3989,0.001431847340427339,0.00676448130980134
3990,0.0014373468002304435,0.006513969041407108
3991,0.0014392106095328927,0.007001964841037989
3992,0.0014385174727067351,0.006734589580446482
3993,0.0014474100898951292,0.006990760564804077
3994,0.0014484317507594824,0.006437432952225208
3995,0.0014624771429225802,0.006929388735443354
3996,0.001466810004785657,0.0064697591587901115
3997,0.0014527736930176616,0.0069603025913238525
3998,0.0014372247969731688,0.006778100971132517
3999,0.0014210942899808288,0.006889828480780125
4000,0.0014161448925733566,0.006674145348370075
4001,0.0014155739918351173,0.006710479501634836
4002,0.001415280974470079,0.006682126317173243
4003,0.001414744183421135,0.006695296615362167
4004,0.001415080507285893,0.006784106604754925
4005,0.0014152068179100752,0.006737613584846258
4006,0.001416126498952508,0.006825980730354786
4007,0.001420387881807983,0.0065415846183896065
4008,0.0014252748806029558,0.00682337861508131
4009,0.001426142523996532,0.006642693188041449
4010,0.001422012923285365,0.006937005557119846
4011,0.0014176855329424143,0.006771226413547993
4012,0.0014139364939182997,0.0068444074131548405
4013,0.0014106632443144917,0.0067227385006845
4014,0.0014095727819949389,0.006655994802713394
4015,0.0014103928115218878,0.006564389914274216
4016,0.0014108724426478148,0.006702838931232691
4017,0.0014087501913309097,0.006754958536475897
4018,0.001413363846950233,0.006834986619651318
4019,0.0014122810680419207,0.0066276551224291325
4020,0.001414216123521328,0.006755515933036804
4021,0.0014141486026346684,0.006680908612906933
4022,0.0014108578907325864,0.00682211434468627
4023,0.0014083654386922717,0.0068143149837851524
4024,0.0014103405410423875,0.0067641837522387505
4025,0.0014067348092794418,0.006589400582015514
4026,0.001407438307069242,0.0066350786946713924
4027,0.0014099257532507181,0.006571418605744839
4028,0.0014093536883592606,0.006763691548258066
4029,0.0014072207268327475,0.006766616366803646
4030,0.0014078776584938169,0.0068909176625311375
4031,0.0014153837691992521,0.006603321526199579
4032,0.001418402185663581,0.006861434783786535
4033,0.0014240548480302095,0.006554164923727512
4034,0.001424185698851943,0.006927033420652151
4035,0.0014207339845597744,0.006662657018750906
4036,0.0014183057937771082,0.006843161769211292
4037,0.0014216391136869788,0.006445645354688168
4038,0.0014272254193201661,0.0068082064390182495
4039,0.0014273525448516011,0.006560331676155329
4040,0.0014225949998944998,0.006960206665098667
4041,0.001417263294570148,0.0067498041316866875
4042,0.0014108963077887893,0.00685529038310051
4043,0.001405293121933937,0.006683329585939646
4044,0.001403086818754673,0.00664815166965127
4045,0.0014014089247211814,0.006657072808593512
4046,0.0014090689364820719,0.006469761021435261
4047,0.0014215315459296107,0.006956217344850302
4048,0.0014529710169881582,0.006470418069511652
4049,0.001483537838794291,0.007317092269659042
4050,0.001512847957201302,0.00653688982129097
4051,0.0015152584528550506,0.007254318799823523
4052,0.0015324460109695792,0.006311662495136261
4053,0.0015099038137122989,0.00691068172454834
4054,0.0014596044784411788,0.006575538776814938
4055,0.0014137722318992019,0.006765721831470728
4056,0.0014058540109544992,0.006942405365407467
4057,0.0014188053319230676,0.006541480775922537
4058,0.0014389206189662218,0.006921474821865559
4059,0.0014469643356278539,0.0063621290028095245
4060,0.001439521787688136,0.006735626608133316
4061,0.0014207996428012848,0.006599148269742727
4062,0.0014031511964276433,0.006774638779461384
4063,0.0013992339372634888,0.007014559116214514
4064,0.0014059824170544744,0.006766532547771931
4065,0.0014258365845307708,0.007027811370790005
4066,0.0014391993172466755,0.006388187408447266
4067,0.0014536773087456822,0.006869119592010975
4068,0.0014471533941105008,0.006502593867480755
4069,0.001421796390786767,0.006882638670504093
4070,0.0014021103270351887,0.006884663365781307
4071,0.001401765737682581,0.006741655524820089
4072,0.0013987035490572453,0.006697311997413635
4073,0.001397219835780561,0.006521160248667002
4074,0.0013992193853482604,0.006595795042812824
4075,0.0013983629178255796,0.006643153727054596
4076,0.0013960317010059953,0.006786314304918051
4077,0.001394949620589614,0.0069070011377334595
4078,0.0013978371862322092,0.006794924382120371
4079,0.001393637852743268,0.00667789438739419
4080,0.0013960046926513314,0.006711176130920649
4081,0.0013958729105070233,0.0066101038828492165
4082,0.001395371393300593,0.006735086441040039
4083,0.0013938106130808592,0.006734207272529602
4084,0.0013966391561552882,0.006812318228185177
4085,0.0013956226175650954,0.006599903106689453
4086,0.0013996697962284088,0.006829024292528629
4087,0.0014076096704229712,0.006572933401912451
4088,0.0014116341480985284,0.006904265843331814
4089,0.0014272097032517195,0.006457026116549969
4090,0.0014349522534757853,0.006998961325734854
4091,0.0014311298727989197,0.006617418024688959
4092,0.0014216022100299597,0.006949064787477255
4093,0.0014186804182827473,0.00654419232159853
4094,0.001409757649526,0.006766575388610363
4095,0.0013974595349282026,0.006703498773276806
4096,0.0013920292258262634,0.0066703809425234795
4097,0.0013936979230493307,0.006831526756286621
4098,0.0013998488429933786,0.006587160285562277
4099,0.0014032803010195494,0.006827685981988907
4100,0.0014060764806345105,0.006544017698615789
4101,0.0013978033093735576,0.006714095361530781
4102,0.0013925537932664156,0.006637033075094223
4103,0.0013880433980375528,0.006697612814605236
4104,0.0013878586469218135,0.006817743182182312
4105,0.0013950540451332927,0.006587871816009283
4106,0.0014106814051046968,0.007006385829299688
4107,0.0014329318655654788,0.006484487093985081
4108,0.0014420377556234598,0.00704197445884347
4109,0.001434373902156949,0.00662317406386137
4110,0.0014127984177321196,0.006898487918078899
4111,0.0013941804645583034,0.006744852755218744
4112,0.0013869935646653175,0.0066017406061291695
4113,0.0013919156044721603,0.006806856486946344
4114,0.0014070249162614346,0.006430600769817829
4115,0.0014170283684507012,0.006834596395492554
4116,0.0014384358655661345,0.006388711277395487
4117,0.0014385102549567819,0.006996754556894302
4118,0.0014201002195477486,0.00674803089350462
4119,0.0013982682721689343,0.006928802467882633
4120,0.001390555640682578,0.006899148225784302
4121,0.0013874247670173645,0.006606597453355789
4122,0.0013956886250525713,0.006756328046321869
4123,0.0014196537667885423,0.006285165902227163
4124,0.0014348907861858606,0.006836194545030594
4125,0.0014268190134316683,0.006578413303941488
4126,0.0014068236341699958,0.006971167866140604
4127,0.0013919705525040627,0.0068877264857292175
4128,0.0013882506173104048,0.0067238397896289825
4129,0.0013833228731527925,0.0066937729716300964
4130,0.0013878915924578905,0.00654385332018137
4131,0.001389659708365798,0.006773675326257944
4132,0.0013871390838176012,0.006735931150615215
4133,0.0013856887817382812,0.006888002157211304
4134,0.001384785515256226,0.006799045018851757
4135,0.001383001683279872,0.006607654504477978
4136,0.001388104516081512,0.0068073272705078125
4137,0.001396679668687284,0.006524623837321997
4138,0.001399622648023069,0.006898434367030859
4139,0.0013987903948873281,0.006684864871203899
4140,0.0014039567904546857,0.006952408701181412
4141,0.0014033899642527103,0.00654535973444581
4142,0.001410669763572514,0.006931760814040899
4143,0.0014339819317683578,0.006435377057641745
4144,0.0014291040133684874,0.006894169840961695
4145,0.0014046317664906383,0.006704799830913544
4146,0.0013881120830774307,0.006823275238275528
4147,0.001385288662277162,0.006885885260999203
4148,0.0013925132807344198,0.006542036775499582
4149,0.0014092569472268224,0.006849675439298153
4150,0.0014362245565280318,0.006297245621681213
4151,0.0014527083840221167,0.006949145346879959
4152,0.0014358664629980922,0.006663517560809851
4153,0.0014058308443054557,0.007024038583040237
4154,0.0013877472374588251,0.007005022373050451
4155,0.0013871552655473351,0.0066754878498613834
4156,0.0013994720065966249,0.006902462802827358
4157,0.0014171702787280083,0.00633953046053648
4158,0.001420132233761251,0.0067220390774309635
4159,0.0014105357695370913,0.0064749219454824924
4160,0.0013932572910562158,0.0067738620564341545
4161,0.0013847132213413715,0.006708172149956226
4162,0.0013803956098854542,0.006889662705361843
4163,0.0013785117771476507,0.006881406996399164
4164,0.0013785561313852668,0.006711979862302542
4165,0.001385689014568925,0.006916305981576443
4166,0.0013906513340771198,0.006590557284653187
4167,0.0013905715895816684,0.006814183201640844
4168,0.001384839415550232,0.00662126624956727
4169,0.0013820637250319123,0.006711921188980341
4170,0.0013850294053554535,0.00650780787691474
4171,0.001383630558848381,0.006798293441534042
4172,0.0013825190253555775,0.006688372697681189
4173,0.0013851693365722895,0.0069132475182414055
4174,0.0013863783096894622,0.006630988325923681
4175,0.0013902646023780107,0.0069550881162285805
4176,0.0013893364230170846,0.006680425256490707
4177,0.0013830943498760462,0.006863451097160578
4178,0.0013765476178377867,0.006731568835675716
4179,0.0013774617109447718,0.006730438210070133
4180,0.0013737244298681617,0.006597339175641537
4181,0.0013741824077442288,0.006763603538274765
4182,0.0013727087061852217,0.0067364610731601715
4183,0.0013751368969678879,0.006861128844320774
4184,0.0013796305283904076,0.0066047846339643
4185,0.0013842933112755418,0.0068938275799155235
4186,0.0013898743782192469,0.006605918053537607
4187,0.001394701306708157,0.006948061287403107
4188,0.0014044273411855102,0.0064939698204398155
4189,0.0014048211742192507,0.006878320127725601
4190,0.0013893797295168042,0.006684501655399799
4191,0.0013748761266469955,0.006783380173146725
4192,0.001372106489725411,0.0067245191894471645
4193,0.0013717705151066184,0.006654395721852779
4194,0.0013734038220718503,0.006796862930059433
4195,0.0013749307254329324,0.0066483234986662865
4196,0.001375396503135562,0.006821492221206427
4197,0.0013738342095166445,0.006657684687525034
4198,0.0013711996143683791,0.006702381186187267
4199,0.001367549179121852,0.006696519907563925
4200,0.001367083634249866,0.006618189159780741
4201,0.0013677506940439343,0.0066796778701245785
4202,0.0013677533715963364,0.0067399777472019196
4203,0.0013659760588780046,0.006831903010606766
4204,0.0013676227536052465,0.00685336347669363
4205,0.0013685093726962805,0.006654775235801935
4206,0.001376757980324328,0.006885381881147623
4207,0.0013978068018332124,0.006437824107706547
4208,0.0014122657012194395,0.006985396146774292
4209,0.0014086642768234015,0.00665239105001092
4210,0.0013944419333711267,0.006997993681579828
4211,0.001390530145727098,0.006595359183847904
4212,0.0013840149622410536,0.006796388421207666
4213,0.001374996965751052,0.0066253491677343845
4214,0.0013679983094334602,0.0066401599906384945
4215,0.0013668459141626954,0.006759024225175381
4216,0.0013700086856260896,0.006604887545108795
4217,0.0013738045236095786,0.006832418497651815
4218,0.0013746196636930108,0.006592386867851019
4219,0.0013715137029066682,0.006782126612961292
4220,0.001371819875203073,0.0066787018440663815
4221,0.0013635882642120123,0.006766979582607746
4222,0.0013611681060865521,0.006819071713835001
4223,0.001364012947306037,0.006729050539433956
4224,0.001361728529445827,0.006692655384540558
4225,0.0013651454355567694,0.006608258001506329
4226,0.0013668802566826344,0.006774426903575659
4227,0.001362756360322237,0.006802169140428305
4228,0.0013615174684673548,0.006880317814648151
4229,0.0013646883890032768,0.0068251206539571285
4230,0.0013647060841321945,0.006562809459865093
4231,0.0013748029014095664,0.006850920617580414
4232,0.0013840384781360626,0.006548511795699596
4233,0.0013874371070414782,0.0069643608294427395
4234,0.0013841036707162857,0.006643458269536495
4235,0.0013795476406812668,0.0068906149826943874
4236,0.0013722358271479607,0.006650499068200588
4237,0.0013683922588825226,0.006737295538187027
4238,0.0013686446473002434,0.006497425492852926
4239,0.0013692009961232543,0.00672428822144866
4240,0.0013661039993166924,0.0066862874664366245
4241,0.0013603272382169962,0.0068652271293103695
4242,0.0013625408755615354,0.006799711380153894
4243,0.0013573023024946451,0.006618504878133535
4244,0.0013622845290228724,0.006790507584810257
4245,0.0013682566350325942,0.006589388009160757
4246,0.0013782409951090813,0.006957742385566235
4247,0.0013986662961542606,0.006462852004915476
4248,0.0014182174345478415,0.007047540508210659
4249,0.001416222658008337,0.006555195897817612
4250,0.0013989314902573824,0.006960973143577576
4251,0.0013807469513267279,0.006681487895548344
4252,0.0013634124770760536,0.00675780326128006
4253,0.0013562748208642006,0.006782752461731434
4254,0.0013589112786576152,0.0066229552030563354
4255,0.0013686970341950655,0.006944732274860144
4256,0.0013918334152549505,0.0064823804423213005
4257,0.001414115889929235,0.007078816648572683
4258,0.0014111768687143922,0.006618797779083252
4259,0.0013922053622081876,0.007005860563367605
4260,0.001372437342070043,0.006755697075277567
4261,0.001363582443445921,0.006746253464370966
4262,0.0013577996287494898,0.006538662128150463
4263,0.0013578127836808562,0.006599897053092718
4264,0.0013561625964939594,0.006658518221229315
4265,0.001354065490886569,0.006772232707589865
4266,0.0013561173109337687,0.00684446981176734
4267,0.0013574364129453897,0.0066344840452075005
4268,0.0013648978201672435,0.006908378563821316
4269,0.0013736957916989923,0.006575190927833319
4270,0.0013761591399088502,0.0069508939050138
4271,0.0013727167388424277,0.006665012799203396
4272,0.0013663668651133776,0.006855019833892584
4273,0.0013542373199015856,0.0067395055666565895
4274,0.0013538164785131812,0.006683133542537689
4275,0.0013510502176359296,0.006639651022851467
4276,0.0013512724544852972,0.006732574664056301
4277,0.001349245780147612,0.0068022506311535835
4278,0.0013525487156584859,0.006913061253726482
4279,0.001351069426164031,0.006708983331918716
4280,0.001355283078737557,0.006813689135015011
4281,0.001355059677734971,0.00670574139803648
4282,0.0013522212393581867,0.006812475621700287
4283,0.0013498960761353374,0.006815479137003422
4284,0.001349572790786624,0.006757939700037241
4285,0.001350306672975421,0.006740559823811054
4286,0.0013539564097300172,0.006472988985478878
4287,0.0013663966674357653,0.006759560201317072
4288,0.0013652711641043425,0.0065758428536355495
4289,0.001362434821203351,0.006929042283445597
4290,0.0013591967290267348,0.0067728543654084206
4291,0.0013636569492518902,0.006880708038806915
4292,0.0013631642796099186,0.006458953954279423
4293,0.0013743735617026687,0.006825393531471491
4294,0.0013772262027487159,0.006560768932104111
4295,0.0013740916037932038,0.007032366003841162
4296,0.0013706646859645844,0.0067664445377886295
4297,0.0013783357571810484,0.006996883545070887
4298,0.0013804106274619699,0.006423033773899078
4299,0.0013918450567871332,0.006850728299468756
4300,0.0013928890693932772,0.006542364601045847
4301,0.00137506821192801,0.0070171719416975975
4302,0.0013617260847240686,0.006862062029540539
4303,0.0013515042373910546,0.006885795388370752
4304,0.001347085228189826,0.006783622317016125
4305,0.0013500357745215297,0.006443527527153492
4306,0.0013670998159796,0.006791681982576847
4307,0.0013760359724983573,0.006533039268106222
4308,0.0013771686935797334,0.007068180479109287
4309,0.0013784109614789486,0.006702267564833164
4310,0.001393468352034688,0.007021142635494471
4311,0.0014073833590373397,0.006320043001323938
4312,0.0014270506799221039,0.0069268932566046715
4313,0.001418322790414095,0.0064978888258337975
4314,0.0013843036722391844,0.006983624305576086
4315,0.0013572291936725378,0.006935549434274435
4316,0.0013469684636220336,0.006818489637225866
4317,0.0013537140330299735,0.006879378110170364
4318,0.0013719626003876328,0.006329696625471115
4319,0.0014016039203852415,0.0068908436223864555
4320,0.001404734910465777,0.006546041928231716
4321,0.0013857719022780657,0.007091825362294912
4322,0.0013637036317959428,0.00690092146396637
4323,0.0013493284350261092,0.006831509061157703
4324,0.0013435895089060068,0.006838791072368622
4325,0.0013509190175682306,0.006446638144552708
4326,0.0013678132090717554,0.0068002305924892426
4327,0.001377004198729992,0.00649527320638299
4328,0.0013797744177281857,0.00697076553478837
4329,0.0013874321011826396,0.006534853018820286
4330,0.0013865150976926088,0.007015367038547993
4331,0.001392356469295919,0.006565039046108723
4332,0.001378854620270431,0.0069457306526601315
4333,0.0013528333511203527,0.006870833225548267
4334,0.0013428032398223877,0.006786823272705078
4335,0.001349106547422707,0.006935391575098038
4336,0.001361040398478508,0.006496693007647991
4337,0.0013689480256289244,0.00678063090890646
4338,0.0013666580198332667,0.006479454692453146
4339,0.0013543806271627545,0.006748729385435581
4340,0.001342135714367032,0.006788612809032202
4341,0.0013379942392930388,0.0067634740844368935
4342,0.0013442400377243757,0.007029951550066471
4343,0.0013561288360506296,0.006686322391033173
4344,0.0013707950711250305,0.007026167120784521
4345,0.0013909365516155958,0.006423876620829105
4346,0.001400307985022664,0.006971124559640884
4347,0.001384390750899911,0.006657439284026623
4348,0.001356068765744567,0.006981109268963337
4349,0.00134092359803617,0.006909284740686417
4350,0.0013370312517508864,0.006658473052084446
4351,0.0013517977204173803,0.006924736313521862
4352,0.0013852361589670181,0.006384422071278095
4353,0.0014058800879865885,0.007001960184425116
4354,0.0013941533397883177,0.006648012436926365
4355,0.0013632354093715549,0.006967476569116116
4356,0.0013426583027467132,0.006888675503432751
4357,0.0013390477979555726,0.006615930702537298
4358,0.0013461876660585403,0.006761787924915552
4359,0.00135854072868824,0.00638919323682785
4360,0.0013620916288346052,0.006747591309249401
4361,0.001354657462798059,0.006616204045712948
4362,0.0013418977614492178,0.00684982817620039
4363,0.001337337540462613,0.006810639053583145
4364,0.0013342698803171515,0.00687674805521965
4365,0.0013319426216185093,0.006937595549970865
4366,0.001340596005320549,0.006782901473343372
4367,0.0013379512820392847,0.006888279225677252
4368,0.0013383625773712993,0.006658332888036966
4369,0.0013355367118492723,0.006673333700746298
4370,0.00133895396720618,0.006542176939547062
4371,0.0013396319700405002,0.00672062998637557
4372,0.0013361569726839662,0.006792208645492792
4373,0.0013344625476747751,0.006873274687677622
4374,0.0013361393939703703,0.006922285072505474
4375,0.0013383362675085664,0.0066464184783399105
4376,0.0013443594798445702,0.006873252335935831
4377,0.0013458863832056522,0.006682948209345341
4378,0.001340682152658701,0.006926178932189941
4379,0.0013349589426070452,0.006803002208471298
4380,0.0013314679963514209,0.00673228595405817
4381,0.0013294646050781012,0.006763547658920288
4382,0.0013343187747523189,0.006521159317344427
4383,0.0013436020817607641,0.006785946898162365
4384,0.0013615682255476713,0.006418013013899326
4385,0.0013705783057957888,0.006982826627790928
4386,0.0013626443687826395,0.006711957044899464
4387,0.0013519205385819077,0.007076530251652002
4388,0.0013409906532615423,0.00687046954408288
4389,0.0013352591777220368,0.00683087483048439
4390,0.0013302566949278116,0.006612401455640793
4391,0.0013313967501744628,0.006663036532700062
4392,0.0013305911561474204,0.006718140095472336
4393,0.0013266016030684114,0.006819778587669134
4394,0.0013263844884932041,0.006892392877489328
4395,0.0013292283983901143,0.006770054344087839
4396,0.0013278978876769543,0.00677561666816473
4397,0.0013351102825254202,0.00644303485751152
4398,0.001346518867649138,0.006790132261812687
4399,0.0013447937089949846,0.006670170929282904
4400,0.0013370008673518896,0.007021457888185978
4401,0.0013340857112780213,0.006855358369648457
4402,0.0013239182299003005,0.00671609491109848
4403,0.001328539801761508,0.006754985544830561
4404,0.0013292921939864755,0.0065315887331962585
4405,0.0013325961772352457,0.006770567502826452
4406,0.0013327071210369468,0.0066151926293969154
4407,0.0013295924291014671,0.006754082627594471
4408,0.0013299502898007631,0.006611157208681107
4409,0.0013301719445735216,0.006878218147903681
4410,0.0013289074413478374,0.006802357733249664
4411,0.001327828736975789,0.006967807654291391
4412,0.00132644921541214,0.006793620530515909
4413,0.0013269938062876463,0.0067715272307395935
4414,0.0013284056913107634,0.006513950414955616
4415,0.0013337533455342054,0.0067441426217556
4416,0.0013317419216036797,0.006664070300757885
4417,0.0013280799612402916,0.006957592908293009
4418,0.0013281828723847866,0.006839992944151163
4419,0.0013258425751700997,0.006853966973721981
4420,0.001327376812696457,0.006558598019182682
4421,0.0013316487893462181,0.006746126804500818
4422,0.0013316890690475702,0.006621697451919317
4423,0.0013262847205623984,0.006865379866212606
4424,0.0013227533781901002,0.006842971779406071
4425,0.0013248275499790907,0.0068642995320260525
4426,0.0013231834163889289,0.006564010865986347
4427,0.0013298848643898964,0.0067867375910282135
4428,0.001335449400357902,0.006593967787921429
4429,0.0013347715139389038,0.006991821341216564
4430,0.0013335616094991565,0.006783285178244114
4431,0.0013296802062541246,0.006956033408641815
4432,0.0013248681789264083,0.0067393118515610695
4433,0.0013206010917201638,0.006805709097534418
4434,0.0013179245870560408,0.006713696755468845
4435,0.0013162496034055948,0.006766649428755045
4436,0.0013231448829174042,0.006667100824415684
4437,0.0013227805029600859,0.006931038107722998
4438,0.0013409118400886655,0.006584132555872202
4439,0.0013599704252555966,0.007184549234807491
4440,0.0014017221983522177,0.0065168715082108974
4441,0.001420518383383751,0.007273820694535971
4442,0.0014204296749085188,0.006625524256378412
4443,0.0013804176123812795,0.007018309086561203
4444,0.0013441673945635557,0.006664350628852844
4445,0.0013199789682403207,0.006584309972822666
4446,0.0013186566065996885,0.006765007972717285
4447,0.0013356005074456334,0.006433691829442978
4448,0.0013536869082599878,0.006966437213122845
4449,0.0013662963174283504,0.006574481725692749
4450,0.0013668425381183624,0.007120777852833271
4451,0.0013892045244574547,0.006530011538416147
4452,0.0013800144661217928,0.0070397197268903255
4453,0.0013459424953907728,0.006777117494493723
4454,0.0013208239106461406,0.0068703643046319485
4455,0.0013181042158976197,0.006964912172406912
4456,0.0013370722299441695,0.00646562222391367
4457,0.0013741008006036282,0.007022320292890072
4458,0.0013994600158184767,0.006455531809478998
4459,0.001385452225804329,0.0070212045684456825
4460,0.0013486625393852592,0.006815801374614239
4461,0.0013207142474129796,0.00684689125046134
4462,0.0013191032921895385,0.007053932640701532
4463,0.0013356072595342994,0.006589231081306934
4464,0.001351058715954423,0.006978134158998728
4465,0.0013576762285083532,0.006511930376291275
4466,0.0013435175642371178,0.006885895971208811
4467,0.001332776853814721,0.006752905435860157
4468,0.0013169784797355533,0.006791022606194019
4469,0.001309576560743153,0.006780351046472788
4470,0.0013115040492266417,0.006716689560562372
4471,0.0013161016395315528,0.006891222205013037
4472,0.0013271712232381105,0.006608676165342331
4473,0.0013364239130169153,0.00702885165810585
4474,0.001336629269644618,0.006760161370038986
4475,0.0013284545857459307,0.006984606385231018
4476,0.0013184656854718924,0.006810782942920923
4477,0.0013117315247654915,0.006696980446577072
4478,0.00131218321621418,0.006797386799007654
4479,0.0013166300486773252,0.006592929363250732
4480,0.0013187157455831766,0.006874422077089548
4481,0.0013149235164746642,0.006767307408154011
4482,0.001310640713199973,0.006901239510625601
4483,0.0013067740947008133,0.0068761808797717094
4484,0.0013073512818664312,0.006695055868476629
4485,0.001308100763708353,0.006714037619531155
4486,0.0013081745710223913,0.006695533636957407
4487,0.0013062708312645555,0.006825156509876251
4488,0.0013043766375631094,0.006898600608110428
4489,0.0013105019461363554,0.006736963056027889
4490,0.0013190768659114838,0.0069916946813464165
4491,0.0013452168786898255,0.006459803320467472
4492,0.0013711954234167933,0.007078108377754688
4493,0.0013709244085475802,0.0066387839615345
4494,0.0013467147946357727,0.007043628487735987
4495,0.0013237418606877327,0.006795729510486126
4496,0.0013055296149104834,0.006680054124444723
4497,0.0013072339352220297,0.006839150097221136
4498,0.00132712721824646,0.006473698653280735
4499,0.0013636273797601461,0.007051629014313221
4500,0.0014145359164103866,0.006328590214252472
4501,0.0014315085718408227,0.007143720053136349
4502,0.001397042884491384,0.006702732294797897
4503,0.0013357792049646378,0.007016048766672611
4504,0.0013063497608527541,0.007145427167415619
4505,0.0013213969068601727,0.0066392794251441956
4506,0.0013539965730160475,0.0069969408214092255
4507,0.0013628436718136072,0.006393994204699993
4508,0.0013429460814222693,0.006707479245960712
4509,0.0013120886869728565,0.006749618798494339
4510,0.0013004235224798322,0.0067299059592187405
4511,0.0013086972758173943,0.007035465445369482
4512,0.0013331116642802954,0.00660213315859437
4513,0.0013487308751791716,0.0070813922211527824
4514,0.001331153092905879,0.0068013621494174
4515,0.0013092212611809373,0.0068687498569488525
4516,0.0013023229548707604,0.006902965717017651
4517,0.0013102375669404864,0.006541816052049398
4518,0.0013221025001257658,0.006773319095373154
4519,0.0013253504876047373,0.0064608268439769745
4520,0.0013171634636819363,0.006718585733324289
4521,0.0013049208791926503,0.00675727566704154
4522,0.0012974727433174849,0.006834006402641535
4523,0.0013007504167035222,0.007070677820593119
4524,0.0013237292878329754,0.006658046506345272
4525,0.001335450098849833,0.0070963697507977486
4526,0.001336869434453547,0.0066716717556118965
4527,0.0013187890872359276,0.006912585347890854
4528,0.001308982726186514,0.00671274121850729
4529,0.001299461699090898,0.006754046771675348
4530,0.001297404640354216,0.006963261868804693
4531,0.001308736391365528,0.006702532060444355
4532,0.0013282463187351823,0.007008989807218313
4533,0.0013510949211195111,0.0064012473449110985
4534,0.001356926979497075,0.006858969572931528
4535,0.0013333053793758154,0.006680777762085199
4536,0.0013030895497649908,0.006867225281894207
4537,0.0012981933541595936,0.007117775268852711
4538,0.0013142540119588375,0.006723226048052311
4539,0.001326394616626203,0.006979458034038544
4540,0.0013283893931657076,0.006492845714092255
4541,0.0013178172521293163,0.006713415030390024
4542,0.0013021327322348952,0.006719581782817841
4543,0.001292825909331441,0.006796243600547314
4544,0.0013034502044320107,0.00713556632399559
4545,0.0013278599362820387,0.006620040629059076
4546,0.0013507284456864,0.007134201470762491
4547,0.0013576836790889502,0.006606683135032654
4548,0.0013231865596026182,0.006854454521089792
4549,0.0012953684199601412,0.0068430183455348015
4550,0.0012928466312587261,0.006663764826953411
4551,0.0013204793212935328,0.007047982420772314
4552,0.0013653605710715055,0.006373818032443523
4553,0.0013887097593396902,0.007012902293354273
4554,0.0013621834805235267,0.006652838550508022
4555,0.00131139624863863,0.006900722626596689
4556,0.0012908310163766146,0.007098653819411993
4557,0.001309707062318921,0.006686861626803875
4558,0.0013474237639456987,0.007099346723407507
4559,0.0013884436339139938,0.006308067589998245
4560,0.0013870391994714737,0.006854497827589512
4561,0.0013310331851243973,0.006764858961105347
4562,0.0012899605790153146,0.006842999253422022
4563,0.001312117325142026,0.0072771767154335976
4564,0.0013356574345380068,0.00668256264179945
4565,0.0013313746312633157,0.0068474723957479
4566,0.0013275437522679567,0.006397923920303583
4567,0.0013130095321685076,0.006601349916309118
4568,0.0012944398913532495,0.006936070509254932
4569,0.0012969232629984617,0.006851853337138891
4570,0.0013321364531293511,0.007267843000590801
4571,0.001360989874228835,0.006475140806287527
4572,0.0013623025733977556,0.006821419112384319
4573,0.0013267851900309324,0.006560849957168102
4574,0.0012927250936627388,0.006617292761802673
4575,0.0012974801938980818,0.007102792616933584
4576,0.0013261463027447462,0.006710597313940525
4577,0.0013408365193754435,0.007051604799926281
4578,0.0013409588718786836,0.006459102965891361
4579,0.0013223264832049608,0.006665512919425964
4580,0.0012938452418893576,0.00686571653932333
4581,0.0012949265073984861,0.006737046875059605
4582,0.0013188810553401709,0.007247840519994497
4583,0.0013288769405335188,0.0067867012694478035
4584,0.0013090245192870498,0.006843975745141506
4585,0.001287313411012292,0.00671849399805069
4586,0.0012875190004706383,0.006532913539558649
4587,0.0012998880119994283,0.006901736371219158
4588,0.0013034794246777892,0.006739401258528233
4589,0.0012954628327861428,0.007010488770902157
4590,0.0012917584972456098,0.006933161523193121
4591,0.0012834221124649048,0.006785974837839603
4592,0.0012845685705542564,0.006840817630290985
4593,0.0012896967818960547,0.0066131362691521645
4594,0.0012937163701280951,0.0068084923550486565
4595,0.0013001577463001013,0.006575976498425007
4596,0.0012955504935234785,0.006894139107316732
4597,0.001284307800233364,0.006934985518455505
4598,0.0012796208029612899,0.006918295286595821
4599,0.0012842274736613035,0.006999265402555466
4600,0.0012855579843744636,0.006691629532724619
4601,0.0012881188886240125,0.006734791211783886
4602,0.0012947721406817436,0.006476824637502432
4603,0.0012933663092553616,0.006749910768121481
4604,0.0012822457356378436,0.00687223207205534
4605,0.0012779657263308764,0.0069147394970059395
4606,0.0012886341428384185,0.0070834653452038765
4607,0.0013066340470686555,0.006555255502462387
4608,0.0013144374825060368,0.006840887479484081
4609,0.0013075529132038355,0.0065297880209982395
4610,0.0012870630016550422,0.006694258190691471
4611,0.0012756453361362219,0.0068695200607180595
4612,0.0012904147151857615,0.006580536253750324
4613,0.0013207889860495925,0.007063407450914383
4614,0.0013626121217384934,0.006434279028326273
4615,0.001348170218989253,0.006904040928930044
4616,0.0012998851016163826,0.0068307900801301
4617,0.0012784483842551708,0.006755841430276632
4618,0.0013033172581344843,0.00720969308167696
4619,0.0013356974814087152,0.0065707736648619175
4620,0.0013345445040613413,0.006865700241178274
4621,0.0013280557468533516,0.006479687988758087
4622,0.0013008813839405775,0.006709245499223471
4623,0.0012836657697334886,0.007087311241775751
4624,0.0012966812355443835,0.00687071681022644
4625,0.0013152037281543016,0.0072106667794287205
4626,0.0013083928497508168,0.006722151301801205
4627,0.0012848622864112258,0.006636906415224075
4628,0.0012757398653775454,0.006658064667135477
4629,0.0012855569366365671,0.006488978862762451
4630,0.0012941964669153094,0.006944091059267521
4631,0.0013027969980612397,0.006761851254850626
4632,0.0012874973472207785,0.006909452378749847
4633,0.0012765128631144762,0.0068717775866389275
4634,0.001280322321690619,0.006608982570469379
4635,0.0012857981491833925,0.006756271235644817
4636,0.0012880380963906646,0.006656629033386707
4637,0.0012817997485399246,0.006894404999911785
4638,0.0012767533771693707,0.00699114054441452
4639,0.0012781855184584856,0.006783322896808386
4640,0.0012829102342948318,0.006922171451151371
4641,0.0012824699515476823,0.006758732255548239
4642,0.0012784624705091119,0.006821778602898121
4643,0.0012747731525450945,0.006833200342953205
4644,0.0012738716322928667,0.006715318653732538
4645,0.0012739456724375486,0.006796705070883036
4646,0.00127284019254148,0.006610814481973648
4647,0.0012742789695039392,0.006722850259393454
4648,0.0012731414753943682,0.006639847997575998
4649,0.0012777482625097036,0.00674601411446929
4650,0.001275771064683795,0.006649978458881378
4651,0.0012776604853570461,0.0069240787997841835
4652,0.0012849352788180113,0.006717996206134558
4653,0.0012890928192064166,0.0070143952034413815
4654,0.0012738308869302273,0.006902948021888733
4655,0.001267393585294485,0.00679708132520318
4656,0.0012698632199317217,0.00685060303658247
4657,0.0012747873552143574,0.006580005399882793
4658,0.0012773603666573763,0.006743213627487421
4659,0.0012741012033075094,0.006660630460828543
4660,0.0012679251376539469,0.006819496862590313
4661,0.0012640121858567,0.006937345955520868
4662,0.0012647999683395028,0.006857730448246002
4663,0.001266792300157249,0.006987677421420813
4664,0.0012731121387332678,0.0067721642553806305
4665,0.001270670210942626,0.006854222621768713
4666,0.0012651713332161307,0.006703993771225214
4667,0.0012626548996195197,0.006662184838205576
4668,0.0012641287175938487,0.006717243697494268
4669,0.001263004494830966,0.006765392608940601
4670,0.001262290054000914,0.006869353353977203
4671,0.0012660303618758917,0.006841233931481838
4672,0.0012658305931836367,0.006575949490070343
4673,0.0012755731586366892,0.00681217759847641
4674,0.0012827601749449968,0.006558199413120747
4675,0.0012795126531273127,0.006867700256407261
4676,0.0012711178278550506,0.006780496332794428
4677,0.0012689951108768582,0.006856703665107489
4678,0.0012639353517442942,0.006685064174234867
4679,0.001264303456991911,0.006801816634833813
4680,0.0012613267172127962,0.00679370854049921
4681,0.0012590393889695406,0.006872821599245071
4682,0.0012588304234668612,0.0068580387160182
4683,0.0012619632761925459,0.006771945394575596
4684,0.0012597159948199987,0.006596795283257961
4685,0.0012643763329833746,0.0067790597677230835
4686,0.0012645397800952196,0.006736462470144033
4687,0.0012604484800249338,0.006969557609409094
4688,0.0012661917135119438,0.006891167256981134
4689,0.0012570054968819022,0.0067121670581400394
4690,0.0012578542809933424,0.006667380221188068
4691,0.0012597732711583376,0.0067028021439909935
4692,0.0012585334479808807,0.006811127997934818
4693,0.0012558676535263658,0.006915811449289322
4694,0.0012573959538713098,0.006880226545035839
4695,0.0012577048037201166,0.0068207429721951485
4696,0.0012599264737218618,0.006524552591145039
4697,0.0012687111739069223,0.00675529520958662
4698,0.001271329470910132,0.006654608063399792
4699,0.0012667712289839983,0.007012526039034128
4700,0.0012656443286687136,0.006921113468706608
4701,0.0012589546386152506,0.006889754440635443
4702,0.001255437615327537,0.006856982596218586
4703,0.0012564606731757522,0.006668797228485346
4704,0.0012626696843653917,0.006846859119832516
4705,0.0012776105431839824,0.006542860064655542
4706,0.0012890312355011702,0.007006815169006586
4707,0.0012763866689056158,0.006802896969020367
4708,0.001285867765545845,0.007037182338535786
4709,0.0012846400495618582,0.00654643913730979
4710,0.0012863760348409414,0.0068955146707594395
4711,0.0012788312742486596,0.006679640617221594
4712,0.0012608171673491597,0.0069123441353440285
4713,0.0012536520371213555,0.007001630961894989
4714,0.00125685497187078,0.006844458635896444
4715,0.0012611986603587866,0.006869596894830465
4716,0.0012743457918986678,0.006430282257497311
4717,0.0012912623351439834,0.0068750991486012936
4718,0.0012923622271046042,0.006623214576393366
4719,0.0012763738632202148,0.007008078508079052
4720,0.001262645237147808,0.006963291671127081
4721,0.0012550614774227142,0.0068428972736001015
4722,0.0012547863880172372,0.006874999962747097
4723,0.0012617403408512473,0.006504704710096121
4724,0.0012723086401820183,0.0068168663419783115
4725,0.0012772437185049057,0.006556243635714054
4726,0.0012786317383870482,0.006928677670657635
4727,0.001283441437408328,0.0066059953533113
4728,0.001283780438825488,0.007097669877111912
4729,0.0012754729250445962,0.0068297735415399075
4730,0.0012605569791048765,0.007025687489658594
4731,0.0012527928920462728,0.006923179142177105
4732,0.0012473823735490441,0.006736203096807003
4733,0.0012492443202063441,0.006787276826798916
4734,0.001255161827430129,0.0066117942333221436
4735,0.0012559888418763876,0.006862366106361151
4736,0.0012531934771686792,0.006766407284885645
4737,0.0012564087519422174,0.006936527788639069
4738,0.0012584275100380182,0.006654807366430759
4739,0.0012643911177292466,0.006971161812543869
4740,0.0012621224159374833,0.006742809899151325
4741,0.00125641911290586,0.0069846510887146
4742,0.0012529956875368953,0.006846976466476917
4743,0.0012454245006665587,0.006776181515306234
4744,0.0012440313585102558,0.006636480800807476
4745,0.0012447710614651442,0.006696862168610096
4746,0.001243739970959723,0.006753312889486551
4747,0.0012413973454385996,0.006873474456369877
4748,0.0012476968113332987,0.0069090635515749454
4749,0.00124592415522784,0.006834281142801046
4750,0.0012449083151295781,0.0065367198549211025
4751,0.0012558879097923636,0.006809224374592304
4752,0.0012628443073481321,0.006613580044358969
4753,0.0012603971408680081,0.007022560574114323
4754,0.0012572829145938158,0.006819600705057383
4755,0.001264247577637434,0.006991316564381123
4756,0.0012679267674684525,0.006486103869974613
4757,0.001282985438592732,0.006846938282251358
4758,0.001268876949325204,0.006637907586991787
4759,0.0012496438575908542,0.00689654890447855
4760,0.0012421977007761598,0.007013858761638403
4761,0.0012477634008973837,0.006795719265937805
4762,0.0012423283187672496,0.006793682463467121
4763,0.0012532833497971296,0.006540688220411539
4764,0.0012605858501046896,0.006921669933944941
4765,0.0012618318432942033,0.006816743407398462
4766,0.0012516275746747851,0.007089442107826471
4767,0.001250352361239493,0.006847313139587641
4768,0.001251141307875514,0.006769642233848572
4769,0.0012479519937187433,0.006379835307598114
4770,0.0012587351957336068,0.006654771976172924
4771,0.001258439151570201,0.006604915019124746
4772,0.0012471287045627832,0.007029029540717602
4773,0.0012440324062481523,0.006998436059802771
4774,0.001243226695805788,0.006920076906681061
4775,0.0012386335292831063,0.00683474401012063
4776,0.0012410962954163551,0.00651206960901618
4777,0.0012516056885942817,0.006784296594560146
4778,0.001255022594705224,0.006636550184339285
4779,0.001256727147847414,0.007046360522508621
4780,0.0012659307103604078,0.006686328444629908
4781,0.0012729477602988482,0.00711789820343256
4782,0.0012924635084345937,0.006532739847898483
4783,0.0012978638987988234,0.007059376686811447
4784,0.0012829552870243788,0.006685901433229446
4785,0.0012585083022713661,0.00693927239626646
4786,0.0012422141153365374,0.0068103717640042305
4787,0.0012365654110908508,0.006632695440202951
4788,0.0012429151684045792,0.006852487567812204
4789,0.0012540279421955347,0.006537115667015314
4790,0.0012614676961675286,0.006975898984819651
4791,0.0012595655862241983,0.006717750336974859
4792,0.0012510742526501417,0.006996230687946081
4793,0.0012368494644761086,0.0068947733379900455
4794,0.001231595641002059,0.0067698718048632145
4795,0.001239037374034524,0.006944028194993734
4796,0.001261160708963871,0.0064912764355540276
4797,0.001288717845454812,0.0071225157007575035
4798,0.0013037994503974915,0.0066604530438780785
4799,0.0013006021035835147,0.007222371641546488
4800,0.0013122886884957552,0.006553388200700283
4801,0.0012979409657418728,0.00701094139367342
4802,0.001268527703359723,0.006712503731250763
4803,0.0012396586826071143,0.006837937980890274
4804,0.0012318018125370145,0.006961111910641193
4805,0.0012428646441549063,0.006597128696739674
4806,0.0012597556924447417,0.006949259899556637
4807,0.0012690250296145678,0.006519128568470478
4808,0.0012627372052520514,0.006908064242452383
4809,0.0012472581584006548,0.0067180306650698185
4810,0.0012324511772021651,0.0068687209859490395
4811,0.0012281241361051798,0.006885179318487644
4812,0.0012329863384366035,0.006597750820219517
4813,0.0012509409571066499,0.007022850215435028
4814,0.0012634063605219126,0.0066444845870137215
4815,0.0012611543061211705,0.007070525549352169
4816,0.00124917714856565,0.006783359684050083
4817,0.0012355747167021036,0.006838154047727585
4818,0.001222542254254222,0.0068636806681752205
4819,0.001227996195666492,0.006657726131379604
4820,0.0012505899649113417,0.007052339613437653
4821,0.0012844207230955362,0.006472864653915167
4822,0.001314596040174365,0.007186835166066885
4823,0.0013503844384104013,0.006515557412058115
4824,0.0013231250923126936,0.007176899816840887
4825,0.0012717220233753324,0.0069194636307656765
4826,0.0012311621103435755,0.006830483675003052
4827,0.001232931506820023,0.006943100597709417
4828,0.0012572293635457754,0.0063734231516718864
4829,0.0012793997302651405,0.006784012075513601
4830,0.001280905562452972,0.006413563154637814
4831,0.0012551015242934227,0.006860925815999508
4832,0.0012267421698197722,0.007017247378826141
4833,0.001223144237883389,0.006881554611027241
4834,0.0012338984524831176,0.007084397133439779
4835,0.0012641418725252151,0.0065358406864106655
4836,0.0012857457622885704,0.007120792753994465
4837,0.00127272994723171,0.0067505440674722195
4838,0.001243246835656464,0.006989174988120794
4839,0.0012258787173777819,0.006912890821695328
4840,0.0012240258511155844,0.006603599525988102
4841,0.0012352782068774104,0.006797681096941233
4842,0.001252983813174069,0.006406000815331936
4843,0.001252010464668274,0.0068277036771178246
4844,0.0012405680026859045,0.006707463413476944
4845,0.0012247886043041945,0.0069374339655041695
4846,0.0012193254660815,0.007036699913442135
4847,0.001226647524163127,0.006688969675451517
4848,0.0012445170432329178,0.007068724371492863
4849,0.00125562259927392,0.00665886839851737
4850,0.001245055696927011,0.00701445946469903
4851,0.001233195187523961,0.0068064117804169655
4852,0.0012225257232785225,0.0067659104242920876
4853,0.001215043244883418,0.006808512844145298
4854,0.0012208247790113091,0.0065979501232504845
4855,0.001227436470799148,0.0068677859380841255
4856,0.00124261318705976,0.006553767714649439
4857,0.0012433516094461083,0.007000387646257877
4858,0.0012295839842408895,0.0069030397571623325
4859,0.0012182800564914942,0.006916318088769913
4860,0.0012189288390800357,0.0069405511021614075
4861,0.0012418183032423258,0.006366686429828405
4862,0.0012782153207808733,0.006916739046573639
4863,0.0012864299351349473,0.006479556206613779
4864,0.0012571585830301046,0.006946181412786245
4865,0.0012277504429221153,0.0068968310952186584
4866,0.0012163042556494474,0.006835871376097202
4867,0.0012107455404475331,0.0068282210268080235
4868,0.0012170035624876618,0.006652100943028927
4869,0.0012181525817140937,0.0068999468348920345
4870,0.0012221084907650948,0.006760400719940662
4871,0.00121498538646847,0.006930024828761816
4872,0.0012111085234209895,0.00685772392898798
4873,0.0012106409994885325,0.006771324668079615
4874,0.0012079162988811731,0.006624006666243076
4875,0.001209485111758113,0.006713321898132563
4876,0.0012124895583838224,0.006716968957334757
4877,0.0012081207241863012,0.006871071644127369
4878,0.0012139992322772741,0.006670860107988119
4879,0.0012187050888314843,0.006930705159902573
4880,0.0012201101053506136,0.006693670991808176
4881,0.0012162629282101989,0.0068730623461306095
4882,0.0012112187687307596,0.0067709507420659065
4883,0.0012059122091159225,0.006801231298595667
4884,0.0012041522422805429,0.006846618838608265
4885,0.0012078911531716585,0.006677952595055103
4886,0.001210770569741726,0.006850660778582096
4887,0.0012277504429221153,0.006521893199533224
4888,0.0012376552913337946,0.007004094310104847
4889,0.0012329873861745,0.006771548185497522
4890,0.0012199783232063055,0.007021338678896427
4891,0.001211299211718142,0.0068912990391254425
4892,0.001202521612867713,0.006728170905262232
4893,0.0012056201230734587,0.006852208636701107
4894,0.0012174012372270226,0.00657088914886117
4895,0.001223064260557294,0.006883951835334301
4896,0.00124188675545156,0.0064817494712769985
4897,0.0012470254441723228,0.0070008039474487305
4898,0.0012618813198059797,0.006579493172466755
4899,0.0012492960086092353,0.007072672247886658
4900,0.0012297036591917276,0.0068283542059361935
4901,0.001211510505527258,0.006832784973084927
4902,0.001204558415338397,0.006766966078430414
4903,0.001208714907988906,0.00648853275924921
4904,0.0012193607399240136,0.00676331901922822
4905,0.0012249646242707968,0.006542901508510113
4906,0.0012212436413392425,0.006932294461876154
4907,0.0012126235524192452,0.006849054247140884
4908,0.0012058535357937217,0.006914746016263962
4909,0.00120350846555084,0.0067530060186982155
4910,0.0012067811330780387,0.006766718812286854
4911,0.0012010494247078896,0.0068395487032830715
4912,0.0012006377801299095,0.006756654474884272
4913,0.001213712734170258,0.006958763115108013
4914,0.0012296164641156793,0.0065019517205655575
4915,0.0012669414281845093,0.0071255480870604515
4916,0.0013319498393684626,0.006377409212291241
4917,0.001356277847662568,0.0073204622603952885
4918,0.0013268098700791597,0.006734859198331833
4919,0.0012589788530021906,0.007058808114379644
4920,0.0012107767397537827,0.006919844541698694
4921,0.0012072293320670724,0.006506974343210459
4922,0.0012362777488306165,0.006911365780979395
4923,0.0012652477016672492,0.0063864970579743385
4924,0.0012598889879882336,0.006934185512363911
4925,0.00122690515127033,0.006804195698350668
4926,0.0012010416248813272,0.006900085601955652
4927,0.0012023656163364649,0.0070384046994149685
4928,0.0012206498067826033,0.006511600222438574
4929,0.001247789477929473,0.007011326961219311
4930,0.0012514933478087187,0.006610766984522343
4931,0.0012295667547732592,0.007019306067377329
4932,0.0012065994087606668,0.006913410034030676
4933,0.0012012205552309752,0.006808097008615732
4934,0.0011931995395570993,0.006713747046887875
4935,0.001194660202600062,0.006648126058280468
4936,0.001199069432914257,0.006746378727257252
4937,0.0011927301529794931,0.006837038788944483
4938,0.0011924218852072954,0.006866336800158024
4939,0.0011940214317291975,0.006911850068718195
4940,0.0011946165468543768,0.0067724077962338924
4941,0.0011937129311263561,0.006768713239580393
4942,0.0011982090072706342,0.006561963818967342
4943,0.001203256077133119,0.006837480701506138
4944,0.0011981023708358407,0.006819537375122309
4945,0.0011920265387743711,0.006996686104685068
4946,0.001198811223730445,0.006913997232913971
4947,0.0011897251242771745,0.006759006530046463
4948,0.0011883931001648307,0.006709925830364227
4949,0.0011903676204383373,0.006601105444133282
4950,0.0011952512431889772,0.006763331592082977
4951,0.0012032205704599619,0.0065550655126571655
4952,0.0012117496225982904,0.007020454853773117
4953,0.001241958700120449,0.006615533027797937
4954,0.001241401769220829,0.007184894289821386
4955,0.0012291993480175734,0.006789368577301502
4956,0.0012072559911757708,0.006908415351063013
4957,0.001190956449136138,0.006765617523342371
4958,0.0011878109071403742,0.006550528109073639
4959,0.0011959432158619165,0.00679816072806716
4960,0.0012061463203281164,0.006536148488521576
4961,0.0012064541224390268,0.00690855598077178
4962,0.0012027930933982134,0.006689333822578192
4963,0.0011938945390284061,0.006860712077468634
4964,0.0011953620705753565,0.00662218127399683
4965,0.0011986424215137959,0.006841867230832577
4966,0.001188176916912198,0.006841490976512432
4967,0.001183059997856617,0.006887522526085377
4968,0.0011844116961583495,0.006936916150152683
4969,0.0011910769389942288,0.006583978421986103
4970,0.0012036038096994162,0.006817220710217953
4971,0.0011990186758339405,0.0065834918059408665
4972,0.0011894914787262678,0.006773767527192831
4973,0.0011843605898320675,0.006822247989475727
4974,0.001184342079795897,0.006660529412329197
4975,0.0011976490495726466,0.007037125527858734
4976,0.0012112266849726439,0.0066643268801271915
4977,0.0012111434480175376,0.007036635186523199
4978,0.0012001274153590202,0.0067378319799900055
4979,0.0011851649032905698,0.006823364645242691
4980,0.0011826043482869864,0.0068090991117060184
4981,0.0011770467972382903,0.006690515670925379
4982,0.0011875249911099672,0.00684767309576273
4983,0.0012027561897411942,0.006479253061115742
4984,0.0012206330429762602,0.007062087766826153
4985,0.0012240036157891154,0.0067266239784657955
4986,0.0012079407460987568,0.007126895245164633
4987,0.0011957455426454544,0.006867589894682169
4988,0.0011843786342069507,0.006787835620343685
4989,0.0011805935064330697,0.006542309187352657
4990,0.0011839306680485606,0.006681120488792658
4991,0.00117786496412009,0.006774647627025843
4992,0.0011759005719795823,0.006837459746748209
4993,0.0011785757960751653,0.006879820488393307
4994,0.0011833908502012491,0.006545673124492168
4995,0.0011948266765102744,0.006851413287222385
4996,0.0012018708512187004,0.006721279583871365
4997,0.001261899247765541,0.007537619210779667
4998,0.0013527714181691408,0.006431696470826864
4999,0.0014229189837351441,0.007331949658691883
